Station_ID,City,Charger_Type,Vehicle_Type,Energy_Consumed_kWh,Grid_Load_kW,Station_Status,Date,year,month,day,day_of_year
EV10001,Chennai,Level 2,Bus,194.04,421.4644331029883,Active,2025-10-13,2025,10,13,286
EV10002,Hyderabad,Level 2,Bus,160.28,418.49243027339423,Inactive,2025-01-07,2025,1,7,7
EV10003,Delhi,Level 2,Bus,242.17,478.9437710443371,Active,2025-07-18,2025,7,18,199
EV10004,Chennai,Level 2,Bike,75.95,355.1708448946623,Inactive,2025-04-01,2025,4,1,91
EV10005,Trivandrum,Super Fast,Bus,117.49,119.72990213106961,Active,2025-05-27,2025,5,27,147
EV10006,Mumbai,Level 2,Car,34.47,29.734551149398794,Active,2025-05-30,2025,5,30,150
EV10007,Delhi,Fast,Bus,168.58,250.11958334100893,Active,2025-02-21,2025,2,21,52
EV10008,Delhi,Level 2,Car,96.12,266.5778554988267,Active,2025-08-31,2025,8,31,243
EV10009,Chennai,Super Fast,Bus,107.13,135.3260405594871,Inactive,2025-08-07,2025,8,7,219
EV10010,Calicut,Level 2,Bus,49.21,79.85477461932953,Active,2025-01-06,2025,1,6,6
EV10011,Trivandrum,Fast,Car,122.75,301.3799197714443,Active,2025-04-19,2025,4,19,109
EV10012,Chennai,Super Fast,Bus,250.0,386.8427235315878,Inactive,2025-12-17,2025,12,17,351
EV10013,Trivandrum,Super Fast,Bus,250.0,496.71396972327705,Active,2025-03-07,2025,3,7,66
EV10014,Trivandrum,Fast,Bus,228.55,383.9852562610489,Active,2025-01-10,2025,1,10,10
EV10015,Mumbai,Fast,Bike,132.05,400.94355884267884,Active,2025-07-21,2025,7,21,202
EV10016,Delhi,Fast,Car,137.14,315.90122154982276,Active,2025-10-09,2025,10,9,282
EV10017,Hyderabad,Fast,Bus,250.0,493.2428763056085,Active,2025-08-02,2025,8,2,214
EV10018,Mumbai,Fast,Car,123.52,327.1790648549938,Inactive,2025-03-09,2025,3,9,68
EV10019,Mumbai,Super Fast,Car,250.0,432.9215774718581,Active,2025-09-04,2025,9,4,247
EV10020,Trivandrum,Super Fast,Car,250.0,473.97663019565874,Active,2025-12-20,2025,12,20,354
EV10021,Bangalore,Level 2,Bus,218.56,466.33208024026925,Active,2025-11-23,2025,11,23,327
EV10022,Delhi,Level 2,Bus,96.98,203.07936501601114,Active,2025-02-19,2025,2,19,50
EV10023,Calicut,DC Fast,Car,33.55,57.75778799084415,Active,2025-01-17,2025,1,17,17
EV10024,Mumbai,Level 2,Bike,25.02,102.49937721883848,Active,2025-01-11,2025,1,11,11
EV10025,Hyderabad,Level 2,Car,38.17,48.42718659037159,Inactive,2025-11-05,2025,11,5,309
EV10026,Bangalore,Fast,Bike,28.13,70.59052871798721,Active,2025-11-02,2025,11,2,306
EV10027,Bangalore,Fast,Car,68.03,108.63259802897487,Active,2025-05-04,2025,5,4,124
EV10028,Calicut,Level 2,Car,70.17,183.72527196195284,Active,2025-08-13,2025,8,13,225
EV10029,Mumbai,DC Fast,Car,140.9,280.8990303560364,Inactive,2025-09-01,2025,9,1,244
EV10030,Hyderabad,Fast,Bus,223.11,361.6073884904413,Active,2025-11-14,2025,11,14,318
EV10031,Delhi,Level 2,Bike,45.2,121.24512133112573,Active,2025-11-28,2025,11,28,332
EV10032,Kochi,Level 2,Bike,74.97,342.8107540343069,Active,2025-12-12,2025,12,12,346
EV10033,Hyderabad,Super Fast,Car,213.98,358.04435576116146,Active,2025-01-29,2025,1,29,29
EV10034,Calicut,DC Fast,Bus,192.3,288.1387216957709,Active,2025-12-24,2025,12,24,358
EV10035,Bangalore,Super Fast,Bus,250.0,453.7365775033811,Inactive,2025-12-23,2025,12,23,357
EV10036,Delhi,DC Fast,Bike,47.1,73.27751068246911,Active,2025-12-31,2025,12,31,365
EV10037,Hyderabad,Fast,Bus,80.63,105.01829964916135,Active,2025-10-12,2025,10,12,285
EV10038,Kochi,DC Fast,Bike,73.22,225.7591157069527,Active,2025-02-28,2025,2,28,59
EV10039,Kochi,Level 2,Bike,28.13,80.82211291243466,Active,2025-05-23,2025,5,23,143
EV10040,Trivandrum,Level 2,Bike,68.54,291.82214898756195,Active,2025-11-22,2025,11,22,326
EV10041,Trivandrum,DC Fast,Bus,133.56,211.2322239725237,Inactive,2025-12-18,2025,12,18,352
EV10042,Chennai,DC Fast,Bike,53.37,156.60598137724085,Inactive,2025-10-27,2025,10,27,300
EV10043,Calicut,DC Fast,Bike,29.12,101.59511024846589,Inactive,2025-08-14,2025,8,14,226
EV10044,Mumbai,Super Fast,Car,101.27,180.96235440714094,Inactive,2025-06-13,2025,6,13,164
EV10045,Hyderabad,DC Fast,Bike,102.22,311.82048839952415,Active,2025-03-25,2025,3,25,84
EV10046,Hyderabad,Fast,Bike,88.58,296.37690122691754,Active,2025-11-09,2025,11,9,313
EV10047,Mumbai,Super Fast,Car,97.26,98.53952010091223,Active,2025-04-27,2025,4,27,117
EV10048,Chennai,Super Fast,Car,65.76,79.96150915550403,Active,2025-11-16,2025,11,16,320
EV10049,Bangalore,DC Fast,Bus,48.62,32.80484605225881,Inactive,2025-07-23,2025,7,23,204
EV10050,Bangalore,Fast,Bike,19.41,25.964285021087488,Inactive,2025-12-21,2025,12,21,355
EV10051,Chennai,Super Fast,Bus,250.0,442.3090091454489,Inactive,2025-10-21,2025,10,21,294
EV10052,Bangalore,Level 2,Bus,48.19,41.64265088258716,Active,2025-05-25,2025,5,25,145
EV10053,Trivandrum,Super Fast,Car,198.23,370.9861327391582,Active,2025-01-27,2025,1,27,27
EV10054,Hyderabad,DC Fast,Bus,250.0,438.55284619757936,Active,2025-01-17,2025,1,17,17
EV10055,Chennai,Fast,Bike,40.18,67.06776730997964,Active,2025-03-04,2025,3,4,63
EV10056,Hyderabad,DC Fast,Car,125.41,229.42468343984845,Active,2025-09-24,2025,9,24,267
EV10057,Mumbai,Level 2,Bike,105.02,481.90543192365277,Active,2025-03-05,2025,3,5,64
EV10058,Kochi,Level 2,Bike,68.87,420.38655705132084,Inactive,2025-02-08,2025,2,8,39
EV10059,Trivandrum,Level 2,Car,78.76,255.05793529177043,Inactive,2025-05-10,2025,5,10,130
EV10060,Delhi,DC Fast,Bike,119.31,386.03413413994537,Active,2025-04-25,2025,4,25,115
EV10061,Trivandrum,Super Fast,Car,237.1,420.02125972719864,Active,2025-02-14,2025,2,14,45
EV10062,Chennai,DC Fast,Bike,76.72,187.05294233058527,Active,2025-08-04,2025,8,4,216
EV10063,Delhi,Fast,Car,197.52,448.23340009758124,Active,2025-03-29,2025,3,29,88
EV10064,Kochi,Super Fast,Bus,152.07,245.82719344503525,Inactive,2025-12-02,2025,12,2,336
EV10065,Chennai,Level 2,Bike,62.4,273.34753450823837,Active,2025-06-26,2025,6,26,177
EV10066,Calicut,DC Fast,Car,218.45,499.8596661544789,Active,2025-09-22,2025,9,22,265
EV10067,Hyderabad,Level 2,Bike,84.98,424.78542375303743,Active,2025-04-15,2025,4,15,105
EV10068,Kochi,Level 2,Bike,50.74,193.6496027710304,Active,2025-11-30,2025,11,30,334
EV10069,Hyderabad,Fast,Bike,25.99,24.965886306895975,Inactive,2025-10-28,2025,10,28,301
EV10070,Bangalore,Super Fast,Car,205.55,320.56355542106945,Active,2025-06-20,2025,6,20,171
EV10071,Calicut,Fast,Bus,161.47,357.8784445414918,Inactive,2025-04-18,2025,4,18,108
EV10072,Calicut,Fast,Bus,186.67,332.38529126882224,Active,2025-12-21,2025,12,21,355
EV10073,Kochi,Fast,Bus,219.11,484.5739285583423,Inactive,2025-06-10,2025,6,10,161
EV10074,Calicut,Level 2,Car,124.47,434.22609311942927,Active,2025-10-10,2025,10,10,283
EV10075,Delhi,Fast,Bus,167.78,235.4392127267113,Active,2025-02-09,2025,2,9,40
EV10076,Calicut,Fast,Car,34.81,50.17159398674286,Active,2025-01-26,2025,1,26,26
EV10077,Hyderabad,Super Fast,Bike,106.98,248.50820936095852,Active,2025-03-24,2025,3,24,83
EV10078,Hyderabad,Super Fast,Bike,110.39,350.8371295817711,Inactive,2025-06-22,2025,6,22,173
EV10079,Chennai,Fast,Bus,187.58,311.7007079489622,Active,2025-06-22,2025,6,22,173
EV10080,Hyderabad,Super Fast,Car,134.46,278.30579250122474,Inactive,2025-10-09,2025,10,9,282
EV10081,Chennai,Super Fast,Bike,117.15,245.03309984731584,Active,2025-03-11,2025,3,11,70
EV10082,Hyderabad,Fast,Car,68.79,161.00569905314543,Inactive,2025-11-19,2025,11,19,323
EV10083,Delhi,Level 2,Car,53.3,153.12644562782202,Active,2025-01-06,2025,1,6,6
EV10084,Mumbai,Fast,Bike,62.46,260.1111098843849,Inactive,2025-10-11,2025,10,11,284
EV10085,Chennai,Super Fast,Car,55.4,97.08951028623153,Inactive,2025-07-14,2025,7,14,195
EV10086,Trivandrum,Level 2,Bike,43.2,183.52900331590476,Active,2025-01-13,2025,1,13,13
EV10087,Bangalore,DC Fast,Bike,60.74,175.5100518608478,Active,2025-03-04,2025,3,4,63
EV10088,Kochi,Level 2,Bike,79.24,301.82374476041645,Active,2025-01-13,2025,1,13,13
EV10089,Hyderabad,Super Fast,Car,53.35,52.0075041742518,Active,2025-09-06,2025,9,6,249
EV10090,Calicut,Level 2,Bike,80.98,418.24096652724563,Active,2025-07-24,2025,7,24,205
EV10091,Mumbai,Fast,Car,135.05,289.941622584513,Active,2025-09-10,2025,9,10,253
EV10092,Hyderabad,DC Fast,Bike,94.55,341.99680677244896,Inactive,2025-02-09,2025,2,9,40
EV10093,Calicut,DC Fast,Bike,102.71,357.48507380452776,Inactive,2025-06-14,2025,6,14,165
EV10094,Bangalore,DC Fast,Bus,103.35,159.91238568441753,Inactive,2025-01-31,2025,1,31,31
EV10095,Bangalore,Super Fast,Bus,209.71,245.77835234473594,Active,2025-01-17,2025,1,17,17
EV10096,Bangalore,Super Fast,Bus,250.0,478.99805881744027,Inactive,2025-05-17,2025,5,17,137
EV10097,Calicut,DC Fast,Car,182.88,388.01851423847114,Active,2025-12-31,2025,12,31,365
EV10098,Hyderabad,Level 2,Car,171.77,485.38730010712897,Active,2025-11-16,2025,11,16,320
EV10099,Bangalore,DC Fast,Bike,123.93,378.20208567021837,Active,2025-11-09,2025,11,9,313
EV10100,Delhi,Level 2,Bike,32.38,104.28806706008835,Inactive,2025-06-14,2025,6,14,165
EV10101,Chennai,Level 2,Bike,43.04,50.97722424544459,Inactive,2025-10-08,2025,10,8,281
EV10102,Calicut,Super Fast,Bike,107.79,297.27748962543853,Active,2025-08-11,2025,8,11,223
EV10103,Calicut,Level 2,Car,57.57,191.7503742572526,Inactive,2025-05-02,2025,5,2,122
EV10104,Hyderabad,DC Fast,Bike,66.22,152.2197968663217,Active,2025-03-19,2025,3,19,78
EV10105,Calicut,Super Fast,Bike,107.56,407.4612782842004,Inactive,2025-11-09,2025,11,9,313
EV10106,Calicut,Fast,Bus,120.24,196.15676819933472,Active,2025-11-23,2025,11,23,327
EV10107,Bangalore,Fast,Bike,62.77,172.1604654724659,Active,2025-03-29,2025,3,29,88
EV10108,Hyderabad,Super Fast,Bike,165.09,427.99404472112496,Active,2025-04-23,2025,4,23,113
EV10109,Bangalore,DC Fast,Bike,132.42,426.21792151350087,Active,2025-04-10,2025,4,10,100
EV10110,Chennai,Fast,Car,95.06,191.05598612242719,Active,2025-10-30,2025,10,30,303
EV10111,Mumbai,Fast,Bus,250.0,419.5993764732638,Active,2025-08-27,2025,8,27,239
EV10112,Chennai,Level 2,Bike,107.87,428.37367535967707,Active,2025-12-12,2025,12,12,346
EV10113,Mumbai,Level 2,Bike,49.87,223.4866568142398,Inactive,2025-04-21,2025,4,21,111
EV10114,Bangalore,DC Fast,Bus,36.06,51.907102500402345,Inactive,2025-03-31,2025,3,31,90
EV10115,Chennai,Super Fast,Bike,48.81,20.76062934384325,Active,2025-05-19,2025,5,19,139
EV10116,Hyderabad,DC Fast,Car,116.06,271.18038218671757,Inactive,2025-05-15,2025,5,15,135
EV10117,Kochi,Super Fast,Bike,75.2,185.15623681777075,Active,2025-01-12,2025,1,12,12
EV10118,Bangalore,Fast,Car,162.81,498.62330919601567,Inactive,2025-09-01,2025,9,1,244
EV10119,Mumbai,Level 2,Car,140.61,390.7572798210964,Active,2025-07-01,2025,7,1,182
EV10120,Delhi,DC Fast,Bike,145.07,385.412219048198,Active,2025-07-14,2025,7,14,195
EV10121,Mumbai,DC Fast,Bus,250.0,478.516528777925,Active,2025-12-28,2025,12,28,362
EV10122,Delhi,Super Fast,Car,207.5,446.107710988794,Inactive,2025-05-02,2025,5,2,122
EV10123,Calicut,Super Fast,Bus,134.5,172.7299901390666,Active,2025-02-22,2025,2,22,53
EV10124,Chennai,DC Fast,Bike,49.05,99.67386636986065,Inactive,2025-12-22,2025,12,22,356
EV10125,Delhi,Super Fast,Car,238.11,378.0282872314315,Active,2025-06-22,2025,6,22,173
EV10126,Mumbai,DC Fast,Bike,76.05,201.57146896777905,Active,2025-06-28,2025,6,28,179
EV10127,Calicut,DC Fast,Bus,171.08,247.1228727828591,Active,2025-10-20,2025,10,20,293
EV10128,Kochi,DC Fast,Bike,75.45,322.5909110119169,Inactive,2025-02-28,2025,2,28,59
EV10129,Hyderabad,Fast,Bike,114.83,455.7788849289155,Active,2025-02-23,2025,2,23,54
EV10130,Hyderabad,Super Fast,Car,95.42,221.16212176206366,Inactive,2025-09-14,2025,9,14,257
EV10131,Hyderabad,Level 2,Bike,96.01,395.9921073052935,Active,2025-09-02,2025,9,2,245
EV10132,Delhi,Level 2,Bike,40.72,148.80309981183558,Inactive,2025-05-29,2025,5,29,149
EV10133,Kochi,Super Fast,Bike,124.41,355.02645964333453,Active,2025-10-11,2025,10,11,284
EV10134,Delhi,DC Fast,Car,10.0,20.758122117397697,Active,2025-01-16,2025,1,16,16
EV10135,Chennai,Level 2,Bus,206.0,438.3234624755047,Active,2025-06-25,2025,6,25,176
EV10136,Delhi,Level 2,Bus,40.07,34.582198378141996,Active,2025-01-28,2025,1,28,28
EV10137,Kochi,Super Fast,Bike,109.75,362.1218022860404,Active,2025-05-09,2025,5,9,129
EV10138,Kochi,Level 2,Car,29.22,42.20393084541627,Inactive,2025-08-11,2025,8,11,223
EV10139,Chennai,DC Fast,Bike,59.69,147.79793570912165,Active,2025-09-01,2025,9,1,244
EV10140,Kochi,Super Fast,Bus,206.39,258.6571537071455,Active,2025-12-20,2025,12,20,354
EV10141,Mumbai,DC Fast,Car,140.27,221.57056896715434,Active,2025-08-26,2025,8,26,238
EV10142,Kochi,Level 2,Bus,72.67,112.08133500848507,Active,2025-08-20,2025,8,20,232
EV10143,Hyderabad,Level 2,Bus,124.6,180.23115762043395,Active,2025-11-22,2025,11,22,326
EV10144,Mumbai,DC Fast,Car,193.32,369.2990576292642,Active,2025-04-02,2025,4,2,92
EV10145,Mumbai,Fast,Car,136.18,341.24340443823115,Inactive,2025-01-03,2025,1,3,3
EV10146,Chennai,Level 2,Bike,41.26,54.471000206679534,Active,2025-03-22,2025,3,22,81
EV10147,Trivandrum,Fast,Bike,81.27,378.7115962749854,Inactive,2025-02-13,2025,2,13,44
EV10148,Trivandrum,Level 2,Bus,52.33,45.462022974573614,Active,2025-06-04,2025,6,4,155
EV10149,Kochi,Fast,Car,121.13,280.6046667678965,Active,2025-01-24,2025,1,24,24
EV10150,Mumbai,Fast,Car,65.84,144.83011906025152,Active,2025-04-09,2025,4,9,99
EV10151,Trivandrum,Fast,Bike,63.0,302.09126122871305,Inactive,2025-06-20,2025,6,20,171
EV10152,Trivandrum,DC Fast,Bus,111.56,145.43763005163288,Active,2025-05-28,2025,5,28,148
EV10153,Kochi,Fast,Bus,226.26,492.7798254203989,Inactive,2025-05-03,2025,5,3,123
EV10154,Trivandrum,Fast,Bike,67.1,168.6695281892153,Active,2025-04-22,2025,4,22,112
EV10155,Delhi,Fast,Car,63.12,136.14110512375808,Inactive,2025-05-10,2025,5,10,130
EV10156,Calicut,Level 2,Bike,52.59,153.6633396393661,Active,2025-03-09,2025,3,9,68
EV10157,Chennai,Fast,Bike,122.99,450.30697148446177,Active,2025-12-13,2025,12,13,347
EV10158,Calicut,Level 2,Bike,68.78,325.3850377612855,Active,2025-11-12,2025,11,12,316
EV10159,Kochi,Fast,Bike,95.52,370.72836676197267,Active,2025-08-05,2025,8,5,217
EV10160,Hyderabad,Fast,Car,205.2,460.6450448452882,Active,2025-04-06,2025,4,6,96
EV10161,Chennai,DC Fast,Bike,145.6,457.6987927256036,Active,2025-05-25,2025,5,25,145
EV10162,Kochi,Level 2,Car,92.83,374.6940063577892,Inactive,2025-02-02,2025,2,2,33
EV10163,Mumbai,Fast,Bike,51.14,114.95572584383498,Active,2025-10-13,2025,10,13,286
EV10164,Hyderabad,Level 2,Bus,200.34,424.8191939240026,Active,2025-01-05,2025,1,5,5
EV10165,Calicut,Level 2,Car,45.28,117.81249641171058,Active,2025-04-28,2025,4,28,118
EV10166,Kochi,Super Fast,Bus,250.0,376.59143076724735,Active,2025-05-20,2025,5,20,140
EV10167,Mumbai,DC Fast,Bike,122.53,349.08947194153967,Active,2025-08-18,2025,8,18,230
EV10168,Chennai,DC Fast,Bike,141.66,384.2666480674144,Active,2025-06-09,2025,6,9,160
EV10169,Chennai,DC Fast,Bike,85.91,275.6891267426315,Inactive,2025-10-21,2025,10,21,294
EV10170,Bangalore,Super Fast,Car,193.11,326.5885674796254,Active,2025-09-06,2025,9,6,249
EV10171,Mumbai,Super Fast,Bus,250.0,477.5936386084426,Active,2025-09-30,2025,9,30,273
EV10172,Delhi,DC Fast,Car,43.17,68.52252520362315,Active,2025-07-05,2025,7,5,186
EV10173,Trivandrum,Super Fast,Car,111.41,168.2466918951776,Active,2025-12-31,2025,12,31,365
EV10174,Hyderabad,Super Fast,Bike,114.52,313.45136628722355,Active,2025-02-09,2025,2,9,40
EV10175,Mumbai,Super Fast,Bus,250.0,482.7459824631149,Active,2025-08-12,2025,8,12,224
EV10176,Bangalore,DC Fast,Bike,25.38,65.87573487804855,Active,2025-06-01,2025,6,1,152
EV10177,Trivandrum,DC Fast,Car,24.76,30.823626334441485,Active,2025-05-20,2025,5,20,140
EV10178,Trivandrum,DC Fast,Bike,32.59,46.759807265757445,Inactive,2025-05-08,2025,5,8,128
EV10179,Kochi,Super Fast,Bus,52.53,45.15472950137543,Active,2025-12-17,2025,12,17,351
EV10180,Trivandrum,DC Fast,Bike,148.13,455.7516117331541,Active,2025-05-27,2025,5,27,147
EV10181,Delhi,Super Fast,Bus,250.0,366.20379580823584,Active,2025-10-12,2025,10,12,285
EV10182,Chennai,Fast,Bus,213.03,345.01105577421356,Active,2025-08-06,2025,8,6,218
EV10183,Bangalore,Super Fast,Bike,105.32,270.8349537256686,Inactive,2025-08-08,2025,8,8,220
EV10184,Trivandrum,Level 2,Car,126.24,395.3372561466329,Active,2025-05-25,2025,5,25,145
EV10185,Kochi,DC Fast,Bike,45.66,94.71103652556359,Active,2025-11-25,2025,11,25,329
EV10186,Delhi,DC Fast,Car,95.17,208.13177109844995,Inactive,2025-10-04,2025,10,4,277
EV10187,Calicut,Level 2,Car,81.84,255.2020403668849,Active,2025-08-30,2025,8,30,242
EV10188,Chennai,Super Fast,Bike,42.34,72.9965588848286,Inactive,2025-03-01,2025,3,1,60
EV10189,Chennai,Fast,Car,92.2,221.36658048200815,Inactive,2025-04-08,2025,4,8,98
EV10190,Bangalore,Level 2,Car,71.49,171.92085404605777,Active,2025-11-27,2025,11,27,331
EV10191,Chennai,Level 2,Bike,24.23,37.079429980862066,Active,2025-06-30,2025,6,30,181
EV10192,Trivandrum,Super Fast,Bike,47.48,85.63299331003292,Active,2025-04-24,2025,4,24,114
EV10193,Kochi,DC Fast,Bike,111.57,386.7376751203865,Active,2025-04-13,2025,4,13,103
EV10194,Chennai,Super Fast,Car,33.44,28.65819656222934,Active,2025-12-02,2025,12,2,336
EV10195,Chennai,Level 2,Bus,221.86,468.4415835662533,Active,2025-11-15,2025,11,15,319
EV10196,Calicut,Level 2,Car,40.16,61.48382357467396,Inactive,2025-02-26,2025,2,26,57
EV10197,Calicut,DC Fast,Bus,250.0,403.6342852176599,Active,2025-10-12,2025,10,12,285
EV10198,Hyderabad,DC Fast,Bike,143.69,451.335939652866,Active,2025-05-09,2025,5,9,129
EV10199,Delhi,DC Fast,Bus,250.0,471.74508072821465,Active,2025-11-11,2025,11,11,315
EV10200,Trivandrum,Super Fast,Bike,124.22,436.38897127806683,Inactive,2025-03-27,2025,3,27,86
EV10201,Chennai,DC Fast,Bike,71.01,158.02401892421275,Active,2025-07-19,2025,7,19,200
EV10202,Mumbai,Level 2,Bus,99.29,179.88182304246897,Active,2025-03-12,2025,3,12,71
EV10203,Chennai,Level 2,Bike,49.81,224.74193533283648,Inactive,2025-12-11,2025,12,11,345
EV10204,Kochi,Fast,Bus,46.59,86.86241091540839,Inactive,2025-04-08,2025,4,8,98
EV10205,Hyderabad,Super Fast,Bike,23.45,30.690778432267454,Inactive,2025-10-27,2025,10,27,300
EV10206,Delhi,Fast,Car,148.38,437.1783748548966,Inactive,2025-06-25,2025,6,25,176
EV10207,Mumbai,Level 2,Car,110.81,285.98178378101903,Active,2025-08-21,2025,8,21,233
EV10208,Hyderabad,Fast,Bike,95.06,312.1870122455438,Active,2025-03-16,2025,3,16,75
EV10209,Bangalore,Level 2,Bike,104.71,464.95446791254176,Active,2025-05-23,2025,5,23,143
EV10210,Delhi,Fast,Bus,228.04,339.2576854945355,Active,2025-01-23,2025,1,23,23
EV10211,Chennai,DC Fast,Car,182.2,351.60968208311044,Active,2025-06-30,2025,6,30,181
EV10212,Chennai,Fast,Bus,233.31,397.74495124963624,Active,2025-02-14,2025,2,14,45
EV10213,Delhi,DC Fast,Bike,31.28,75.84725593155382,Inactive,2025-04-02,2025,4,2,92
EV10214,Chennai,DC Fast,Bike,54.54,192.87783354261992,Active,2025-09-26,2025,9,26,269
EV10215,Trivandrum,Super Fast,Bus,250.0,484.7398052976158,Active,2025-02-03,2025,2,3,34
EV10216,Delhi,DC Fast,Bike,147.21,463.00643748829117,Active,2025-06-15,2025,6,15,166
EV10217,Hyderabad,DC Fast,Car,183.92,444.3561422288887,Inactive,2025-03-11,2025,3,11,70
EV10218,Delhi,Fast,Bus,182.77,237.00248496270677,Active,2025-12-30,2025,12,30,364
EV10219,Mumbai,Level 2,Car,159.9,431.45261772166674,Active,2025-07-15,2025,7,15,196
EV10220,Chennai,Super Fast,Car,55.11,43.230023333967495,Active,2025-05-13,2025,5,13,133
EV10221,Trivandrum,DC Fast,Car,66.83,91.28836364341637,Active,2025-09-04,2025,9,4,247
EV10222,Trivandrum,Super Fast,Bus,187.98,218.70449527234598,Active,2025-06-17,2025,6,17,168
EV10223,Bangalore,Fast,Bike,67.34,252.02819200742067,Inactive,2025-10-04,2025,10,4,277
EV10224,Hyderabad,DC Fast,Car,81.06,146.48343369001128,Inactive,2025-06-05,2025,6,5,156
EV10225,Calicut,Fast,Car,72.82,191.10880200693796,Inactive,2025-01-23,2025,1,23,23
EV10226,Calicut,Super Fast,Car,63.38,98.13252849217702,Active,2025-07-19,2025,7,19,200
EV10227,Delhi,Fast,Bike,80.64,254.78433522363545,Inactive,2025-10-02,2025,10,2,275
EV10228,Bangalore,Super Fast,Bike,129.2,401.04478057657343,Inactive,2025-02-19,2025,2,19,50
EV10229,Kochi,Fast,Bus,150.33,337.4529889574267,Inactive,2025-07-05,2025,7,5,186
EV10230,Delhi,Super Fast,Bike,42.81,71.74027873545981,Active,2025-01-20,2025,1,20,20
EV10231,Bangalore,Level 2,Bus,110.03,254.03916963042371,Inactive,2025-04-26,2025,4,26,116
EV10232,Hyderabad,Fast,Bus,221.7,354.87026373426795,Active,2025-04-02,2025,4,2,92
EV10233,Hyderabad,Fast,Bus,143.67,274.34974234589174,Inactive,2025-12-15,2025,12,15,349
EV10234,Hyderabad,Level 2,Bus,106.75,208.0042863370635,Active,2025-12-05,2025,12,5,339
EV10235,Hyderabad,Level 2,Bus,143.68,318.51892221626156,Active,2025-02-22,2025,2,22,53
EV10236,Hyderabad,Fast,Car,153.66,484.94655934413225,Inactive,2025-05-03,2025,5,3,123
EV10237,Bangalore,Level 2,Bike,26.34,65.55579668771743,Active,2025-12-07,2025,12,7,341
EV10238,Bangalore,DC Fast,Car,114.27,207.20770915882912,Active,2025-12-04,2025,12,4,338
EV10239,Trivandrum,Super Fast,Bus,142.13,215.1708094621259,Inactive,2025-09-22,2025,9,22,265
EV10240,Mumbai,Super Fast,Bike,94.22,296.9443090248181,Inactive,2025-01-04,2025,1,4,4
EV10241,Calicut,Super Fast,Car,61.29,93.04380890332058,Active,2025-06-18,2025,6,18,169
EV10242,Chennai,DC Fast,Car,66.27,104.78865433782538,Inactive,2025-10-08,2025,10,8,281
EV10243,Hyderabad,Level 2,Bus,95.71,156.97346527897022,Active,2025-10-17,2025,10,17,290
EV10244,Kochi,Level 2,Car,153.68,478.81762076888936,Active,2025-03-14,2025,3,14,73
EV10245,Chennai,Fast,Car,152.67,372.37211899083326,Active,2025-05-17,2025,5,17,137
EV10246,Bangalore,Level 2,Car,117.48,337.61278481192153,Active,2025-12-04,2025,12,4,338
EV10247,Kochi,Fast,Car,174.13,412.13968994924585,Active,2025-09-13,2025,9,13,256
EV10248,Kochi,DC Fast,Car,40.0,81.23670508001261,Active,2025-05-21,2025,5,21,141
EV10249,Kochi,Super Fast,Bus,250.0,432.47975346740077,Inactive,2025-07-27,2025,7,27,208
EV10250,Trivandrum,Super Fast,Bus,250.0,305.51970266600193,Active,2025-09-17,2025,9,17,260
EV10251,Bangalore,Super Fast,Car,85.81,180.95792358028902,Inactive,2025-09-20,2025,9,20,263
EV10252,Kochi,Level 2,Bus,153.09,411.6105227579314,Inactive,2025-09-28,2025,9,28,271
EV10253,Hyderabad,Fast,Bus,250.0,405.23097648733955,Active,2025-02-07,2025,2,7,38
EV10254,Delhi,Fast,Bike,112.09,425.94011922402905,Inactive,2025-07-22,2025,7,22,203
EV10255,Kochi,DC Fast,Car,43.93,75.44859205135143,Inactive,2025-08-12,2025,8,12,224
EV10256,Trivandrum,Level 2,Bus,227.15,485.2933975979725,Active,2025-12-13,2025,12,13,347
EV10257,Chennai,DC Fast,Bus,250.0,480.62055381907095,Active,2025-02-21,2025,2,21,52
EV10258,Bangalore,Fast,Car,82.31,191.58542984083593,Inactive,2025-03-22,2025,3,22,81
EV10259,Mumbai,Fast,Bike,27.8,51.62912874172143,Inactive,2025-12-22,2025,12,22,356
EV10260,Trivandrum,Super Fast,Car,60.04,100.18672134501713,Inactive,2025-07-30,2025,7,30,211
EV10261,Kochi,Level 2,Bike,99.04,496.55879621345457,Active,2025-01-07,2025,1,7,7
EV10262,Bangalore,Fast,Car,136.88,290.24621272239824,Active,2025-12-29,2025,12,29,363
EV10263,Delhi,Super Fast,Car,116.11,191.17846343650498,Active,2025-02-14,2025,2,14,45
EV10264,Kochi,Level 2,Car,53.72,158.33729304801864,Active,2025-11-11,2025,11,11,315
EV10265,Trivandrum,DC Fast,Car,81.17,143.35603294925482,Active,2025-10-04,2025,10,4,277
EV10266,Calicut,Level 2,Bike,56.46,338.7933272261514,Active,2025-09-16,2025,9,16,259
EV10267,Hyderabad,Level 2,Bike,59.44,221.30615912944927,Active,2025-05-22,2025,5,22,142
EV10268,Mumbai,Fast,Bus,250.0,483.39713569693356,Inactive,2025-09-15,2025,9,15,258
EV10269,Chennai,Fast,Car,162.77,348.2446547097735,Active,2025-10-12,2025,10,12,285
EV10270,Trivandrum,Level 2,Bike,86.95,400.18140370350136,Active,2025-02-06,2025,2,6,37
EV10271,Bangalore,Fast,Bike,65.29,160.51594331991677,Inactive,2025-02-14,2025,2,14,45
EV10272,Mumbai,Fast,Bike,31.22,58.009476372140405,Inactive,2025-04-30,2025,4,30,120
EV10273,Mumbai,Fast,Car,114.91,254.1549619433029,Active,2025-02-15,2025,2,15,46
EV10274,Mumbai,Super Fast,Bus,167.86,170.9991423421891,Active,2025-05-20,2025,5,20,140
EV10275,Kochi,Super Fast,Bike,45.87,116.99991920380336,Inactive,2025-02-22,2025,2,22,53
EV10276,Hyderabad,Level 2,Car,161.94,477.26822278441347,Active,2025-10-28,2025,10,28,301
EV10277,Kochi,Fast,Bike,61.33,233.11434288417453,Inactive,2025-10-15,2025,10,15,288
EV10278,Bangalore,Super Fast,Bike,55.79,103.8601241834171,Active,2025-10-01,2025,10,1,274
EV10279,Kochi,Level 2,Bus,73.16,115.35231328694678,Active,2025-09-26,2025,9,26,269
EV10280,Calicut,Fast,Bike,47.43,154.74067638300514,Active,2025-10-06,2025,10,6,279
EV10281,Hyderabad,DC Fast,Bike,162.82,499.67180873106213,Active,2025-03-03,2025,3,3,62
EV10282,Hyderabad,Fast,Car,79.48,148.64552024940673,Active,2025-02-23,2025,2,23,54
EV10283,Bangalore,Fast,Car,90.62,177.82486619765774,Active,2025-03-10,2025,3,10,69
EV10284,Chennai,Super Fast,Bus,233.15,336.4775014323207,Inactive,2025-08-30,2025,8,30,242
EV10285,Calicut,Level 2,Car,50.0,161.1014606769432,Active,2025-09-27,2025,9,27,270
EV10286,Trivandrum,Level 2,Car,52.03,123.58604050865281,Active,2025-09-09,2025,9,9,252
EV10287,Kochi,Super Fast,Bus,75.02,96.14584959180738,Inactive,2025-12-20,2025,12,20,354
EV10288,Delhi,Fast,Bike,55.29,170.08767921334024,Active,2025-10-11,2025,10,11,284
EV10289,Kochi,DC Fast,Bus,44.84,70.83953102181128,Inactive,2025-12-17,2025,12,17,351
EV10290,Mumbai,Fast,Car,25.11,28.95036147909579,Inactive,2025-03-12,2025,3,12,71
EV10291,Kochi,Fast,Bus,229.48,406.2280147206451,Active,2025-11-19,2025,11,19,323
EV10292,Trivandrum,DC Fast,Bike,32.08,86.18957235899674,Active,2025-04-10,2025,4,10,100
EV10293,Kochi,Super Fast,Bus,240.04,392.4688879113163,Inactive,2025-03-02,2025,3,2,61
EV10294,Calicut,Level 2,Car,103.72,402.82038991359667,Active,2025-04-13,2025,4,13,103
EV10295,Calicut,Super Fast,Car,151.86,278.2013726380367,Active,2025-04-29,2025,4,29,119
EV10296,Hyderabad,Super Fast,Bus,136.91,168.6473399902167,Inactive,2025-01-17,2025,1,17,17
EV10297,Bangalore,Fast,Bike,36.99,89.61571219994646,Inactive,2025-11-01,2025,11,1,305
EV10298,Chennai,Level 2,Bus,143.89,373.6664512260796,Inactive,2025-07-10,2025,7,10,191
EV10299,Delhi,Level 2,Bike,64.79,308.66575327125724,Active,2025-07-31,2025,7,31,212
EV10300,Mumbai,Super Fast,Bike,118.45,334.6176591169108,Active,2025-03-19,2025,3,19,78
EV10301,Kochi,DC Fast,Bus,34.96,24.1611631256629,Active,2025-02-15,2025,2,15,46
EV10302,Kochi,Super Fast,Bike,161.7,465.2081675397558,Active,2025-04-03,2025,4,3,93
EV10303,Trivandrum,DC Fast,Car,36.19,51.819289974344116,Active,2025-01-13,2025,1,13,13
EV10304,Bangalore,Level 2,Bus,114.91,196.0668248672027,Active,2025-08-16,2025,8,16,228
EV10305,Calicut,Super Fast,Bike,74.06,213.30159183281611,Active,2025-10-28,2025,10,28,301
EV10306,Delhi,Fast,Car,36.99,20.650651759015446,Active,2025-01-17,2025,1,17,17
EV10307,Hyderabad,Super Fast,Bus,222.83,258.60286848838257,Active,2025-10-30,2025,10,30,303
EV10308,Calicut,Level 2,Car,93.8,381.34831736528474,Active,2025-03-03,2025,3,3,62
EV10309,Mumbai,Fast,Car,162.18,415.16895349509065,Inactive,2025-02-12,2025,2,12,43
EV10310,Bangalore,Fast,Car,185.92,442.11055678682453,Active,2025-03-09,2025,3,9,68
EV10311,Mumbai,DC Fast,Bike,68.11,254.10505679137736,Inactive,2025-07-31,2025,7,31,212
EV10312,Chennai,Fast,Bus,170.23,322.70537145423225,Inactive,2025-07-22,2025,7,22,203
EV10313,Hyderabad,Fast,Bus,46.48,58.16946238231941,Active,2025-08-02,2025,8,2,214
EV10314,Chennai,Super Fast,Bike,89.43,254.25834765523996,Active,2025-04-19,2025,4,19,109
EV10315,Trivandrum,Level 2,Bus,69.48,94.31156233843294,Active,2025-10-11,2025,10,11,284
EV10316,Mumbai,DC Fast,Car,96.64,197.4286964588103,Inactive,2025-04-04,2025,4,4,94
EV10317,Trivandrum,Super Fast,Bus,145.94,178.06655017500765,Active,2025-08-13,2025,8,13,225
EV10318,Kochi,Fast,Bike,53.81,223.29947707592393,Inactive,2025-08-13,2025,8,13,225
EV10319,Chennai,Fast,Car,126.08,294.38557662758365,Inactive,2025-08-27,2025,8,27,239
EV10320,Bangalore,DC Fast,Bike,123.27,453.380790590238,Inactive,2025-04-28,2025,4,28,118
EV10321,Mumbai,Level 2,Car,79.71,209.35262304680256,Active,2025-04-01,2025,4,1,91
EV10322,Delhi,DC Fast,Car,213.71,490.9429739415443,Inactive,2025-12-06,2025,12,6,340
EV10323,Hyderabad,Super Fast,Bus,250.0,384.33346306457736,Inactive,2025-10-16,2025,10,16,289
EV10324,Calicut,DC Fast,Car,121.86,265.51090245842397,Active,2025-10-08,2025,10,8,281
EV10325,Bangalore,Fast,Bike,92.16,329.1326898137332,Active,2025-01-19,2025,1,19,19
EV10326,Bangalore,Super Fast,Bus,83.69,69.06760214333335,Active,2025-06-24,2025,6,24,175
EV10327,Trivandrum,Fast,Bike,115.35,425.3703350305543,Active,2025-04-16,2025,4,16,106
EV10328,Chennai,Level 2,Car,99.31,299.53157843070363,Inactive,2025-10-16,2025,10,16,289
EV10329,Mumbai,Fast,Bike,144.7,493.31239050060884,Active,2025-09-05,2025,9,5,248
EV10330,Mumbai,Fast,Bike,96.75,325.4857970013676,Inactive,2025-11-19,2025,11,19,323
EV10331,Kochi,DC Fast,Car,166.45,420.37355996783606,Inactive,2025-05-22,2025,5,22,142
EV10332,Kochi,Fast,Bus,229.96,403.88611654171507,Active,2025-10-25,2025,10,25,298
EV10333,Hyderabad,Super Fast,Bike,79.01,185.82135270476903,Active,2025-07-12,2025,7,12,193
EV10334,Trivandrum,Super Fast,Car,109.03,144.6131001119416,Active,2025-12-17,2025,12,17,351
EV10335,Bangalore,Level 2,Bus,110.39,226.63692004712482,Inactive,2025-10-30,2025,10,30,303
EV10336,Mumbai,Super Fast,Bus,244.23,244.27584531624183,Active,2025-10-18,2025,10,18,291
EV10337,Delhi,DC Fast,Bus,109.92,135.24065692958908,Active,2025-11-28,2025,11,28,332
EV10338,Trivandrum,Level 2,Bike,79.32,449.4069792084665,Active,2025-07-27,2025,7,27,208
EV10339,Hyderabad,Super Fast,Bike,85.81,280.4229739043101,Inactive,2025-09-05,2025,9,5,248
EV10340,Hyderabad,DC Fast,Bike,129.91,489.6533082337134,Inactive,2025-05-22,2025,5,22,142
EV10341,Trivandrum,Super Fast,Bus,250.0,408.80853346220636,Active,2025-11-07,2025,11,7,311
EV10342,Hyderabad,Super Fast,Bike,112.95,286.73833298813406,Active,2025-08-10,2025,8,10,222
EV10343,Trivandrum,Fast,Car,155.92,474.57933350929244,Inactive,2025-08-13,2025,8,13,225
EV10344,Calicut,Super Fast,Bike,79.15,262.33991124574743,Active,2025-12-20,2025,12,20,354
EV10345,Trivandrum,Super Fast,Bike,161.05,445.8111260089618,Active,2025-07-03,2025,7,3,184
EV10346,Chennai,DC Fast,Bus,150.82,191.90949497398665,Active,2025-12-30,2025,12,30,364
EV10347,Trivandrum,DC Fast,Bike,84.02,201.74834403396514,Active,2025-11-01,2025,11,1,305
EV10348,Hyderabad,Fast,Car,106.25,220.70272782604695,Active,2025-07-07,2025,7,7,188
EV10349,Mumbai,Super Fast,Bus,250.0,282.38031005275815,Active,2025-04-23,2025,4,23,113
EV10350,Chennai,Fast,Car,121.43,285.67532969543555,Active,2025-06-30,2025,6,30,181
EV10351,Hyderabad,Super Fast,Bus,231.59,258.2714824050004,Active,2025-07-18,2025,7,18,199
EV10352,Kochi,Level 2,Bus,92.18,166.8804673199204,Active,2025-03-11,2025,3,11,70
EV10353,Kochi,Level 2,Bike,97.7,465.0591030995989,Active,2025-03-27,2025,3,27,86
EV10354,Mumbai,Fast,Car,143.13,302.5213267276421,Active,2025-02-08,2025,2,8,39
EV10355,Mumbai,Fast,Bus,156.44,215.71482377196557,Active,2025-05-11,2025,5,11,131
EV10356,Chennai,Fast,Bike,85.32,332.56494115693675,Inactive,2025-01-10,2025,1,10,10
EV10357,Calicut,DC Fast,Bus,250.0,388.62404374870647,Active,2025-01-03,2025,1,3,3
EV10358,Mumbai,DC Fast,Bus,250.0,481.14948234955665,Inactive,2025-10-29,2025,10,29,302
EV10359,Kochi,DC Fast,Bus,174.73,259.78359788843966,Active,2025-05-30,2025,5,30,150
EV10360,Trivandrum,Fast,Bus,54.04,73.80728496836423,Active,2025-03-08,2025,3,8,67
EV10361,Hyderabad,Super Fast,Bus,208.39,231.56758468953984,Active,2025-07-12,2025,7,12,193
EV10362,Kochi,Level 2,Bus,118.44,249.90586949766626,Active,2025-04-07,2025,4,7,97
EV10363,Kochi,Fast,Bike,100.71,450.55715752912346,Inactive,2025-01-19,2025,1,19,19
EV10364,Calicut,DC Fast,Bus,152.03,209.5043688622175,Active,2025-11-14,2025,11,14,318
EV10365,Chennai,DC Fast,Car,221.56,477.59564714582643,Active,2025-04-08,2025,4,8,98
EV10366,Chennai,Fast,Bike,62.03,252.8633157028807,Inactive,2025-02-26,2025,2,26,57
EV10367,Bangalore,Fast,Car,212.76,487.41464046988585,Active,2025-12-17,2025,12,17,351
EV10368,Calicut,DC Fast,Bus,43.25,23.935194142861853,Active,2025-04-17,2025,4,17,107
EV10369,Trivandrum,Super Fast,Car,250.0,451.4313799070464,Active,2025-03-29,2025,3,29,88
EV10370,Chennai,DC Fast,Bus,250.0,466.93781693280835,Active,2025-05-21,2025,5,21,141
EV10371,Hyderabad,DC Fast,Bus,250.0,481.2900491673024,Active,2025-05-24,2025,5,24,144
EV10372,Mumbai,Fast,Bike,29.56,26.27673640381513,Active,2025-02-21,2025,2,21,52
EV10373,Calicut,Super Fast,Bike,47.72,102.41640154414831,Active,2025-07-31,2025,7,31,212
EV10374,Mumbai,DC Fast,Bus,250.0,333.8069614847534,Active,2025-02-10,2025,2,10,41
EV10375,Kochi,DC Fast,Bike,29.14,32.226892032851424,Inactive,2025-10-31,2025,10,31,304
EV10376,Hyderabad,Level 2,Car,30.11,50.53231816472035,Inactive,2025-04-01,2025,4,1,91
EV10377,Hyderabad,Fast,Bike,52.21,126.11785937285212,Inactive,2025-02-08,2025,2,8,39
EV10378,Kochi,Level 2,Bike,60.55,265.9710889970644,Inactive,2025-01-13,2025,1,13,13
EV10379,Calicut,Level 2,Car,85.85,282.03322844806763,Inactive,2025-04-06,2025,4,6,96
EV10380,Kochi,DC Fast,Bike,19.03,36.44533894088209,Inactive,2025-04-19,2025,4,19,109
EV10381,Mumbai,Fast,Bus,74.47,101.77628037513495,Active,2025-04-14,2025,4,14,104
EV10382,Bangalore,Super Fast,Car,166.51,259.8587232006346,Active,2025-12-20,2025,12,20,354
EV10383,Hyderabad,DC Fast,Bus,230.78,305.09149805283454,Active,2025-08-19,2025,8,19,231
EV10384,Delhi,Super Fast,Car,73.48,91.23281431338339,Active,2025-02-12,2025,2,12,43
EV10385,Delhi,Super Fast,Bus,154.04,211.4438777345459,Inactive,2025-07-28,2025,7,28,209
EV10386,Mumbai,Fast,Bus,250.0,454.11268952813714,Active,2025-03-29,2025,3,29,88
EV10387,Trivandrum,Level 2,Bike,104.46,499.4716577821626,Active,2025-04-03,2025,4,3,93
EV10388,Chennai,Fast,Bus,250.0,493.8629383189478,Active,2025-06-23,2025,6,23,174
EV10389,Kochi,Super Fast,Bike,156.01,443.20376493769874,Active,2025-05-06,2025,5,6,126
EV10390,Kochi,DC Fast,Car,103.04,209.43684221597397,Active,2025-04-19,2025,4,19,109
EV10391,Trivandrum,Super Fast,Bus,250.0,349.5556601958964,Active,2025-02-16,2025,2,16,47
EV10392,Trivandrum,DC Fast,Bus,147.37,219.96426933641538,Active,2025-08-02,2025,8,2,214
EV10393,Mumbai,DC Fast,Car,194.17,331.29297287561735,Active,2025-04-02,2025,4,2,92
EV10394,Mumbai,Fast,Car,95.18,168.52758606535195,Active,2025-06-30,2025,6,30,181
EV10395,Trivandrum,Super Fast,Bus,248.03,310.97708173295933,Active,2025-02-10,2025,2,10,41
EV10396,Hyderabad,Level 2,Car,66.71,271.40407834536796,Inactive,2025-09-16,2025,9,16,259
EV10397,Mumbai,Super Fast,Bike,26.24,31.750527590335977,Active,2025-05-01,2025,5,1,121
EV10398,Bangalore,Super Fast,Car,246.84,399.5373937981346,Active,2025-03-18,2025,3,18,77
EV10399,Mumbai,Level 2,Car,22.15,25.710959477674695,Inactive,2025-04-05,2025,4,5,95
EV10400,Kochi,Fast,Bus,102.72,160.71485228158485,Active,2025-09-26,2025,9,26,269
EV10401,Mumbai,Super Fast,Bike,35.85,22.843551417921137,Active,2025-12-27,2025,12,27,361
EV10402,Hyderabad,Super Fast,Car,120.2,200.57667838169513,Active,2025-01-18,2025,1,18,18
EV10403,Trivandrum,DC Fast,Bike,25.19,50.317053518786864,Inactive,2025-10-20,2025,10,20,293
EV10404,Kochi,Super Fast,Bike,156.55,458.4852640789958,Active,2025-06-20,2025,6,20,171
EV10405,Mumbai,Level 2,Bike,58.56,219.52606167817694,Active,2025-06-11,2025,6,11,162
EV10406,Hyderabad,DC Fast,Bus,146.35,240.55797193491682,Inactive,2025-11-07,2025,11,7,311
EV10407,Bangalore,Fast,Car,99.33,187.92811332361032,Active,2025-02-21,2025,2,21,52
EV10408,Mumbai,DC Fast,Bus,215.17,321.2029540168478,Inactive,2025-02-05,2025,2,5,36
EV10409,Hyderabad,Level 2,Car,141.15,396.5158959767378,Active,2025-07-06,2025,7,6,187
EV10410,Bangalore,Level 2,Car,116.12,331.1104366635094,Active,2025-09-05,2025,9,5,248
EV10411,Trivandrum,DC Fast,Bus,206.55,379.13941682966123,Inactive,2025-02-21,2025,2,21,52
EV10412,Mumbai,Fast,Bike,132.8,454.867358484445,Active,2025-01-19,2025,1,19,19
EV10413,Bangalore,DC Fast,Bike,108.73,434.5023352022858,Inactive,2025-04-02,2025,4,2,92
EV10414,Kochi,Fast,Car,99.98,343.54805732177397,Inactive,2025-05-19,2025,5,19,139
EV10415,Trivandrum,DC Fast,Bus,99.18,123.02622219412572,Active,2025-10-31,2025,10,31,304
EV10416,Kochi,Level 2,Bike,61.9,326.0973685001258,Inactive,2025-12-23,2025,12,23,357
EV10417,Delhi,Super Fast,Bike,121.68,262.91988595544524,Active,2025-08-08,2025,8,8,220
EV10418,Calicut,Super Fast,Car,146.01,364.26523088500164,Inactive,2025-04-09,2025,4,9,99
EV10419,Mumbai,Fast,Car,198.8,419.80719122859915,Active,2025-08-24,2025,8,24,236
EV10420,Bangalore,Fast,Bus,228.59,376.50631864948036,Active,2025-07-26,2025,7,26,207
EV10421,Calicut,Fast,Car,171.92,426.34936158141693,Active,2025-05-24,2025,5,24,144
EV10422,Calicut,Level 2,Bike,21.97,50.65585920369145,Active,2025-07-18,2025,7,18,199
EV10423,Bangalore,DC Fast,Bike,27.25,35.177618353982695,Active,2025-10-30,2025,10,30,303
EV10424,Trivandrum,Level 2,Bike,36.49,144.0802724958051,Inactive,2025-11-19,2025,11,19,323
EV10425,Mumbai,Super Fast,Bike,151.61,452.3197203721416,Inactive,2025-10-14,2025,10,14,287
EV10426,Delhi,Fast,Bus,250.0,415.35644047230744,Active,2025-11-28,2025,11,28,332
EV10427,Kochi,DC Fast,Bus,237.64,347.70910294174956,Active,2025-09-21,2025,9,21,264
EV10428,Hyderabad,Super Fast,Car,168.53,356.36416037106363,Inactive,2025-08-05,2025,8,5,217
EV10429,Kochi,Super Fast,Car,218.3,368.801825243942,Active,2025-07-08,2025,7,8,189
EV10430,Hyderabad,Super Fast,Car,250.0,472.44929623267853,Active,2025-02-13,2025,2,13,44
EV10431,Kochi,Level 2,Bus,164.5,419.4517531076276,Active,2025-10-18,2025,10,18,291
EV10432,Bangalore,Fast,Bike,108.64,319.2273857729828,Active,2025-07-08,2025,7,8,189
EV10433,Delhi,Super Fast,Car,215.26,339.5434089234274,Active,2025-07-13,2025,7,13,194
EV10434,Mumbai,Fast,Bike,38.0,122.59532578933855,Inactive,2025-09-27,2025,9,27,270
EV10435,Hyderabad,Level 2,Car,116.62,335.5130360750108,Active,2025-09-17,2025,9,17,260
EV10436,Mumbai,Super Fast,Car,143.02,223.8459259608601,Active,2025-08-27,2025,8,27,239
EV10437,Mumbai,Level 2,Car,27.49,93.42169789075699,Inactive,2025-04-22,2025,4,22,112
EV10438,Mumbai,Level 2,Car,144.78,407.07335323835565,Active,2025-03-10,2025,3,10,69
EV10439,Chennai,Fast,Car,118.77,264.91860790550993,Active,2025-02-18,2025,2,18,49
EV10440,Trivandrum,Super Fast,Bike,173.72,489.16402001092234,Active,2025-11-07,2025,11,7,311
EV10441,Kochi,Level 2,Car,52.96,155.206090147772,Active,2025-05-31,2025,5,31,151
EV10442,Mumbai,Super Fast,Bike,100.78,250.7216539064368,Active,2025-08-27,2025,8,27,239
EV10443,Kochi,Fast,Bus,140.38,235.0378182410567,Active,2025-12-03,2025,12,3,337
EV10444,Mumbai,Level 2,Car,36.31,77.97417076763779,Active,2025-04-25,2025,4,25,115
EV10445,Hyderabad,Fast,Bike,80.96,224.53533383877416,Active,2025-03-16,2025,3,16,75
EV10446,Trivandrum,Super Fast,Bus,148.75,158.02565908204394,Active,2025-04-08,2025,4,8,98
EV10447,Trivandrum,Super Fast,Bus,75.73,96.95382625612851,Inactive,2025-04-21,2025,4,21,111
EV10448,Bangalore,Fast,Bus,115.67,155.43468033734686,Active,2025-12-23,2025,12,23,357
EV10449,Chennai,DC Fast,Bike,46.01,131.96081180786817,Active,2025-10-12,2025,10,12,285
EV10450,Bangalore,Level 2,Car,103.89,372.35529488282145,Inactive,2025-09-13,2025,9,13,256
EV10451,Bangalore,Super Fast,Car,50.79,34.772085564396846,Active,2025-11-14,2025,11,14,318
EV10452,Bangalore,Super Fast,Bike,129.35,316.38211899834624,Active,2025-11-05,2025,11,5,309
EV10453,Bangalore,Level 2,Car,135.54,385.1174441713311,Active,2025-04-27,2025,4,27,117
EV10454,Bangalore,Fast,Bike,64.31,250.74725910510713,Inactive,2025-06-25,2025,6,25,176
EV10455,Delhi,Fast,Car,207.69,467.15119040380085,Active,2025-08-16,2025,8,16,228
EV10456,Trivandrum,Fast,Bus,206.58,359.7827337135369,Active,2025-12-13,2025,12,13,347
EV10457,Bangalore,DC Fast,Car,195.7,379.0033526294803,Active,2025-04-16,2025,4,16,106
EV10458,Mumbai,DC Fast,Bike,57.06,114.52807397161772,Active,2025-12-08,2025,12,8,342
EV10459,Trivandrum,Super Fast,Bike,116.87,393.1018764027553,Inactive,2025-08-27,2025,8,27,239
EV10460,Trivandrum,Fast,Bus,250.0,419.4054733198952,Active,2025-04-10,2025,4,10,100
EV10461,Calicut,Level 2,Bike,43.7,193.407866434875,Active,2025-06-25,2025,6,25,176
EV10462,Delhi,Super Fast,Car,67.92,122.41427265582618,Inactive,2025-12-16,2025,12,16,350
EV10463,Bangalore,Level 2,Car,72.22,204.824326017736,Active,2025-09-06,2025,9,6,249
EV10464,Kochi,Super Fast,Bus,250.0,375.01182512006585,Active,2025-03-17,2025,3,17,76
EV10465,Hyderabad,DC Fast,Bike,86.99,220.46672281697732,Active,2025-01-03,2025,1,3,3
EV10466,Chennai,Super Fast,Bus,250.0,373.59290010789823,Inactive,2025-03-22,2025,3,22,81
EV10467,Mumbai,DC Fast,Car,49.87,74.51097966921807,Inactive,2025-12-27,2025,12,27,361
EV10468,Kochi,Super Fast,Bus,250.0,406.88562103447254,Inactive,2025-10-15,2025,10,15,288
EV10469,Delhi,Fast,Bike,61.62,141.53959118833154,Active,2025-01-08,2025,1,8,8
EV10470,Hyderabad,Level 2,Bus,80.52,139.48591410300497,Active,2025-03-28,2025,3,28,87
EV10471,Delhi,Fast,Bike,81.36,303.38286329785313,Active,2025-10-13,2025,10,13,286
EV10472,Mumbai,Super Fast,Bike,51.89,53.656661958555034,Inactive,2025-03-15,2025,3,15,74
EV10473,Trivandrum,Super Fast,Car,44.56,32.622908808640915,Active,2025-05-03,2025,5,3,123
EV10474,Hyderabad,Super Fast,Car,102.18,145.29375934085564,Active,2025-10-21,2025,10,21,294
EV10475,Trivandrum,DC Fast,Car,113.57,278.2724243527149,Inactive,2025-05-23,2025,5,23,143
EV10476,Mumbai,Level 2,Bike,102.13,455.6558653881091,Active,2025-06-07,2025,6,7,158
EV10477,Kochi,Level 2,Bus,176.47,426.28888462750734,Active,2025-04-19,2025,4,19,109
EV10478,Mumbai,Super Fast,Bike,88.22,255.41430076206822,Inactive,2025-11-30,2025,11,30,334
EV10479,Kochi,Super Fast,Car,39.92,37.78495697287653,Active,2025-07-14,2025,7,14,195
EV10480,Hyderabad,DC Fast,Car,147.74,276.9213126220684,Active,2025-02-05,2025,2,5,36
EV10481,Hyderabad,Fast,Bus,240.94,358.3018879641418,Active,2025-03-31,2025,3,31,90
EV10482,Bangalore,Fast,Car,97.03,182.7989756120162,Active,2025-10-23,2025,10,23,296
EV10483,Delhi,Level 2,Car,49.92,73.31038557519426,Active,2025-11-26,2025,11,26,330
EV10484,Bangalore,DC Fast,Car,96.63,153.71261753871653,Active,2025-07-20,2025,7,20,201
EV10485,Delhi,Super Fast,Bus,250.0,390.3626549445507,Active,2025-02-15,2025,2,15,46
EV10486,Bangalore,Level 2,Bike,50.25,188.5970394959976,Inactive,2025-04-17,2025,4,17,107
EV10487,Trivandrum,DC Fast,Car,184.83,409.75111552914086,Active,2025-06-19,2025,6,19,170
EV10488,Hyderabad,Fast,Bus,118.04,173.3702968675884,Active,2025-05-26,2025,5,26,146
EV10489,Kochi,DC Fast,Car,50.19,98.5064184386327,Active,2025-12-22,2025,12,22,356
EV10490,Delhi,Fast,Bus,121.27,229.20721256653195,Inactive,2025-06-27,2025,6,27,178
EV10491,Mumbai,DC Fast,Car,147.05,237.0917658987867,Active,2025-03-02,2025,3,2,61
EV10492,Delhi,Level 2,Bus,21.43,27.731944903681747,Inactive,2025-01-03,2025,1,3,3
EV10493,Kochi,Fast,Car,30.74,76.18163489903654,Inactive,2025-03-23,2025,3,23,82
EV10494,Bangalore,Level 2,Bike,38.47,108.76448901095237,Inactive,2025-09-20,2025,9,20,263
EV10495,Delhi,Level 2,Car,37.45,74.52191234176395,Inactive,2025-10-14,2025,10,14,287
EV10496,Chennai,Fast,Bus,127.86,183.93251620225465,Active,2025-11-17,2025,11,17,321
EV10497,Trivandrum,Fast,Car,176.05,483.01897069616865,Inactive,2025-04-05,2025,4,5,95
EV10498,Hyderabad,Super Fast,Bike,92.99,264.4268183969974,Inactive,2025-03-05,2025,3,5,64
EV10499,Kochi,Super Fast,Car,133.52,321.2268914579103,Inactive,2025-09-03,2025,9,3,246
EV10500,Hyderabad,Super Fast,Bus,181.94,191.06550969105353,Active,2025-03-18,2025,3,18,77
EV10501,Chennai,Level 2,Bus,92.78,175.27412558871012,Active,2025-09-16,2025,9,16,259
EV10502,Delhi,Level 2,Bike,26.98,31.11045051920401,Active,2025-04-03,2025,4,3,93
EV10503,Delhi,Super Fast,Bus,226.67,260.1601547244908,Active,2025-10-18,2025,10,18,291
EV10504,Mumbai,Level 2,Car,86.5,252.13232324079982,Inactive,2025-09-28,2025,9,28,271
EV10505,Chennai,Level 2,Car,31.31,95.75874856693906,Inactive,2025-01-21,2025,1,21,21
EV10506,Kochi,Fast,Car,159.68,386.87552009921774,Active,2025-03-03,2025,3,3,62
EV10507,Mumbai,Fast,Bus,141.33,256.4836785492814,Inactive,2025-12-05,2025,12,5,339
EV10508,Trivandrum,Level 2,Car,76.14,182.71710567755517,Active,2025-09-17,2025,9,17,260
EV10509,Mumbai,Super Fast,Car,61.98,90.51627633100495,Active,2025-08-25,2025,8,25,237
EV10510,Calicut,DC Fast,Car,121.24,285.03719694608594,Active,2025-05-21,2025,5,21,141
EV10511,Kochi,Super Fast,Bike,127.79,381.3521725226287,Active,2025-06-16,2025,6,16,167
EV10512,Calicut,DC Fast,Bus,96.52,155.3596892887864,Inactive,2025-03-08,2025,3,8,67
EV10513,Chennai,Super Fast,Bus,110.08,125.02128875682683,Active,2025-12-16,2025,12,16,350
EV10514,Bangalore,Fast,Bus,180.7,270.5287827509969,Active,2025-02-27,2025,2,27,58
EV10515,Calicut,Level 2,Bike,41.14,94.56478520480813,Active,2025-07-31,2025,7,31,212
EV10516,Trivandrum,Level 2,Bus,149.97,339.97442556525675,Active,2025-05-10,2025,5,10,130
EV10517,Mumbai,Fast,Bike,83.21,310.5649414132306,Inactive,2025-01-25,2025,1,25,25
EV10518,Bangalore,DC Fast,Bike,41.76,61.79938380388574,Active,2025-01-11,2025,1,11,11
EV10519,Mumbai,DC Fast,Bus,46.36,37.52978210305946,Active,2025-09-14,2025,9,14,257
EV10520,Calicut,DC Fast,Car,120.76,317.73855324252077,Inactive,2025-10-31,2025,10,31,304
EV10521,Mumbai,Fast,Car,75.33,161.26101151459557,Active,2025-03-22,2025,3,22,81
EV10522,Chennai,DC Fast,Bus,56.97,61.49396152323129,Inactive,2025-10-13,2025,10,13,286
EV10523,Bangalore,Fast,Bus,246.59,384.52577837911355,Active,2025-01-19,2025,1,19,19
EV10524,Chennai,Super Fast,Bike,75.42,170.7411214484692,Active,2025-04-20,2025,4,20,110
EV10525,Calicut,Super Fast,Bus,170.92,240.60778382634732,Inactive,2025-02-03,2025,2,3,34
EV10526,Chennai,Fast,Bike,42.6,133.67020517780924,Inactive,2025-10-15,2025,10,15,288
EV10527,Trivandrum,Level 2,Bus,155.34,321.112197611823,Active,2025-11-28,2025,11,28,332
EV10528,Calicut,Super Fast,Car,106.98,164.71443937009252,Active,2025-09-12,2025,9,12,255
EV10529,Calicut,DC Fast,Car,174.31,484.6500613892616,Inactive,2025-05-06,2025,5,6,126
EV10530,Calicut,Fast,Bus,192.53,357.41482333611515,Active,2025-07-28,2025,7,28,209
EV10531,Kochi,DC Fast,Bike,44.76,85.62669265926358,Active,2025-05-14,2025,5,14,134
EV10532,Mumbai,DC Fast,Car,123.56,220.01352304326406,Active,2025-03-27,2025,3,27,86
EV10533,Kochi,Level 2,Bike,61.88,205.00212787034172,Active,2025-03-16,2025,3,16,75
EV10534,Kochi,DC Fast,Bus,198.27,276.4386131457839,Active,2025-05-15,2025,5,15,135
EV10535,Trivandrum,Level 2,Bus,153.39,424.1267237500416,Inactive,2025-10-28,2025,10,28,301
EV10536,Bangalore,Super Fast,Car,174.69,300.0425672878408,Active,2025-06-22,2025,6,22,173
EV10537,Mumbai,Fast,Bus,45.81,49.547205247999656,Inactive,2025-08-01,2025,8,1,213
EV10538,Chennai,DC Fast,Car,173.82,334.5995344653704,Active,2025-11-17,2025,11,17,321
EV10539,Delhi,Fast,Bike,15.83,23.96734301401203,Active,2025-12-16,2025,12,16,350
EV10540,Calicut,DC Fast,Car,183.64,394.3810210593887,Active,2025-01-19,2025,1,19,19
EV10541,Chennai,Fast,Car,153.84,339.98531475739617,Active,2025-04-29,2025,4,29,119
EV10542,Calicut,DC Fast,Bike,63.0,168.21711600924127,Active,2025-10-30,2025,10,30,303
EV10543,Trivandrum,DC Fast,Car,96.79,160.37206620296755,Active,2025-10-29,2025,10,29,302
EV10544,Calicut,DC Fast,Car,140.77,403.17103834222667,Inactive,2025-10-12,2025,10,12,285
EV10545,Kochi,DC Fast,Bus,250.0,396.00161212381784,Active,2025-08-15,2025,8,15,227
EV10546,Mumbai,DC Fast,Bike,74.15,189.10513010084478,Active,2025-07-31,2025,7,31,212
EV10547,Delhi,DC Fast,Car,78.1,163.49490947829455,Inactive,2025-12-22,2025,12,22,356
EV10548,Hyderabad,DC Fast,Bike,88.04,288.7158986637392,Inactive,2025-07-08,2025,7,8,189
EV10549,Calicut,DC Fast,Bike,32.19,24.015516792389207,Active,2025-11-17,2025,11,17,321
EV10550,Chennai,DC Fast,Car,41.44,59.6801782335403,Active,2025-05-31,2025,5,31,151
EV10551,Kochi,Fast,Bus,46.89,80.56140327139363,Inactive,2025-08-11,2025,8,11,223
EV10552,Hyderabad,Level 2,Bike,41.95,108.99767255704361,Inactive,2025-05-08,2025,5,8,128
EV10553,Delhi,DC Fast,Car,140.51,265.76870080422515,Active,2025-09-05,2025,9,5,248
EV10554,Hyderabad,Level 2,Bike,103.7,496.27611913333857,Active,2025-02-20,2025,2,20,51
EV10555,Kochi,DC Fast,Bus,179.88,333.25443283872966,Inactive,2025-07-10,2025,7,10,191
EV10556,Mumbai,DC Fast,Bus,44.66,49.423421335627324,Inactive,2025-08-25,2025,8,25,237
EV10557,Mumbai,Fast,Bus,142.89,272.27809954987606,Inactive,2025-01-22,2025,1,22,22
EV10558,Bangalore,Super Fast,Car,172.06,258.38970194696213,Active,2025-04-20,2025,4,20,110
EV10559,Mumbai,Super Fast,Car,79.67,89.20055159266376,Active,2025-11-23,2025,11,23,327
EV10560,Bangalore,Fast,Bus,250.0,461.7307370251557,Active,2025-02-02,2025,2,2,33
EV10561,Hyderabad,Level 2,Car,90.57,231.5673188841771,Active,2025-05-07,2025,5,7,127
EV10562,Trivandrum,Super Fast,Bus,250.0,497.38838749267507,Active,2025-12-31,2025,12,31,365
EV10563,Chennai,Fast,Car,108.75,221.63470172103885,Active,2025-12-22,2025,12,22,356
EV10564,Chennai,Fast,Bus,189.73,311.81969728813243,Active,2025-02-13,2025,2,13,44
EV10565,Hyderabad,Super Fast,Bike,52.47,70.28601749669123,Active,2025-01-07,2025,1,7,7
EV10566,Calicut,Level 2,Bus,95.32,238.02935542729722,Inactive,2025-05-08,2025,5,8,128
EV10567,Calicut,Fast,Bus,70.78,134.60762912190717,Inactive,2025-04-01,2025,4,1,91
EV10568,Mumbai,DC Fast,Car,183.68,421.0711033141928,Inactive,2025-05-10,2025,5,10,130
EV10569,Chennai,Level 2,Car,111.03,396.28140073641913,Inactive,2025-01-17,2025,1,17,17
EV10570,Chennai,Level 2,Car,130.43,415.6063998201721,Active,2025-11-17,2025,11,17,321
EV10571,Bangalore,Super Fast,Car,230.59,367.3325301238167,Active,2025-07-05,2025,7,5,186
EV10572,Trivandrum,Super Fast,Car,238.38,419.68794733762456,Active,2025-04-20,2025,4,20,110
EV10573,Kochi,DC Fast,Car,76.6,116.39780008396201,Active,2025-10-13,2025,10,13,286
EV10574,Calicut,Fast,Bike,38.23,236.9810127583048,Inactive,2025-12-14,2025,12,14,348
EV10575,Chennai,Super Fast,Bus,250.0,352.0865023740647,Active,2025-06-12,2025,6,12,163
EV10576,Bangalore,Super Fast,Bus,250.0,325.9483990088647,Active,2025-03-16,2025,3,16,75
EV10577,Delhi,Level 2,Bus,184.73,363.85015177956177,Active,2025-07-18,2025,7,18,199
EV10578,Bangalore,Super Fast,Bike,62.21,127.64402391259122,Active,2025-12-27,2025,12,27,361
EV10579,Calicut,Super Fast,Bus,64.39,67.24866034159507,Active,2025-10-14,2025,10,14,287
EV10580,Calicut,Super Fast,Bike,166.56,460.06715747589266,Active,2025-07-01,2025,7,1,182
EV10581,Bangalore,Super Fast,Bike,117.07,288.8825098723321,Active,2025-04-07,2025,4,7,97
EV10582,Kochi,Level 2,Bike,35.76,93.83644376355726,Active,2025-02-20,2025,2,20,51
EV10583,Hyderabad,DC Fast,Bus,249.72,400.84955930593355,Inactive,2025-11-10,2025,11,10,314
EV10584,Calicut,DC Fast,Bike,125.45,459.1663695820556,Active,2025-02-03,2025,2,3,34
EV10585,Bangalore,Fast,Bus,69.32,101.39048891413236,Active,2025-01-21,2025,1,21,21
EV10586,Chennai,Super Fast,Bus,250.0,412.35797852917307,Active,2025-07-03,2025,7,3,184
EV10587,Bangalore,Level 2,Car,154.91,467.9480294331816,Active,2025-10-20,2025,10,20,293
EV10588,Trivandrum,Fast,Car,203.76,470.4135681420883,Active,2025-03-05,2025,3,5,64
EV10589,Hyderabad,Fast,Bike,136.37,458.79510159368056,Active,2025-05-04,2025,5,4,124
EV10590,Delhi,DC Fast,Bike,66.86,282.2820859328493,Inactive,2025-04-11,2025,4,11,101
EV10591,Kochi,Level 2,Bus,80.74,190.98143228185722,Inactive,2025-04-29,2025,4,29,119
EV10592,Mumbai,Level 2,Bike,32.98,23.490947693124458,Active,2025-12-07,2025,12,7,341
EV10593,Delhi,Level 2,Bike,14.88,49.237868898333005,Active,2025-03-19,2025,3,19,78
EV10594,Hyderabad,DC Fast,Bus,179.44,225.8427273427475,Active,2025-06-30,2025,6,30,181
EV10595,Hyderabad,DC Fast,Bike,83.94,211.67655026792494,Active,2025-07-18,2025,7,18,199
EV10596,Hyderabad,DC Fast,Bike,49.68,108.66267659354394,Active,2025-12-26,2025,12,26,360
EV10597,Delhi,DC Fast,Bus,171.64,209.83041345519527,Active,2025-07-09,2025,7,9,190
EV10598,Chennai,DC Fast,Bus,100.23,103.83203141857669,Active,2025-11-24,2025,11,24,328
EV10599,Hyderabad,Super Fast,Car,192.35,427.4198013324035,Inactive,2025-04-13,2025,4,13,103
EV10600,Bangalore,Super Fast,Bus,134.08,163.13354138028745,Inactive,2025-11-29,2025,11,29,333
EV10601,Delhi,Level 2,Car,97.89,307.3108880759888,Inactive,2025-10-02,2025,10,2,275
EV10602,Mumbai,Fast,Bike,95.18,261.36466975956165,Active,2025-05-10,2025,5,10,130
EV10603,Hyderabad,Level 2,Bus,31.86,44.90339724511627,Active,2025-08-29,2025,8,29,241
EV10604,Bangalore,Fast,Bus,250.0,472.27218535575975,Active,2025-05-14,2025,5,14,134
EV10605,Chennai,DC Fast,Bus,194.69,273.068469560232,Active,2025-06-06,2025,6,6,157
EV10606,Trivandrum,Fast,Bike,56.17,176.02766882807134,Active,2025-11-14,2025,11,14,318
EV10607,Chennai,Level 2,Car,37.88,95.90075342387277,Active,2025-06-07,2025,6,7,158
EV10608,Mumbai,Level 2,Bike,59.71,182.49278466888117,Active,2025-12-25,2025,12,25,359
EV10609,Hyderabad,Fast,Bike,19.42,29.84556945122696,Inactive,2025-07-09,2025,7,9,190
EV10610,Mumbai,Super Fast,Bus,164.04,194.5079145671829,Inactive,2025-04-10,2025,4,10,100
EV10611,Delhi,DC Fast,Car,139.37,275.1132451061623,Active,2025-02-21,2025,2,21,52
EV10612,Calicut,DC Fast,Bike,121.41,438.49579800845345,Active,2025-02-18,2025,2,18,49
EV10613,Hyderabad,Level 2,Bus,185.86,349.93972049494283,Active,2025-04-10,2025,4,10,100
EV10614,Calicut,Super Fast,Bike,34.46,73.55951030395588,Active,2025-09-08,2025,9,8,251
EV10615,Bangalore,Fast,Bike,49.86,90.91823573022133,Active,2025-02-23,2025,2,23,54
EV10616,Trivandrum,DC Fast,Bus,144.9,225.49921655281986,Inactive,2025-05-17,2025,5,17,137
EV10617,Kochi,Super Fast,Bus,93.29,113.93972078661817,Active,2025-06-11,2025,6,11,162
EV10618,Mumbai,DC Fast,Car,38.23,33.36789323972276,Active,2025-12-20,2025,12,20,354
EV10619,Chennai,Super Fast,Bike,161.27,406.4071424566737,Active,2025-10-19,2025,10,19,292
EV10620,Trivandrum,Super Fast,Bus,39.39,29.37083393503718,Active,2025-03-22,2025,3,22,81
EV10621,Hyderabad,Level 2,Bus,195.84,418.73101049504675,Active,2025-08-08,2025,8,8,220
EV10622,Calicut,DC Fast,Car,51.09,89.16990225582369,Inactive,2025-03-26,2025,3,26,85
EV10623,Chennai,Fast,Car,202.69,487.8456371874158,Active,2025-03-24,2025,3,24,83
EV10624,Calicut,Level 2,Bus,123.94,309.85947767657126,Active,2025-11-15,2025,11,15,319
EV10625,Delhi,Level 2,Car,108.25,372.7918263823498,Inactive,2025-03-08,2025,3,8,67
EV10626,Calicut,Fast,Bus,52.54,73.03214142467114,Active,2025-08-22,2025,8,22,234
EV10627,Delhi,Level 2,Bike,97.5,433.80995525671045,Active,2025-07-17,2025,7,17,198
EV10628,Bangalore,Super Fast,Car,232.81,422.81232457833846,Active,2025-09-16,2025,9,16,259
EV10629,Chennai,Super Fast,Bike,107.61,333.4365111400245,Inactive,2025-06-26,2025,6,26,177
EV10630,Chennai,DC Fast,Bike,77.99,261.09193500578596,Active,2025-10-25,2025,10,25,298
EV10631,Kochi,DC Fast,Bike,118.28,366.3148031032028,Active,2025-10-07,2025,10,7,280
EV10632,Hyderabad,Fast,Bus,39.13,22.845543361701512,Inactive,2025-10-27,2025,10,27,300
EV10633,Delhi,DC Fast,Bike,74.68,304.3715625912605,Inactive,2025-05-09,2025,5,9,129
EV10634,Kochi,Super Fast,Bike,155.83,426.75494476603353,Active,2025-06-29,2025,6,29,180
EV10635,Calicut,Fast,Bike,49.6,191.3119458438823,Inactive,2025-10-19,2025,10,19,292
EV10636,Calicut,Fast,Bus,64.52,71.97889111180007,Active,2025-07-26,2025,7,26,207
EV10637,Kochi,DC Fast,Bike,83.4,222.02107987673895,Active,2025-10-21,2025,10,21,294
EV10638,Chennai,Super Fast,Bike,125.61,369.0101355480833,Active,2025-12-04,2025,12,4,338
EV10639,Calicut,Fast,Car,36.95,71.50458097792281,Active,2025-06-24,2025,6,24,175
EV10640,Mumbai,Super Fast,Bus,136.04,118.90330890218719,Active,2025-01-29,2025,1,29,29
EV10641,Bangalore,Super Fast,Bike,34.0,90.82488647777596,Inactive,2025-06-28,2025,6,28,179
EV10642,Bangalore,Super Fast,Car,243.8,402.53492267610795,Active,2025-02-10,2025,2,10,41
EV10643,Mumbai,DC Fast,Bus,51.26,50.18845877719368,Active,2025-07-11,2025,7,11,192
EV10644,Kochi,Level 2,Bus,150.41,349.5615210149278,Active,2025-12-10,2025,12,10,344
EV10645,Mumbai,Level 2,Bus,92.67,195.89932196153185,Inactive,2025-08-25,2025,8,25,237
EV10646,Delhi,Fast,Bus,222.41,382.77979658494513,Inactive,2025-10-31,2025,10,31,304
EV10647,Delhi,Super Fast,Bus,250.0,482.90404101633806,Active,2025-08-13,2025,8,13,225
EV10648,Kochi,DC Fast,Bus,49.36,74.9817438015115,Inactive,2025-04-24,2025,4,24,114
EV10649,Mumbai,Super Fast,Bike,80.85,170.90481971238006,Active,2025-10-05,2025,10,5,278
EV10650,Delhi,Super Fast,Bike,143.36,408.86020530505135,Active,2025-12-21,2025,12,21,355
EV10651,Chennai,DC Fast,Bike,34.13,147.7560253045647,Inactive,2025-01-17,2025,1,17,17
EV10652,Mumbai,Level 2,Bike,44.26,123.25788658209964,Active,2025-03-27,2025,3,27,86
EV10653,Chennai,Super Fast,Car,201.91,416.18142937710644,Inactive,2025-11-13,2025,11,13,317
EV10654,Delhi,Super Fast,Bike,199.44,493.7995347228657,Active,2025-12-11,2025,12,11,345
EV10655,Bangalore,Level 2,Bus,149.68,287.30268327102357,Active,2025-06-30,2025,6,30,181
EV10656,Delhi,DC Fast,Bike,55.63,153.46339920000284,Inactive,2025-12-03,2025,12,3,337
EV10657,Chennai,Fast,Bike,55.63,211.3116615680259,Inactive,2025-12-17,2025,12,17,351
EV10658,Trivandrum,Level 2,Bus,66.25,101.66255714413232,Active,2025-05-25,2025,5,25,145
EV10659,Hyderabad,Fast,Bike,99.37,385.7058938675612,Active,2025-11-11,2025,11,11,315
EV10660,Calicut,Fast,Bike,77.02,391.2675285549286,Inactive,2025-08-13,2025,8,13,225
EV10661,Mumbai,Level 2,Bike,92.33,440.0580763435973,Active,2025-02-23,2025,2,23,54
EV10662,Trivandrum,Super Fast,Car,29.29,32.76923052635066,Inactive,2025-10-31,2025,10,31,304
EV10663,Delhi,Fast,Bike,70.18,289.751043980662,Inactive,2025-03-09,2025,3,9,68
EV10664,Bangalore,Fast,Bus,85.89,122.84260848472852,Active,2025-04-17,2025,4,17,107
EV10665,Kochi,DC Fast,Bus,130.56,183.6238474363314,Active,2025-11-30,2025,11,30,334
EV10666,Delhi,Super Fast,Bike,155.84,396.7786953375236,Active,2025-03-18,2025,3,18,77
EV10667,Bangalore,Fast,Bike,56.54,112.17615313351816,Active,2025-01-27,2025,1,27,27
EV10668,Hyderabad,DC Fast,Bike,94.69,326.40404027892305,Inactive,2025-12-10,2025,12,10,344
EV10669,Delhi,Super Fast,Bus,241.39,334.1917717873271,Inactive,2025-06-04,2025,6,4,155
EV10670,Chennai,Level 2,Bus,226.76,477.96507915310434,Active,2025-03-13,2025,3,13,72
EV10671,Kochi,Level 2,Car,123.8,392.0772456938898,Active,2025-06-29,2025,6,29,180
EV10672,Bangalore,DC Fast,Car,212.22,405.74487063377285,Active,2025-02-16,2025,2,16,47
EV10673,Bangalore,Level 2,Car,100.71,275.1683595285889,Active,2025-08-30,2025,8,30,242
EV10674,Bangalore,Fast,Bus,98.28,109.65478743793793,Active,2025-12-25,2025,12,25,359
EV10675,Hyderabad,Super Fast,Car,141.67,224.27041554480877,Active,2025-10-04,2025,10,4,277
EV10676,Delhi,Fast,Bike,84.04,283.7549952856738,Active,2025-11-09,2025,11,9,313
EV10677,Hyderabad,Fast,Bike,77.66,345.6412408225819,Inactive,2025-04-15,2025,4,15,105
EV10678,Mumbai,Level 2,Bus,172.04,311.7003736793251,Active,2025-04-05,2025,4,5,95
EV10679,Calicut,Fast,Car,66.13,209.1093578802769,Inactive,2025-08-07,2025,8,7,219
EV10680,Calicut,Level 2,Bike,48.49,147.3502913580039,Inactive,2025-06-19,2025,6,19,170
EV10681,Mumbai,Super Fast,Bus,92.05,100.75080473776788,Active,2025-10-10,2025,10,10,283
EV10682,Delhi,Super Fast,Car,228.75,353.0457854106878,Active,2025-05-08,2025,5,8,128
EV10683,Chennai,Fast,Bike,101.17,329.7913636699928,Active,2025-07-19,2025,7,19,200
EV10684,Hyderabad,DC Fast,Car,178.16,349.93878356374717,Active,2025-11-28,2025,11,28,332
EV10685,Kochi,Level 2,Bus,76.62,198.81317734534153,Inactive,2025-02-04,2025,2,4,35
EV10686,Bangalore,Level 2,Car,72.77,145.9557548339576,Active,2025-12-20,2025,12,20,354
EV10687,Bangalore,Fast,Bus,250.0,384.6662377668442,Active,2025-05-24,2025,5,24,144
EV10688,Delhi,Level 2,Car,133.23,391.35074962656034,Active,2025-10-19,2025,10,19,292
EV10689,Chennai,Level 2,Bike,57.13,238.6958595040835,Inactive,2025-03-07,2025,3,7,66
EV10690,Calicut,DC Fast,Bus,215.59,313.7139606883156,Active,2025-08-07,2025,8,7,219
EV10691,Calicut,DC Fast,Bus,144.1,199.28943883123577,Active,2025-02-25,2025,2,25,56
EV10692,Bangalore,Fast,Bus,230.31,356.9346560575072,Active,2025-05-25,2025,5,25,145
EV10693,Delhi,DC Fast,Car,179.61,421.1463663909782,Inactive,2025-08-01,2025,8,1,213
EV10694,Hyderabad,Fast,Car,157.11,350.3519731211117,Active,2025-04-04,2025,4,4,94
EV10695,Calicut,Super Fast,Bike,77.62,266.03966088662554,Active,2025-04-16,2025,4,16,106
EV10696,Hyderabad,Fast,Bus,169.42,240.15582055633774,Active,2025-03-25,2025,3,25,84
EV10697,Chennai,Super Fast,Bus,250.0,328.31343246835723,Active,2025-05-16,2025,5,16,136
EV10698,Calicut,Fast,Car,128.44,346.30922796863854,Active,2025-05-26,2025,5,26,146
EV10699,Calicut,Level 2,Car,89.17,288.1901328917787,Active,2025-09-06,2025,9,6,249
EV10700,Trivandrum,DC Fast,Bike,96.68,319.9722920515496,Active,2025-01-18,2025,1,18,18
EV10701,Calicut,Super Fast,Bike,29.51,66.36256759737547,Active,2025-05-05,2025,5,5,125
EV10702,Mumbai,Fast,Car,228.21,476.8474477483168,Active,2025-01-02,2025,1,2,2
EV10703,Kochi,DC Fast,Bus,250.0,399.5710705913763,Active,2025-11-28,2025,11,28,332
EV10704,Mumbai,Fast,Bike,81.82,199.48537745925623,Active,2025-07-19,2025,7,19,200
EV10705,Delhi,DC Fast,Car,166.83,290.1500532577424,Active,2025-05-18,2025,5,18,138
EV10706,Delhi,DC Fast,Car,56.22,42.71577446548225,Inactive,2025-07-22,2025,7,22,203
EV10707,Hyderabad,Fast,Bus,40.85,39.78935071954899,Active,2025-10-09,2025,10,9,282
EV10708,Mumbai,Super Fast,Car,98.27,140.3832008537421,Active,2025-10-30,2025,10,30,303
EV10709,Mumbai,Super Fast,Car,223.07,351.0567883350192,Active,2025-01-30,2025,1,30,30
EV10710,Mumbai,Level 2,Bike,111.17,429.03091894400563,Active,2025-02-25,2025,2,25,56
EV10711,Chennai,DC Fast,Car,155.51,288.4092223903272,Active,2025-04-29,2025,4,29,119
EV10712,Calicut,Level 2,Car,102.5,275.4237149995291,Active,2025-05-12,2025,5,12,132
EV10713,Kochi,Level 2,Bike,47.37,213.10857621990365,Inactive,2025-08-19,2025,8,19,231
EV10714,Hyderabad,Fast,Bus,53.09,97.56701885985017,Inactive,2025-06-01,2025,6,1,152
EV10715,Mumbai,Fast,Bus,52.68,76.80996863676201,Inactive,2025-01-21,2025,1,21,21
EV10716,Mumbai,Fast,Bike,104.55,385.12628538606367,Inactive,2025-03-09,2025,3,9,68
EV10717,Trivandrum,DC Fast,Bike,114.52,465.20170462235626,Inactive,2025-05-06,2025,5,6,126
EV10718,Hyderabad,Fast,Bus,131.63,239.9759438654111,Inactive,2025-02-12,2025,2,12,43
EV10719,Mumbai,Fast,Bus,230.46,336.53391618350634,Active,2025-07-01,2025,7,1,182
EV10720,Hyderabad,DC Fast,Bus,250.0,458.9396724228518,Active,2025-04-10,2025,4,10,100
EV10721,Calicut,DC Fast,Bus,64.89,63.25454380838938,Active,2025-12-15,2025,12,15,349
EV10722,Trivandrum,Super Fast,Bus,250.0,389.8310974971343,Active,2025-08-28,2025,8,28,240
EV10723,Hyderabad,Fast,Bike,94.28,316.07210450027605,Active,2025-07-19,2025,7,19,200
EV10724,Kochi,Fast,Car,99.41,307.34584583833345,Inactive,2025-04-26,2025,4,26,116
EV10725,Kochi,Fast,Bus,106.16,160.4194056711535,Active,2025-04-25,2025,4,25,115
EV10726,Delhi,Super Fast,Bus,250.0,348.2688102932849,Active,2025-05-22,2025,5,22,142
EV10727,Trivandrum,Fast,Car,171.66,401.5029223139727,Active,2025-04-29,2025,4,29,119
EV10728,Trivandrum,Super Fast,Car,53.75,74.17191917297464,Active,2025-04-03,2025,4,3,93
EV10729,Delhi,Level 2,Car,100.0,276.0902868708722,Active,2025-01-09,2025,1,9,9
EV10730,Hyderabad,Super Fast,Car,68.33,68.60728687395664,Active,2025-03-14,2025,3,14,73
EV10731,Trivandrum,Level 2,Car,136.69,438.8355292628694,Active,2025-01-26,2025,1,26,26
EV10732,Kochi,Fast,Car,110.68,263.6656268750467,Active,2025-08-27,2025,8,27,239
EV10733,Kochi,Level 2,Bike,75.1,407.82353084516353,Active,2025-12-28,2025,12,28,362
EV10734,Mumbai,Super Fast,Car,131.5,196.68110607978286,Active,2025-05-25,2025,5,25,145
EV10735,Calicut,DC Fast,Car,55.72,80.0375488718362,Active,2025-03-09,2025,3,9,68
EV10736,Trivandrum,Level 2,Bike,24.23,39.91966610514151,Active,2025-07-07,2025,7,7,188
EV10737,Hyderabad,Level 2,Car,64.99,155.12461797074025,Active,2025-05-11,2025,5,11,131
EV10738,Delhi,Fast,Bus,93.63,137.23217617475768,Active,2025-08-09,2025,8,9,221
EV10739,Delhi,Super Fast,Bus,250.0,288.96894752958167,Active,2025-10-08,2025,10,8,281
EV10740,Hyderabad,Level 2,Car,45.85,30.43464227057953,Active,2025-10-04,2025,10,4,277
EV10741,Chennai,Level 2,Bike,64.83,269.8738612636032,Active,2025-05-20,2025,5,20,140
EV10742,Bangalore,Level 2,Bus,114.65,208.0504361657615,Active,2025-02-23,2025,2,23,54
EV10743,Calicut,Level 2,Bike,49.14,297.01868955893224,Inactive,2025-01-01,2025,1,1,1
EV10744,Delhi,DC Fast,Bus,250.0,357.160413512175,Active,2025-05-08,2025,5,8,128
EV10745,Trivandrum,Super Fast,Car,184.72,324.36413363832276,Active,2025-01-01,2025,1,1,1
EV10746,Calicut,Fast,Bike,127.08,492.6292972992158,Active,2025-06-22,2025,6,22,173
EV10747,Trivandrum,Fast,Bike,47.47,86.36736506089811,Active,2025-09-23,2025,9,23,266
EV10748,Chennai,DC Fast,Bike,90.85,226.27376428629367,Active,2025-10-23,2025,10,23,296
EV10749,Kochi,Super Fast,Bus,152.31,223.91875358878937,Inactive,2025-09-13,2025,9,13,256
EV10750,Calicut,Level 2,Bus,102.21,220.18553777740192,Inactive,2025-06-23,2025,6,23,174
EV10751,Mumbai,DC Fast,Bus,250.0,338.6232281804808,Active,2025-02-14,2025,2,14,45
EV10752,Delhi,Super Fast,Car,123.57,255.11746906242678,Inactive,2025-12-09,2025,12,9,343
EV10753,Calicut,Level 2,Bus,132.73,268.3676287102223,Active,2025-05-21,2025,5,21,141
EV10754,Calicut,DC Fast,Car,110.74,227.53087623044703,Active,2025-01-27,2025,1,27,27
EV10755,Calicut,Super Fast,Bike,167.64,496.01574128891,Active,2025-08-21,2025,8,21,233
EV10756,Bangalore,Fast,Bike,121.0,465.22944743314025,Active,2025-07-28,2025,7,28,209
EV10757,Calicut,Fast,Car,75.19,167.70761089489807,Active,2025-02-19,2025,2,19,50
EV10758,Trivandrum,Super Fast,Bus,82.77,73.56508388800025,Active,2025-03-02,2025,3,2,61
EV10759,Kochi,Fast,Car,170.03,423.0870675385294,Active,2025-08-31,2025,8,31,243
EV10760,Chennai,Super Fast,Bike,177.13,498.6417206843477,Active,2025-09-26,2025,9,26,269
EV10761,Hyderabad,Level 2,Bike,28.13,160.45226913902985,Active,2025-05-20,2025,5,20,140
EV10762,Calicut,Super Fast,Car,103.33,191.7367644040478,Active,2025-06-06,2025,6,6,157
EV10763,Delhi,Level 2,Bus,225.9,471.9839271128974,Active,2025-03-26,2025,3,26,85
EV10764,Calicut,DC Fast,Bus,221.37,361.3421686414831,Active,2025-03-25,2025,3,25,84
EV10765,Delhi,Super Fast,Car,105.56,161.90639925422536,Active,2025-10-03,2025,10,3,276
EV10766,Trivandrum,DC Fast,Car,140.32,298.9023158162792,Inactive,2025-01-31,2025,1,31,31
EV10767,Delhi,Fast,Bus,250.0,473.23019809484293,Active,2025-01-08,2025,1,8,8
EV10768,Mumbai,Level 2,Bike,74.23,409.6702913339737,Inactive,2025-10-07,2025,10,7,280
EV10769,Hyderabad,Super Fast,Car,218.0,376.07970258975666,Active,2025-07-22,2025,7,22,203
EV10770,Kochi,DC Fast,Bus,250.0,373.75822962897075,Active,2025-02-02,2025,2,2,33
EV10771,Delhi,Level 2,Bus,64.25,105.44975566028975,Inactive,2025-10-25,2025,10,25,298
EV10772,Delhi,Level 2,Bike,98.56,415.8469948294095,Active,2025-05-23,2025,5,23,143
EV10773,Kochi,Fast,Bike,46.34,152.5369435728599,Active,2025-12-16,2025,12,16,350
EV10774,Hyderabad,Fast,Bike,123.01,466.57599579273415,Active,2025-02-06,2025,2,6,37
EV10775,Calicut,Level 2,Bike,57.83,195.0271956866158,Active,2025-05-27,2025,5,27,147
EV10776,Delhi,Level 2,Bike,110.38,431.67699058028313,Active,2025-08-16,2025,8,16,228
EV10777,Kochi,Super Fast,Car,85.25,147.79207736854468,Active,2025-02-03,2025,2,3,34
EV10778,Mumbai,Level 2,Bus,118.3,266.97292955947546,Inactive,2025-08-25,2025,8,25,237
EV10779,Mumbai,Super Fast,Car,62.26,71.30494183474907,Active,2025-07-31,2025,7,31,212
EV10780,Trivandrum,Level 2,Car,111.33,336.8570734381635,Active,2025-11-05,2025,11,5,309
EV10781,Kochi,Fast,Car,147.01,421.3180520800824,Inactive,2025-05-20,2025,5,20,140
EV10782,Trivandrum,Super Fast,Car,206.5,364.85469502515974,Active,2025-07-09,2025,7,9,190
EV10783,Mumbai,DC Fast,Car,169.65,271.1640862105555,Active,2025-04-06,2025,4,6,96
EV10784,Hyderabad,Fast,Bike,39.23,41.65562172870055,Active,2025-07-13,2025,7,13,194
EV10785,Calicut,Super Fast,Bike,145.24,468.05168344201206,Active,2025-12-27,2025,12,27,361
EV10786,Kochi,Super Fast,Bus,250.0,358.6349833177446,Active,2025-10-31,2025,10,31,304
EV10787,Chennai,DC Fast,Car,183.65,378.0148344153598,Active,2025-10-23,2025,10,23,296
EV10788,Mumbai,Super Fast,Bus,250.0,401.44667624518746,Active,2025-06-01,2025,6,1,152
EV10789,Mumbai,Level 2,Bike,83.3,378.9168444452531,Inactive,2025-08-11,2025,8,11,223
EV10790,Chennai,DC Fast,Bike,72.42,231.73575876720014,Inactive,2025-07-15,2025,7,15,196
EV10791,Bangalore,Fast,Bike,124.43,372.1384780582145,Active,2025-03-29,2025,3,29,88
EV10792,Mumbai,Fast,Car,115.96,320.0128581489579,Inactive,2025-10-26,2025,10,26,299
EV10793,Delhi,Level 2,Car,149.52,429.9278401610175,Active,2025-01-17,2025,1,17,17
EV10794,Hyderabad,Fast,Bike,109.55,405.1807113619378,Active,2025-07-30,2025,7,30,211
EV10795,Kochi,Super Fast,Bus,46.77,39.859703584284745,Active,2025-08-20,2025,8,20,232
EV10796,Chennai,Super Fast,Bus,180.58,201.86580335965053,Active,2025-12-24,2025,12,24,358
EV10797,Delhi,Level 2,Bike,19.9,36.66375304826939,Inactive,2025-07-02,2025,7,2,183
EV10798,Chennai,Fast,Bus,66.78,68.995963887727,Active,2025-06-11,2025,6,11,162
EV10799,Kochi,Fast,Bike,98.83,308.6771465617334,Active,2025-03-11,2025,3,11,70
EV10800,Trivandrum,Level 2,Bus,182.99,439.4344741578816,Active,2025-03-01,2025,3,1,60
EV10801,Kochi,DC Fast,Bike,50.68,77.51588418044827,Active,2025-06-28,2025,6,28,179
EV10802,Bangalore,Fast,Bus,179.21,236.52285798407914,Active,2025-03-18,2025,3,18,77
EV10803,Kochi,DC Fast,Car,175.14,457.221874307093,Inactive,2025-02-04,2025,2,4,35
EV10804,Kochi,Fast,Bike,84.14,410.8644721623621,Inactive,2025-01-16,2025,1,16,16
EV10805,Bangalore,Fast,Bike,78.79,269.44059030364633,Active,2025-10-21,2025,10,21,294
EV10806,Hyderabad,Fast,Bus,242.97,390.3542908778389,Active,2025-06-20,2025,6,20,171
EV10807,Mumbai,Fast,Bike,90.57,270.89301154137775,Active,2025-02-01,2025,2,1,32
EV10808,Kochi,Super Fast,Bike,39.13,95.88432189576741,Inactive,2025-09-20,2025,9,20,263
EV10809,Bangalore,DC Fast,Bike,41.9,79.87333434640597,Active,2025-08-03,2025,8,3,215
EV10810,Delhi,DC Fast,Car,65.68,110.41675139219349,Active,2025-02-15,2025,2,15,46
EV10811,Trivandrum,Fast,Car,71.75,188.44260558352616,Inactive,2025-07-08,2025,7,8,189
EV10812,Trivandrum,Fast,Bus,250.0,466.654048483529,Active,2025-10-01,2025,10,1,274
EV10813,Kochi,DC Fast,Car,189.33,403.84563855372863,Active,2025-03-12,2025,3,12,71
EV10814,Hyderabad,Super Fast,Bus,192.49,227.7447493886324,Active,2025-10-23,2025,10,23,296
EV10815,Hyderabad,Level 2,Car,91.48,256.6768206980355,Active,2025-03-29,2025,3,29,88
EV10816,Delhi,Level 2,Bus,85.07,147.49253967987914,Active,2025-11-30,2025,11,30,334
EV10817,Kochi,DC Fast,Car,171.88,358.0894191066225,Active,2025-09-18,2025,9,18,261
EV10818,Trivandrum,Fast,Car,180.15,405.32752230177823,Active,2025-07-01,2025,7,1,182
EV10819,Hyderabad,Fast,Bus,96.96,134.67425392043674,Active,2025-12-08,2025,12,8,342
EV10820,Kochi,Super Fast,Bike,19.69,40.07437941750338,Inactive,2025-01-22,2025,1,22,22
EV10821,Chennai,Level 2,Bike,75.4,319.4666927182258,Active,2025-03-15,2025,3,15,74
EV10822,Hyderabad,Super Fast,Car,139.38,290.005817184952,Inactive,2025-03-31,2025,3,31,90
EV10823,Bangalore,Level 2,Bus,108.07,213.02295441386067,Active,2025-12-01,2025,12,1,335
EV10824,Chennai,DC Fast,Bike,107.19,329.06909205114084,Active,2025-06-15,2025,6,15,166
EV10825,Mumbai,Level 2,Bus,147.93,284.2943830328689,Active,2025-08-22,2025,8,22,234
EV10826,Hyderabad,Super Fast,Bike,56.85,140.27915676521252,Active,2025-05-09,2025,5,9,129
EV10827,Trivandrum,Super Fast,Bus,178.89,210.90990829890674,Active,2025-11-30,2025,11,30,334
EV10828,Calicut,Super Fast,Car,128.61,225.494513478676,Active,2025-10-19,2025,10,19,292
EV10829,Chennai,DC Fast,Bus,250.0,442.51903734827056,Active,2025-04-05,2025,4,5,95
EV10830,Mumbai,Level 2,Bike,101.5,481.23399398190054,Active,2025-01-28,2025,1,28,28
EV10831,Delhi,Level 2,Car,121.46,448.6406539503186,Inactive,2025-12-20,2025,12,20,354
EV10832,Delhi,Super Fast,Bus,250.0,365.2054515449502,Active,2025-02-04,2025,2,4,35
EV10833,Trivandrum,Level 2,Bike,61.85,300.7965121307945,Active,2025-08-19,2025,8,19,231
EV10834,Hyderabad,Fast,Car,147.9,350.8455850236584,Active,2025-11-14,2025,11,14,318
EV10835,Kochi,Fast,Bus,250.0,470.7724259516907,Active,2025-12-09,2025,12,9,343
EV10836,Hyderabad,Fast,Bike,38.1,139.99939290743924,Inactive,2025-12-30,2025,12,30,364
EV10837,Trivandrum,Level 2,Bus,135.27,276.85784368323436,Active,2025-05-05,2025,5,5,125
EV10838,Delhi,DC Fast,Bus,250.0,351.0118491201958,Active,2025-03-20,2025,3,20,79
EV10839,Hyderabad,DC Fast,Car,191.1,346.03856063565183,Active,2025-03-02,2025,3,2,61
EV10840,Delhi,DC Fast,Car,65.22,141.0939005968815,Inactive,2025-08-05,2025,8,5,217
EV10841,Chennai,DC Fast,Bike,111.3,301.6311331470809,Active,2025-10-09,2025,10,9,282
EV10842,Mumbai,Fast,Car,187.94,402.0383083616751,Active,2025-06-12,2025,6,12,163
EV10843,Kochi,Fast,Bike,84.02,248.03791042411706,Active,2025-02-26,2025,2,26,57
EV10844,Chennai,Super Fast,Bus,250.0,400.7830768153928,Active,2025-07-10,2025,7,10,191
EV10845,Delhi,Level 2,Bus,103.86,192.7436469221863,Active,2025-05-12,2025,5,12,132
EV10846,Delhi,Level 2,Bike,76.92,470.60486103860427,Inactive,2025-02-11,2025,2,11,42
EV10847,Calicut,DC Fast,Bus,151.11,276.2856514395685,Inactive,2025-06-22,2025,6,22,173
EV10848,Calicut,Fast,Car,105.95,306.05501638045484,Active,2025-06-16,2025,6,16,167
EV10849,Chennai,DC Fast,Bus,49.13,35.05355302620244,Active,2025-09-07,2025,9,7,250
EV10850,Bangalore,Super Fast,Car,77.04,101.72918582172525,Active,2025-07-12,2025,7,12,193
EV10851,Chennai,Level 2,Bike,70.29,323.80826262610145,Active,2025-10-05,2025,10,5,278
EV10852,Calicut,Level 2,Bike,49.55,221.5377784554902,Active,2025-08-26,2025,8,26,238
EV10853,Delhi,DC Fast,Bus,203.03,263.91861941992386,Active,2025-08-18,2025,8,18,230
EV10854,Trivandrum,Super Fast,Bus,50.75,50.226276192176215,Inactive,2025-06-14,2025,6,14,165
EV10855,Chennai,Level 2,Car,131.24,420.38491443698445,Active,2025-08-31,2025,8,31,243
EV10856,Delhi,Super Fast,Car,198.47,396.56268910218427,Inactive,2025-03-31,2025,3,31,90
EV10857,Trivandrum,Super Fast,Bus,106.92,108.96990834648777,Active,2025-06-28,2025,6,28,179
EV10858,Trivandrum,DC Fast,Bus,239.84,324.47809148354213,Active,2025-02-27,2025,2,27,58
EV10859,Calicut,Fast,Bike,105.92,412.7913015940504,Active,2025-09-20,2025,9,20,263
EV10860,Chennai,DC Fast,Bike,88.94,327.609985479488,Inactive,2025-05-16,2025,5,16,136
EV10861,Hyderabad,Fast,Bike,62.59,168.9910857420055,Active,2025-08-26,2025,8,26,238
EV10862,Kochi,Super Fast,Bus,218.02,334.9333522295202,Inactive,2025-11-03,2025,11,3,307
EV10863,Calicut,Fast,Bus,69.3,121.02163888794188,Inactive,2025-08-31,2025,8,31,243
EV10864,Calicut,Super Fast,Bus,132.42,172.762398694122,Active,2025-05-31,2025,5,31,151
EV10865,Hyderabad,Level 2,Bike,33.44,135.23343349144574,Active,2025-12-12,2025,12,12,346
EV10866,Kochi,Level 2,Bus,112.57,287.32404914729915,Inactive,2025-12-30,2025,12,30,364
EV10867,Delhi,Level 2,Car,45.61,71.94879044746332,Active,2025-09-04,2025,9,4,247
EV10868,Bangalore,DC Fast,Bus,250.0,467.9889825672026,Active,2025-08-07,2025,8,7,219
EV10869,Chennai,DC Fast,Bus,151.92,180.08592975817606,Active,2025-01-09,2025,1,9,9
EV10870,Bangalore,Super Fast,Bus,120.1,125.10566101078464,Inactive,2025-10-21,2025,10,21,294
EV10871,Delhi,Level 2,Bus,151.01,258.343910528879,Active,2025-01-13,2025,1,13,13
EV10872,Mumbai,DC Fast,Bus,108.83,152.9589528582637,Inactive,2025-09-20,2025,9,20,263
EV10873,Calicut,Level 2,Car,85.55,276.75396146366927,Active,2025-08-13,2025,8,13,225
EV10874,Kochi,DC Fast,Car,104.95,187.28439189540103,Active,2025-08-19,2025,8,19,231
EV10875,Calicut,Fast,Bus,67.02,83.39206916913959,Active,2025-06-27,2025,6,27,178
EV10876,Trivandrum,Fast,Bike,43.65,147.62971617308577,Active,2025-09-04,2025,9,4,247
EV10877,Calicut,Level 2,Bus,87.02,230.4511255815321,Inactive,2025-03-08,2025,3,8,67
EV10878,Calicut,Super Fast,Bus,44.59,34.5407487102203,Inactive,2025-10-24,2025,10,24,297
EV10879,Delhi,DC Fast,Bus,238.82,389.9084129670858,Inactive,2025-06-06,2025,6,6,157
EV10880,Delhi,DC Fast,Bike,87.88,318.4757910033996,Inactive,2025-06-14,2025,6,14,165
EV10881,Delhi,Fast,Bike,89.79,308.65261149361004,Active,2025-07-03,2025,7,3,184
EV10882,Bangalore,Fast,Bike,83.16,282.10396730372764,Active,2025-07-27,2025,7,27,208
EV10883,Trivandrum,Super Fast,Car,163.52,303.3503227160329,Active,2025-01-16,2025,1,16,16
EV10884,Mumbai,Super Fast,Bike,155.61,468.6329372994659,Inactive,2025-10-27,2025,10,27,300
EV10885,Mumbai,Super Fast,Car,28.07,24.11322118915553,Active,2025-11-02,2025,11,2,306
EV10886,Delhi,Level 2,Car,31.99,42.943860635719645,Inactive,2025-08-29,2025,8,29,241
EV10887,Kochi,Fast,Bike,44.26,111.91683676678511,Active,2025-08-18,2025,8,18,230
EV10888,Bangalore,Level 2,Bike,26.06,100.30466239671205,Inactive,2025-01-18,2025,1,18,18
EV10889,Hyderabad,Fast,Bike,30.58,106.97334054520768,Active,2025-05-27,2025,5,27,147
EV10890,Kochi,Fast,Car,140.6,342.5330652073521,Active,2025-09-01,2025,9,1,244
EV10891,Chennai,DC Fast,Bus,147.45,240.55198450407937,Inactive,2025-02-20,2025,2,20,51
EV10892,Chennai,Fast,Bike,113.65,496.0538616006527,Inactive,2025-09-16,2025,9,16,259
EV10893,Kochi,Fast,Bike,53.57,128.90523910541353,Active,2025-08-26,2025,8,26,238
EV10894,Delhi,Level 2,Bike,28.21,169.19844849319742,Inactive,2025-09-03,2025,9,3,246
EV10895,Hyderabad,Fast,Car,169.82,492.43554406479154,Inactive,2025-12-11,2025,12,11,345
EV10896,Hyderabad,Level 2,Car,149.39,419.24390758507855,Active,2025-11-06,2025,11,6,310
EV10897,Bangalore,Super Fast,Bus,233.6,245.50362592569573,Active,2025-02-18,2025,2,18,49
EV10898,Hyderabad,Fast,Bike,71.46,286.20650506207505,Active,2025-10-11,2025,10,11,284
EV10899,Chennai,Fast,Car,189.76,424.72540191336344,Active,2025-02-07,2025,2,7,38
EV10900,Trivandrum,Level 2,Bus,94.9,250.87051810223747,Inactive,2025-10-11,2025,10,11,284
EV10901,Delhi,Super Fast,Bike,65.84,118.89138731940048,Active,2025-02-01,2025,2,1,32
EV10902,Hyderabad,DC Fast,Car,208.56,417.653378506105,Active,2025-08-31,2025,8,31,243
EV10903,Bangalore,Super Fast,Bike,117.56,278.13079581230886,Active,2025-02-10,2025,2,10,41
EV10904,Chennai,Level 2,Bike,33.0,93.46044663863422,Active,2025-10-19,2025,10,19,292
EV10905,Trivandrum,Super Fast,Car,143.64,262.68119896851084,Active,2025-04-13,2025,4,13,103
EV10906,Calicut,Level 2,Car,69.8,218.3376226864922,Active,2025-10-19,2025,10,19,292
EV10907,Calicut,Level 2,Car,134.27,440.8844153032438,Active,2025-04-17,2025,4,17,107
EV10908,Trivandrum,DC Fast,Bike,37.92,80.50660705313763,Active,2025-09-03,2025,9,3,246
EV10909,Chennai,Fast,Bike,91.27,440.10070613505223,Inactive,2025-03-28,2025,3,28,87
EV10910,Bangalore,Level 2,Bus,127.07,265.8612880689367,Active,2025-03-07,2025,3,7,66
EV10911,Trivandrum,Level 2,Bike,48.93,214.09492639095086,Active,2025-05-18,2025,5,18,138
EV10912,Delhi,DC Fast,Car,60.67,97.74424851341136,Active,2025-11-22,2025,11,22,326
EV10913,Delhi,Level 2,Bike,89.15,356.3926220665661,Active,2025-07-19,2025,7,19,200
EV10914,Calicut,Fast,Bus,248.69,464.8672203728194,Active,2025-12-01,2025,12,1,335
EV10915,Hyderabad,DC Fast,Bus,128.59,200.1811298716735,Inactive,2025-04-03,2025,4,3,93
EV10916,Bangalore,Fast,Car,71.86,135.96080032200007,Active,2025-12-14,2025,12,14,348
EV10917,Calicut,Fast,Car,100.49,286.3361201595954,Inactive,2025-10-05,2025,10,5,278
EV10918,Hyderabad,DC Fast,Bus,250.0,402.16925524825774,Active,2025-01-20,2025,1,20,20
EV10919,Hyderabad,Level 2,Bus,23.34,21.808493384255865,Inactive,2025-10-16,2025,10,16,289
EV10920,Mumbai,Fast,Bus,178.0,323.06116946980603,Inactive,2025-03-31,2025,3,31,90
EV10921,Delhi,Fast,Car,148.44,306.3276803353428,Active,2025-02-19,2025,2,19,50
EV10922,Chennai,Fast,Bus,112.36,172.71304918599682,Active,2025-01-10,2025,1,10,10
EV10923,Kochi,Fast,Bus,139.88,236.68304173038575,Active,2025-03-20,2025,3,20,79
EV10924,Chennai,DC Fast,Car,87.97,138.54234759767405,Active,2025-02-06,2025,2,6,37
EV10925,Kochi,DC Fast,Bike,95.88,399.1451542168845,Inactive,2025-02-28,2025,2,28,59
EV10926,Trivandrum,Super Fast,Bike,122.18,324.57676801573166,Active,2025-03-29,2025,3,29,88
EV10927,Delhi,Super Fast,Bus,240.4,275.7015785787129,Active,2025-04-14,2025,4,14,104
EV10928,Hyderabad,Fast,Bike,63.18,208.41257524055706,Inactive,2025-11-15,2025,11,15,319
EV10929,Bangalore,Level 2,Bike,40.95,159.8645052899514,Inactive,2025-10-04,2025,10,4,277
EV10930,Kochi,Fast,Bike,110.39,414.91351330084706,Active,2025-04-14,2025,4,14,104
EV10931,Chennai,Level 2,Bike,61.16,236.67568180811313,Inactive,2025-09-11,2025,9,11,254
EV10932,Hyderabad,Fast,Bus,167.88,260.6947615240029,Active,2025-08-18,2025,8,18,230
EV10933,Kochi,Super Fast,Bike,87.11,269.997790659556,Active,2025-12-01,2025,12,1,335
EV10934,Kochi,Super Fast,Bike,86.26,235.2161290071567,Active,2025-02-06,2025,2,6,37
EV10935,Mumbai,Level 2,Car,65.13,142.9224445944434,Inactive,2025-10-28,2025,10,28,301
EV10936,Kochi,Fast,Bus,62.18,77.76341131666497,Active,2025-05-22,2025,5,22,142
EV10937,Bangalore,Level 2,Car,31.27,67.29788824051553,Active,2025-02-12,2025,2,12,43
EV10938,Delhi,Super Fast,Car,234.6,383.58201120353056,Active,2025-04-26,2025,4,26,116
EV10939,Bangalore,Fast,Bus,98.75,127.29335470472546,Active,2025-12-07,2025,12,7,341
EV10940,Calicut,Fast,Bike,28.32,46.72295117790828,Active,2025-03-25,2025,3,25,84
EV10941,Hyderabad,Level 2,Car,111.83,402.80835521402526,Inactive,2025-09-16,2025,9,16,259
EV10942,Delhi,DC Fast,Bus,82.36,93.94959337311104,Active,2025-12-26,2025,12,26,360
EV10943,Mumbai,Level 2,Bike,74.42,320.0701240320099,Active,2025-03-28,2025,3,28,87
EV10944,Delhi,Super Fast,Bus,145.22,182.54877029497433,Inactive,2025-12-09,2025,12,9,343
EV10945,Delhi,Super Fast,Car,60.32,80.71052321182854,Inactive,2025-12-13,2025,12,13,347
EV10946,Chennai,Super Fast,Bike,88.13,218.95087004209276,Active,2025-10-18,2025,10,18,291
EV10947,Delhi,Super Fast,Bike,25.21,27.108253343660067,Active,2025-04-06,2025,4,6,96
EV10948,Mumbai,Super Fast,Bus,250.0,423.70159160602896,Inactive,2025-09-12,2025,9,12,255
EV10949,Bangalore,DC Fast,Bike,76.78,266.4790214440915,Inactive,2025-12-08,2025,12,8,342
EV10950,Delhi,Fast,Car,57.25,86.79680523582167,Active,2025-05-16,2025,5,16,136
EV10951,Trivandrum,Level 2,Car,61.13,133.75055282671266,Active,2025-09-05,2025,9,5,248
EV10952,Hyderabad,Level 2,Car,77.75,235.0280922264928,Active,2025-04-02,2025,4,2,92
EV10953,Delhi,Super Fast,Bus,114.65,110.65730375146336,Active,2025-09-04,2025,9,4,247
EV10954,Hyderabad,Level 2,Bike,24.22,148.9275975205212,Active,2025-09-15,2025,9,15,258
EV10955,Trivandrum,Super Fast,Bike,104.54,276.5050708329263,Active,2025-07-06,2025,7,6,187
EV10956,Trivandrum,DC Fast,Bike,135.68,419.65232625842503,Active,2025-05-04,2025,5,4,124
EV10957,Hyderabad,DC Fast,Car,101.38,212.88304913116198,Inactive,2025-09-17,2025,9,17,260
EV10958,Kochi,Fast,Bike,102.87,364.1481313057032,Active,2025-06-18,2025,6,18,169
EV10959,Calicut,DC Fast,Car,198.69,440.8084224611112,Active,2025-12-31,2025,12,31,365
EV10960,Chennai,DC Fast,Bike,42.62,123.82445134215774,Inactive,2025-04-21,2025,4,21,111
EV10961,Kochi,Fast,Car,150.29,407.45214579303683,Active,2025-10-17,2025,10,17,290
EV10962,Kochi,Level 2,Bike,81.31,383.55305519889316,Active,2025-03-28,2025,3,28,87
EV10963,Bangalore,Super Fast,Bus,149.83,191.3299030151048,Inactive,2025-01-13,2025,1,13,13
EV10964,Chennai,Super Fast,Bus,250.0,494.9695805604162,Active,2025-09-20,2025,9,20,263
EV10965,Chennai,Level 2,Car,56.35,146.03473828925937,Inactive,2025-10-15,2025,10,15,288
EV10966,Kochi,Fast,Car,70.51,142.30556769521388,Active,2025-01-23,2025,1,23,23
EV10967,Delhi,Level 2,Bike,87.85,390.68439903353493,Active,2025-07-19,2025,7,19,200
EV10968,Bangalore,DC Fast,Bike,75.14,228.63551266452043,Inactive,2025-08-30,2025,8,30,242
EV10969,Bangalore,Fast,Bus,122.92,178.78159749490075,Active,2025-08-27,2025,8,27,239
EV10970,Trivandrum,Fast,Bike,35.94,105.75814656276941,Inactive,2025-10-30,2025,10,30,303
EV10971,Mumbai,Fast,Car,169.81,387.35956684858115,Active,2025-06-14,2025,6,14,165
EV10972,Chennai,Super Fast,Car,233.56,397.434466945317,Active,2025-08-14,2025,8,14,226
EV10973,Kochi,Level 2,Car,70.86,291.9507215504674,Inactive,2025-06-25,2025,6,25,176
EV10974,Trivandrum,Fast,Car,190.75,479.510534331859,Active,2025-01-29,2025,1,29,29
EV10975,Hyderabad,Fast,Car,90.14,172.71836980287404,Active,2025-06-14,2025,6,14,165
EV10976,Calicut,Fast,Bus,81.21,125.41714183008185,Active,2025-01-23,2025,1,23,23
EV10977,Mumbai,Level 2,Bus,194.05,345.1840490885417,Active,2025-10-21,2025,10,21,294
EV10978,Mumbai,Super Fast,Car,202.38,384.0361475838583,Inactive,2025-02-13,2025,2,13,44
EV10979,Mumbai,DC Fast,Bike,56.45,127.95486586487473,Inactive,2025-09-18,2025,9,18,261
EV10980,Bangalore,Super Fast,Car,57.99,56.77316684533436,Active,2025-06-29,2025,6,29,180
EV10981,Hyderabad,Fast,Bus,250.0,409.04791356145853,Active,2025-10-23,2025,10,23,296
EV10982,Mumbai,Super Fast,Car,250.0,488.72094735008596,Active,2025-05-19,2025,5,19,139
EV10983,Hyderabad,Super Fast,Bus,250.0,329.4426973146965,Active,2025-11-30,2025,11,30,334
EV10984,Delhi,DC Fast,Bus,97.27,153.3761120690692,Inactive,2025-09-05,2025,9,5,248
EV10985,Mumbai,Level 2,Car,183.56,498.4028521053402,Active,2025-08-29,2025,8,29,241
EV10986,Calicut,Level 2,Car,126.93,448.7679854081972,Active,2025-04-16,2025,4,16,106
EV10987,Hyderabad,Super Fast,Bike,96.08,266.4227102145411,Inactive,2025-06-22,2025,6,22,173
EV10988,Hyderabad,Super Fast,Bus,250.0,416.1542167240802,Active,2025-02-18,2025,2,18,49
EV10989,Calicut,Level 2,Bike,80.12,411.59385116622406,Active,2025-05-03,2025,5,3,123
EV10990,Mumbai,Level 2,Car,175.32,468.70350544327977,Active,2025-02-04,2025,2,4,35
EV10991,Calicut,DC Fast,Bus,224.97,423.64344501126084,Inactive,2025-04-16,2025,4,16,106
EV10992,Hyderabad,Fast,Bike,98.33,328.966033259439,Active,2025-11-24,2025,11,24,328
EV10993,Calicut,Super Fast,Bike,102.58,312.46578509912354,Active,2025-07-15,2025,7,15,196
EV10994,Hyderabad,Level 2,Bike,46.64,244.33149839917363,Inactive,2025-04-19,2025,4,19,109
EV10995,Hyderabad,Super Fast,Car,157.93,320.7131071859635,Inactive,2025-05-05,2025,5,5,125
EV10996,Delhi,Super Fast,Car,192.08,401.7039615345837,Inactive,2025-11-23,2025,11,23,327
EV10997,Kochi,Level 2,Car,146.49,485.1380606252256,Active,2025-10-22,2025,10,22,295
EV10998,Hyderabad,DC Fast,Bus,197.15,244.29793192741764,Active,2025-12-13,2025,12,13,347
EV10999,Mumbai,Super Fast,Car,180.64,295.3535374346034,Active,2025-02-06,2025,2,6,37
EV11000,Trivandrum,DC Fast,Bus,179.6,233.50663762821523,Active,2025-07-07,2025,7,7,188
EV11001,Bangalore,Level 2,Bike,88.1,340.87453807203394,Active,2025-12-03,2025,12,3,337
EV11002,Chennai,Fast,Bike,91.03,322.3618419494046,Active,2025-01-23,2025,1,23,23
EV11003,Kochi,Fast,Car,30.26,28.560219292939184,Active,2025-09-18,2025,9,18,261
EV11004,Kochi,Super Fast,Bike,98.41,279.75754836831607,Active,2025-07-13,2025,7,13,194
EV11005,Kochi,Level 2,Car,30.64,62.47370993552673,Inactive,2025-06-01,2025,6,1,152
EV11006,Delhi,DC Fast,Bus,50.21,32.664136642658406,Active,2025-01-18,2025,1,18,18
EV11007,Hyderabad,Super Fast,Bike,155.09,399.77463780065517,Active,2025-01-27,2025,1,27,27
EV11008,Delhi,Level 2,Car,66.66,144.15193383646425,Active,2025-01-24,2025,1,24,24
EV11009,Hyderabad,Level 2,Bike,56.66,183.51443709790365,Active,2025-01-29,2025,1,29,29
EV11010,Mumbai,DC Fast,Bike,36.69,50.760602049951785,Active,2025-05-19,2025,5,19,139
EV11011,Delhi,Super Fast,Car,70.01,106.16012503728831,Active,2025-05-26,2025,5,26,146
EV11012,Delhi,Level 2,Bike,84.66,387.49031276374035,Inactive,2025-05-03,2025,5,3,123
EV11013,Bangalore,Level 2,Bike,49.11,256.894798511658,Inactive,2025-05-08,2025,5,8,128
EV11014,Trivandrum,Level 2,Bike,92.41,442.72086202407127,Active,2025-04-27,2025,4,27,117
EV11015,Delhi,DC Fast,Bike,75.67,210.6762231040809,Inactive,2025-05-12,2025,5,12,132
EV11016,Bangalore,Super Fast,Bus,131.43,148.97635316204875,Active,2025-10-16,2025,10,16,289
EV11017,Calicut,Super Fast,Bike,66.75,186.84791094015247,Inactive,2025-07-25,2025,7,25,206
EV11018,Trivandrum,Super Fast,Bike,122.25,362.13046088811416,Active,2025-08-24,2025,8,24,236
EV11019,Mumbai,Super Fast,Car,190.36,286.4027227205533,Active,2025-02-11,2025,2,11,42
EV11020,Delhi,Fast,Bus,248.91,454.0117796251654,Inactive,2025-06-09,2025,6,9,160
EV11021,Chennai,Fast,Car,130.92,309.04100930666397,Active,2025-09-09,2025,9,9,252
EV11022,Kochi,Super Fast,Car,138.82,256.6487400711215,Active,2025-06-28,2025,6,28,179
EV11023,Calicut,DC Fast,Car,147.38,397.1613074656318,Inactive,2025-05-05,2025,5,5,125
EV11024,Calicut,Fast,Bus,202.26,474.8162483520537,Inactive,2025-09-17,2025,9,17,260
EV11025,Mumbai,Level 2,Car,61.68,190.80603739758587,Active,2025-10-03,2025,10,3,276
EV11026,Bangalore,Fast,Car,74.65,139.9405808794293,Active,2025-08-01,2025,8,1,213
EV11027,Calicut,Level 2,Car,85.68,315.7843502211868,Inactive,2025-11-20,2025,11,20,324
EV11028,Trivandrum,Super Fast,Bike,81.45,259.45895415386286,Inactive,2025-07-09,2025,7,9,190
EV11029,Delhi,Fast,Car,220.07,494.809075935096,Active,2025-02-27,2025,2,27,58
EV11030,Delhi,DC Fast,Bus,168.62,241.933656390912,Inactive,2025-07-22,2025,7,22,203
EV11031,Chennai,Fast,Bus,42.39,55.679144652966016,Inactive,2025-03-21,2025,3,21,80
EV11032,Mumbai,Fast,Bike,139.4,489.1371491732652,Active,2025-08-16,2025,8,16,228
EV11033,Kochi,Fast,Bus,198.31,424.92173388489925,Inactive,2025-04-05,2025,4,5,95
EV11034,Bangalore,Super Fast,Bus,104.39,105.56006909982241,Active,2025-01-04,2025,1,4,4
EV11035,Kochi,DC Fast,Bike,131.95,454.21052149417727,Active,2025-06-14,2025,6,14,165
EV11036,Calicut,Fast,Car,94.69,183.5200739944374,Active,2025-10-27,2025,10,27,300
EV11037,Mumbai,DC Fast,Bike,80.78,201.01375257653336,Active,2025-02-11,2025,2,11,42
EV11038,Chennai,Super Fast,Car,210.28,455.0679115338364,Inactive,2025-10-12,2025,10,12,285
EV11039,Kochi,Level 2,Car,103.12,274.45547121695137,Active,2025-08-17,2025,8,17,229
EV11040,Trivandrum,Fast,Bus,66.66,86.12620611128943,Inactive,2025-08-31,2025,8,31,243
EV11041,Delhi,DC Fast,Bike,70.7,197.14695648406592,Inactive,2025-07-31,2025,7,31,212
EV11042,Calicut,DC Fast,Bus,190.65,366.60677420858275,Inactive,2025-10-27,2025,10,27,300
EV11043,Chennai,Super Fast,Bus,124.1,103.60841027264803,Active,2025-02-24,2025,2,24,55
EV11044,Kochi,Fast,Car,113.63,303.3109747550522,Active,2025-12-02,2025,12,2,336
EV11045,Bangalore,Level 2,Bus,161.75,353.73158381332007,Active,2025-06-22,2025,6,22,173
EV11046,Trivandrum,DC Fast,Bike,62.23,185.0497162604381,Inactive,2025-10-04,2025,10,4,277
EV11047,Trivandrum,Fast,Bus,211.77,353.0627305799947,Active,2025-11-30,2025,11,30,334
EV11048,Kochi,Level 2,Bus,140.18,444.4195288780729,Inactive,2025-08-17,2025,8,17,229
EV11049,Delhi,DC Fast,Car,114.17,246.61603723195563,Inactive,2025-01-30,2025,1,30,30
EV11050,Kochi,DC Fast,Bike,61.72,203.7964775262971,Inactive,2025-01-23,2025,1,23,23
EV11051,Calicut,Level 2,Bus,71.23,140.55603265197715,Active,2025-01-05,2025,1,5,5
EV11052,Kochi,Level 2,Car,103.8,310.018630334386,Active,2025-03-04,2025,3,4,63
EV11053,Trivandrum,Super Fast,Bus,250.0,442.3289830585837,Inactive,2025-08-09,2025,8,9,221
EV11054,Chennai,Fast,Bike,58.77,175.83740824889315,Active,2025-11-11,2025,11,11,315
EV11055,Kochi,Fast,Bus,118.75,210.19305177790568,Inactive,2025-03-23,2025,3,23,82
EV11056,Delhi,Super Fast,Bus,209.55,215.18024842399225,Active,2025-08-30,2025,8,30,242
EV11057,Mumbai,DC Fast,Car,132.99,289.18992405320824,Inactive,2025-09-10,2025,9,10,253
EV11058,Chennai,Level 2,Bus,68.49,129.63630155237053,Inactive,2025-02-21,2025,2,21,52
EV11059,Bangalore,Level 2,Car,148.9,414.66135454769807,Active,2025-11-17,2025,11,17,321
EV11060,Hyderabad,Level 2,Bike,40.55,161.88909320202623,Active,2025-02-08,2025,2,8,39
EV11061,Kochi,DC Fast,Bus,203.36,358.57409163040734,Inactive,2025-09-16,2025,9,16,259
EV11062,Delhi,Level 2,Bike,69.49,266.34355605418494,Active,2025-11-23,2025,11,23,327
EV11063,Chennai,Level 2,Bike,76.5,301.2308496093233,Active,2025-09-28,2025,9,28,271
EV11064,Delhi,Super Fast,Bus,102.22,106.21219463710538,Active,2025-03-13,2025,3,13,72
EV11065,Bangalore,DC Fast,Car,195.1,372.81113512552184,Active,2025-03-11,2025,3,11,70
EV11066,Trivandrum,Fast,Bike,38.34,110.53784914046292,Active,2025-08-08,2025,8,8,220
EV11067,Delhi,Super Fast,Bike,42.8,74.46734606117077,Inactive,2025-01-04,2025,1,4,4
EV11068,Chennai,Super Fast,Bus,237.57,282.4061599466177,Active,2025-12-16,2025,12,16,350
EV11069,Delhi,Fast,Bus,233.27,360.4626257204793,Active,2025-10-17,2025,10,17,290
EV11070,Delhi,Super Fast,Bus,50.75,44.01720148868323,Inactive,2025-10-19,2025,10,19,292
EV11071,Delhi,DC Fast,Bus,51.1,53.30975117146019,Active,2025-12-21,2025,12,21,355
EV11072,Calicut,Level 2,Bus,158.68,405.2859980988411,Active,2025-08-19,2025,8,19,231
EV11073,Calicut,DC Fast,Bus,223.82,408.33569576351937,Inactive,2025-03-21,2025,3,21,80
EV11074,Trivandrum,Fast,Car,55.35,137.74626418835896,Inactive,2025-03-07,2025,3,7,66
EV11075,Kochi,Fast,Bike,75.02,315.3095373440977,Active,2025-05-16,2025,5,16,136
EV11076,Delhi,Super Fast,Car,116.04,232.72643606943657,Inactive,2025-07-10,2025,7,10,191
EV11077,Bangalore,DC Fast,Car,141.01,323.69409987368624,Inactive,2025-12-13,2025,12,13,347
EV11078,Kochi,DC Fast,Bus,250.0,434.18205636762804,Active,2025-12-02,2025,12,2,336
EV11079,Bangalore,Fast,Bike,32.6,58.331083799483125,Active,2025-02-28,2025,2,28,59
EV11080,Kochi,DC Fast,Car,156.86,393.4325244744581,Inactive,2025-09-23,2025,9,23,266
EV11081,Trivandrum,Fast,Bus,158.41,256.6539701700989,Active,2025-01-07,2025,1,7,7
EV11082,Delhi,DC Fast,Bus,232.16,290.7809330057583,Active,2025-07-21,2025,7,21,202
EV11083,Delhi,DC Fast,Bike,95.75,333.88705280821773,Inactive,2025-11-28,2025,11,28,332
EV11084,Hyderabad,DC Fast,Car,238.4,462.85911158197155,Active,2025-08-25,2025,8,25,237
EV11085,Bangalore,Fast,Car,29.45,47.22557770483418,Active,2025-09-25,2025,9,25,268
EV11086,Kochi,Super Fast,Car,37.33,34.148649019734876,Active,2025-03-20,2025,3,20,79
EV11087,Kochi,DC Fast,Bus,87.74,105.56565511461127,Active,2025-02-15,2025,2,15,46
EV11088,Mumbai,Fast,Bike,145.46,493.49490849283353,Active,2025-08-31,2025,8,31,243
EV11089,Mumbai,Fast,Bike,99.24,363.2366563413323,Active,2025-10-15,2025,10,15,288
EV11090,Calicut,DC Fast,Car,141.89,315.0277371461609,Active,2025-06-09,2025,6,9,160
EV11091,Hyderabad,DC Fast,Bus,54.32,42.57874563907899,Active,2025-04-25,2025,4,25,115
EV11092,Chennai,Super Fast,Car,208.92,441.9729074686231,Inactive,2025-04-24,2025,4,24,114
EV11093,Mumbai,Fast,Bike,115.17,410.1232895826366,Inactive,2025-05-06,2025,5,6,126
EV11094,Chennai,Fast,Bus,208.04,339.10402105620074,Active,2025-03-31,2025,3,31,90
EV11095,Calicut,Level 2,Car,40.57,182.7827914326573,Inactive,2025-03-02,2025,3,2,61
EV11096,Calicut,Fast,Car,30.59,53.84237867276351,Inactive,2025-11-13,2025,11,13,317
EV11097,Calicut,Super Fast,Bus,165.4,298.4184741924428,Inactive,2025-04-12,2025,4,12,102
EV11098,Bangalore,Level 2,Bike,90.08,365.45339430120197,Active,2025-04-24,2025,4,24,114
EV11099,Bangalore,Level 2,Bus,48.74,65.23536822907877,Active,2025-06-23,2025,6,23,174
EV11100,Trivandrum,Level 2,Car,94.67,324.20847670327805,Inactive,2025-04-02,2025,4,2,92
EV11101,Trivandrum,DC Fast,Car,93.9,157.45571258583612,Active,2025-07-02,2025,7,2,183
EV11102,Calicut,DC Fast,Car,182.67,386.8372261855096,Active,2025-07-24,2025,7,24,205
EV11103,Hyderabad,Fast,Car,106.69,279.01560828888177,Active,2025-12-29,2025,12,29,363
EV11104,Kochi,Level 2,Bike,13.99,81.93765814900962,Inactive,2025-07-14,2025,7,14,195
EV11105,Bangalore,Super Fast,Bike,103.76,272.7293349119533,Active,2025-11-01,2025,11,1,305
EV11106,Hyderabad,DC Fast,Car,114.57,209.95369441602494,Active,2025-01-25,2025,1,25,25
EV11107,Delhi,Super Fast,Bike,57.63,106.57086477519292,Active,2025-08-22,2025,8,22,234
EV11108,Bangalore,Super Fast,Bike,132.67,423.9275475498191,Inactive,2025-01-16,2025,1,16,16
EV11109,Bangalore,DC Fast,Bike,28.54,25.293655279585376,Active,2025-05-21,2025,5,21,141
EV11110,Trivandrum,DC Fast,Car,82.39,169.82157290149087,Active,2025-04-18,2025,4,18,108
EV11111,Kochi,DC Fast,Bus,30.05,26.04561832132484,Active,2025-10-27,2025,10,27,300
EV11112,Kochi,DC Fast,Bus,59.05,66.0833343229533,Active,2025-12-05,2025,12,5,339
EV11113,Mumbai,Level 2,Bus,94.35,162.6061852030789,Active,2025-10-30,2025,10,30,303
EV11114,Chennai,Level 2,Car,29.05,46.05016898689932,Active,2025-03-21,2025,3,21,80
EV11115,Chennai,Level 2,Bike,74.15,306.38265553142776,Active,2025-03-17,2025,3,17,76
EV11116,Chennai,Level 2,Bike,21.36,61.69419583336774,Active,2025-10-03,2025,10,3,276
EV11117,Chennai,Fast,Car,124.04,356.8225443517257,Inactive,2025-09-25,2025,9,25,268
EV11118,Delhi,Level 2,Car,37.69,45.26821406103734,Active,2025-04-22,2025,4,22,112
EV11119,Delhi,DC Fast,Bus,56.75,48.46826950452646,Active,2025-11-12,2025,11,12,316
EV11120,Bangalore,Super Fast,Bus,154.12,166.55643153596785,Active,2025-03-16,2025,3,16,75
EV11121,Calicut,Level 2,Car,129.5,450.3543319852532,Active,2025-08-02,2025,8,2,214
EV11122,Trivandrum,Fast,Bus,196.93,327.8687593871919,Active,2025-02-03,2025,2,3,34
EV11123,Trivandrum,DC Fast,Bike,120.42,389.6630201258813,Active,2025-05-21,2025,5,21,141
EV11124,Chennai,Super Fast,Car,53.2,87.94501254901091,Inactive,2025-06-15,2025,6,15,166
EV11125,Bangalore,Super Fast,Car,247.79,420.380207958678,Active,2025-08-19,2025,8,19,231
EV11126,Mumbai,Level 2,Bike,26.81,23.910199133232872,Active,2025-10-19,2025,10,19,292
EV11127,Hyderabad,Super Fast,Bike,61.74,122.26752835184294,Active,2025-01-28,2025,1,28,28
EV11128,Calicut,Level 2,Bike,56.74,315.72431415199685,Active,2025-10-22,2025,10,22,295
EV11129,Bangalore,Level 2,Bus,122.59,200.11827612514418,Active,2025-11-29,2025,11,29,333
EV11130,Calicut,DC Fast,Car,212.13,492.4128280249105,Active,2025-12-26,2025,12,26,360
EV11131,Calicut,DC Fast,Bus,44.44,34.56283847279275,Active,2025-04-01,2025,4,1,91
EV11132,Calicut,Fast,Bike,111.04,499.32712060954077,Active,2025-04-25,2025,4,25,115
EV11133,Bangalore,DC Fast,Bus,250.0,319.3413597734317,Active,2025-06-08,2025,6,8,159
EV11134,Chennai,DC Fast,Bike,102.74,288.1793574061263,Active,2025-09-15,2025,9,15,258
EV11135,Trivandrum,Level 2,Bus,43.14,48.565972430707696,Active,2025-12-04,2025,12,4,338
EV11136,Trivandrum,DC Fast,Bus,118.59,151.19786079962753,Active,2025-03-31,2025,3,31,90
EV11137,Chennai,Level 2,Bike,84.18,463.83809037996593,Active,2025-09-02,2025,9,2,245
EV11138,Calicut,Level 2,Bus,104.39,190.03808153083725,Active,2025-10-25,2025,10,25,298
EV11139,Hyderabad,DC Fast,Car,182.8,337.59353622428046,Active,2025-01-31,2025,1,31,31
EV11140,Kochi,Fast,Bus,250.0,499.7582482009864,Active,2025-11-13,2025,11,13,317
EV11141,Bangalore,Fast,Bus,109.84,146.27346264009975,Active,2025-12-24,2025,12,24,358
EV11142,Kochi,Super Fast,Car,154.81,296.518821926957,Active,2025-11-08,2025,11,8,312
EV11143,Mumbai,Super Fast,Bike,127.66,354.29014049706234,Active,2025-08-16,2025,8,16,228
EV11144,Chennai,DC Fast,Car,65.05,99.02107835139928,Active,2025-12-05,2025,12,5,339
EV11145,Hyderabad,Fast,Bus,66.38,91.3628305741674,Active,2025-05-08,2025,5,8,128
EV11146,Bangalore,Level 2,Bike,49.87,239.02779759592318,Inactive,2025-09-27,2025,9,27,270
EV11147,Chennai,Super Fast,Bus,149.88,205.1900104444589,Inactive,2025-09-27,2025,9,27,270
EV11148,Calicut,Level 2,Bus,146.22,362.8234096915106,Active,2025-07-28,2025,7,28,209
EV11149,Trivandrum,Super Fast,Car,41.32,53.3642102953214,Inactive,2025-06-27,2025,6,27,178
EV11150,Kochi,DC Fast,Car,215.56,486.6399793955314,Active,2025-11-02,2025,11,2,306
EV11151,Delhi,Fast,Bike,34.58,26.85295120919953,Active,2025-07-10,2025,7,10,191
EV11152,Delhi,Super Fast,Bike,102.68,308.63207568135255,Inactive,2025-12-23,2025,12,23,357
EV11153,Hyderabad,Fast,Bike,77.82,290.0636460163464,Inactive,2025-03-09,2025,3,9,68
EV11154,Calicut,Level 2,Bus,31.15,84.66355081746838,Inactive,2025-11-23,2025,11,23,327
EV11155,Mumbai,DC Fast,Car,70.53,92.43967170249431,Active,2025-09-24,2025,9,24,267
EV11156,Kochi,Fast,Car,172.15,400.48519414142083,Active,2025-09-27,2025,9,27,270
EV11157,Calicut,DC Fast,Car,198.91,446.0299800380879,Active,2025-12-28,2025,12,28,362
EV11158,Kochi,Fast,Bike,56.91,155.8481436242094,Active,2025-12-26,2025,12,26,360
EV11159,Hyderabad,Level 2,Car,84.57,230.22270270203285,Active,2025-05-08,2025,5,8,128
EV11160,Hyderabad,Level 2,Car,66.98,190.3976196984097,Inactive,2025-09-21,2025,9,21,264
EV11161,Mumbai,DC Fast,Car,59.98,54.82256623359291,Active,2025-08-09,2025,8,9,221
EV11162,Delhi,Level 2,Bike,100.12,343.13803808758854,Active,2025-08-30,2025,8,30,242
EV11163,Calicut,Super Fast,Car,216.23,416.09260870673126,Active,2025-09-01,2025,9,1,244
EV11164,Bangalore,Fast,Bike,50.97,166.3420915477794,Active,2025-01-19,2025,1,19,19
EV11165,Delhi,Level 2,Car,174.5,495.28438094274475,Active,2025-06-04,2025,6,4,155
EV11166,Calicut,Super Fast,Car,31.11,56.40874749553036,Inactive,2025-08-17,2025,8,17,229
EV11167,Delhi,DC Fast,Car,178.09,337.65954263097007,Active,2025-02-27,2025,2,27,58
EV11168,Bangalore,Super Fast,Bike,93.35,235.1494469725227,Active,2025-10-08,2025,10,8,281
EV11169,Trivandrum,DC Fast,Bike,85.94,234.3689125311948,Inactive,2025-02-14,2025,2,14,45
EV11170,Trivandrum,DC Fast,Car,115.99,239.66989569609933,Inactive,2025-04-12,2025,4,12,102
EV11171,Mumbai,Fast,Bus,101.22,144.16725142468565,Inactive,2025-02-17,2025,2,17,48
EV11172,Trivandrum,Fast,Bike,90.68,363.47015711947154,Inactive,2025-02-19,2025,2,19,50
EV11173,Trivandrum,Super Fast,Bike,125.83,366.3567325208129,Active,2025-03-22,2025,3,22,81
EV11174,Chennai,Fast,Car,68.93,155.55061285079697,Inactive,2025-10-27,2025,10,27,300
EV11175,Kochi,Fast,Bus,250.0,420.94710121205605,Active,2025-02-28,2025,2,28,59
EV11176,Chennai,Fast,Car,75.62,172.0855729521584,Inactive,2025-06-10,2025,6,10,161
EV11177,Chennai,Super Fast,Bike,145.1,368.04469951354025,Active,2025-04-13,2025,4,13,103
EV11178,Mumbai,Level 2,Bike,21.63,78.07988840579188,Active,2025-11-30,2025,11,30,334
EV11179,Chennai,Fast,Car,63.94,100.97678854579792,Active,2025-10-01,2025,10,1,274
EV11180,Trivandrum,Fast,Car,74.62,171.58190936396056,Active,2025-07-02,2025,7,2,183
EV11181,Bangalore,Super Fast,Bus,250.0,305.0594084805735,Active,2025-04-26,2025,4,26,116
EV11182,Mumbai,Level 2,Bus,184.63,329.84551302977565,Active,2025-12-28,2025,12,28,362
EV11183,Mumbai,Fast,Bike,64.46,210.25096254438793,Inactive,2025-09-24,2025,9,24,267
EV11184,Hyderabad,DC Fast,Bus,66.27,57.36279349304674,Active,2025-06-13,2025,6,13,164
EV11185,Mumbai,Super Fast,Bus,191.41,199.34463300450767,Active,2025-05-23,2025,5,23,143
EV11186,Hyderabad,Fast,Bike,69.38,350.60840766039274,Inactive,2025-11-14,2025,11,14,318
EV11187,Mumbai,Fast,Bike,97.28,342.07782134255166,Active,2025-10-31,2025,10,31,304
EV11188,Kochi,DC Fast,Bike,49.86,96.89427833861252,Active,2025-04-04,2025,4,4,94
EV11189,Trivandrum,DC Fast,Bike,28.96,23.736305729104235,Active,2025-09-07,2025,9,7,250
EV11190,Mumbai,Super Fast,Car,250.0,381.43117630213607,Active,2025-12-09,2025,12,9,343
EV11191,Trivandrum,Super Fast,Bike,38.56,71.05671986491699,Inactive,2025-11-02,2025,11,2,306
EV11192,Trivandrum,DC Fast,Bike,25.46,59.527589102857036,Inactive,2025-11-12,2025,11,12,316
EV11193,Delhi,Super Fast,Bike,25.55,21.296584080398464,Inactive,2025-08-28,2025,8,28,240
EV11194,Mumbai,DC Fast,Bus,197.22,227.64863645932508,Active,2025-02-28,2025,2,28,59
EV11195,Calicut,Fast,Bike,58.13,261.56667243239093,Active,2025-01-15,2025,1,15,15
EV11196,Delhi,DC Fast,Car,180.26,326.0787421513235,Active,2025-10-12,2025,10,12,285
EV11197,Calicut,DC Fast,Car,74.6,162.1106435420412,Active,2025-07-22,2025,7,22,203
EV11198,Trivandrum,Level 2,Bike,81.0,361.00386386565435,Active,2025-08-25,2025,8,25,237
EV11199,Trivandrum,DC Fast,Car,70.48,101.27929155533195,Active,2025-10-23,2025,10,23,296
EV11200,Delhi,DC Fast,Bus,250.0,419.3552254929667,Active,2025-10-14,2025,10,14,287
EV11201,Delhi,Level 2,Bike,84.06,294.4871978674139,Active,2025-03-14,2025,3,14,73
EV11202,Calicut,Super Fast,Car,161.78,300.2671152185832,Active,2025-08-02,2025,8,2,214
EV11203,Hyderabad,Level 2,Car,51.99,120.6921986139719,Inactive,2025-01-11,2025,1,11,11
EV11204,Calicut,Fast,Bike,35.48,55.57219966418636,Active,2025-12-03,2025,12,3,337
EV11205,Delhi,Level 2,Car,70.94,243.06790547872228,Inactive,2025-08-13,2025,8,13,225
EV11206,Bangalore,Fast,Bike,78.34,315.4937369227323,Inactive,2025-11-14,2025,11,14,318
EV11207,Delhi,Super Fast,Car,37.31,65.62230015760909,Active,2025-07-22,2025,7,22,203
EV11208,Bangalore,Level 2,Bus,233.04,476.25654777351997,Active,2025-08-19,2025,8,19,231
EV11209,Kochi,Level 2,Car,126.77,490.59889291174727,Active,2025-02-20,2025,2,20,51
EV11210,Delhi,Super Fast,Car,185.6,281.81921378839615,Active,2025-02-26,2025,2,26,57
EV11211,Kochi,Fast,Bike,133.19,476.033194531235,Active,2025-05-12,2025,5,12,132
EV11212,Hyderabad,Level 2,Car,48.51,106.13371403880947,Inactive,2025-10-07,2025,10,7,280
EV11213,Calicut,Fast,Bike,30.36,32.20192888617195,Inactive,2025-10-24,2025,10,24,297
EV11214,Bangalore,Level 2,Bus,46.8,38.91657693938717,Active,2025-11-01,2025,11,1,305
EV11215,Calicut,DC Fast,Bike,74.36,302.00599012485395,Inactive,2025-08-13,2025,8,13,225
EV11216,Kochi,Level 2,Bike,17.63,49.588104049675295,Active,2025-06-23,2025,6,23,174
EV11217,Bangalore,Super Fast,Car,230.1,480.1018912755618,Inactive,2025-10-19,2025,10,19,292
EV11218,Calicut,Super Fast,Bus,75.43,88.12794116451131,Active,2025-09-23,2025,9,23,266
EV11219,Delhi,Fast,Bike,60.77,166.26694690542973,Active,2025-09-04,2025,9,4,247
EV11220,Trivandrum,Level 2,Car,136.37,414.80854495920727,Active,2025-03-19,2025,3,19,78
EV11221,Kochi,Fast,Car,51.17,124.99535508996468,Inactive,2025-05-15,2025,5,15,135
EV11222,Calicut,Fast,Bike,41.55,136.6248600581939,Active,2025-05-20,2025,5,20,140
EV11223,Kochi,DC Fast,Car,140.66,328.30829877968876,Active,2025-12-08,2025,12,8,342
EV11224,Chennai,DC Fast,Bike,51.86,152.5213224748459,Inactive,2025-09-10,2025,9,10,253
EV11225,Kochi,Super Fast,Bike,45.76,124.37486432369613,Inactive,2025-06-25,2025,6,25,176
EV11226,Bangalore,Fast,Bike,50.47,142.0053028667156,Active,2025-03-01,2025,3,1,60
EV11227,Chennai,Super Fast,Bus,188.11,255.51079968354887,Inactive,2025-12-18,2025,12,18,352
EV11228,Mumbai,Level 2,Bike,125.62,483.72793891111144,Active,2025-09-11,2025,9,11,254
EV11229,Bangalore,Fast,Car,181.58,419.4742119493896,Active,2025-01-08,2025,1,8,8
EV11230,Trivandrum,Fast,Bus,109.42,156.61292698888502,Active,2025-04-17,2025,4,17,107
EV11231,Chennai,Level 2,Car,77.15,194.4191400790869,Active,2025-06-20,2025,6,20,171
EV11232,Mumbai,Level 2,Bus,141.97,242.96588024195717,Active,2025-02-27,2025,2,27,58
EV11233,Delhi,Super Fast,Bus,250.0,489.8862305681554,Active,2025-12-03,2025,12,3,337
EV11234,Kochi,Super Fast,Bus,87.99,102.74742480114354,Active,2025-12-08,2025,12,8,342
EV11235,Calicut,Level 2,Bus,70.74,191.59188967610376,Inactive,2025-10-17,2025,10,17,290
EV11236,Hyderabad,Super Fast,Car,161.46,370.1245251117032,Inactive,2025-03-25,2025,3,25,84
EV11237,Kochi,Level 2,Bike,95.66,482.6929924490928,Active,2025-04-27,2025,4,27,117
EV11238,Mumbai,Fast,Car,50.7,94.72410212683408,Active,2025-07-19,2025,7,19,200
EV11239,Kochi,Fast,Bike,49.13,129.14237801328596,Active,2025-01-22,2025,1,22,22
EV11240,Trivandrum,DC Fast,Car,46.14,128.3334437074065,Inactive,2025-08-07,2025,8,7,219
EV11241,Delhi,Fast,Bus,37.69,30.047374156195286,Active,2025-08-14,2025,8,14,226
EV11242,Hyderabad,Level 2,Bus,152.21,309.9754999908558,Active,2025-09-28,2025,9,28,271
EV11243,Chennai,Super Fast,Bike,124.21,341.937475590029,Active,2025-04-12,2025,4,12,102
EV11244,Chennai,DC Fast,Bike,112.14,309.2124272601216,Active,2025-05-25,2025,5,25,145
EV11245,Chennai,Super Fast,Car,42.26,54.23503491815089,Active,2025-05-27,2025,5,27,147
EV11246,Mumbai,Level 2,Bike,30.34,53.23046035790321,Inactive,2025-09-18,2025,9,18,261
EV11247,Bangalore,Fast,Car,62.37,120.98554615717953,Active,2025-10-06,2025,10,6,279
EV11248,Bangalore,DC Fast,Bike,78.24,159.341367535479,Active,2025-12-05,2025,12,5,339
EV11249,Calicut,Level 2,Bike,78.39,397.5409548368227,Active,2025-01-14,2025,1,14,14
EV11250,Hyderabad,DC Fast,Bike,46.81,96.50732755948214,Inactive,2025-09-23,2025,9,23,266
EV11251,Chennai,DC Fast,Bus,52.89,41.164263870815425,Active,2025-10-14,2025,10,14,287
EV11252,Bangalore,Fast,Bus,152.12,209.11400370226647,Active,2025-05-21,2025,5,21,141
EV11253,Mumbai,Level 2,Car,89.27,219.86824166812175,Active,2025-10-20,2025,10,20,293
EV11254,Calicut,Super Fast,Bike,62.29,236.43552233069803,Inactive,2025-01-31,2025,1,31,31
EV11255,Delhi,DC Fast,Car,224.91,416.9137011329449,Active,2025-06-20,2025,6,20,171
EV11256,Calicut,DC Fast,Bike,38.27,67.04259913805203,Active,2025-12-21,2025,12,21,355
EV11257,Bangalore,Super Fast,Bus,231.4,357.8921995625418,Inactive,2025-07-24,2025,7,24,205
EV11258,Trivandrum,Level 2,Bus,66.89,182.21387410173958,Inactive,2025-10-18,2025,10,18,291
EV11259,Mumbai,DC Fast,Bike,75.84,168.79046548902556,Active,2025-04-21,2025,4,21,111
EV11260,Trivandrum,DC Fast,Bike,130.35,467.62070052127035,Inactive,2025-03-09,2025,3,9,68
EV11261,Chennai,DC Fast,Bus,114.09,139.2648917200362,Active,2025-07-02,2025,7,2,183
EV11262,Trivandrum,Level 2,Bus,162.25,328.41528096289585,Active,2025-07-15,2025,7,15,196
EV11263,Chennai,Level 2,Car,63.98,152.0613235405242,Active,2025-05-06,2025,5,6,126
EV11264,Chennai,Super Fast,Bus,229.4,263.42906366738487,Active,2025-06-24,2025,6,24,175
EV11265,Bangalore,Level 2,Bike,88.96,397.4205884462134,Active,2025-09-19,2025,9,19,262
EV11266,Trivandrum,Level 2,Car,142.81,443.22681128780505,Active,2025-10-13,2025,10,13,286
EV11267,Chennai,Fast,Bike,99.78,422.57467534162413,Inactive,2025-06-04,2025,6,4,155
EV11268,Hyderabad,Super Fast,Car,145.91,299.4467533494271,Inactive,2025-03-10,2025,3,10,69
EV11269,Delhi,DC Fast,Bike,70.38,139.43183136234663,Active,2025-04-18,2025,4,18,108
EV11270,Calicut,Level 2,Bus,138.2,337.39202396569556,Active,2025-02-04,2025,2,4,35
EV11271,Calicut,DC Fast,Bike,119.97,360.7544219742118,Active,2025-12-25,2025,12,25,359
EV11272,Bangalore,DC Fast,Car,30.1,25.13215525448068,Active,2025-02-13,2025,2,13,44
EV11273,Trivandrum,Fast,Bike,70.48,230.8210452472998,Active,2025-05-23,2025,5,23,143
EV11274,Trivandrum,Level 2,Car,132.05,424.76578055444685,Active,2025-07-30,2025,7,30,211
EV11275,Chennai,Super Fast,Bike,104.24,255.00204619666275,Active,2025-10-12,2025,10,12,285
EV11276,Mumbai,Level 2,Bus,95.72,169.46021223839415,Active,2025-01-06,2025,1,6,6
EV11277,Kochi,DC Fast,Bus,237.18,438.4629300918381,Inactive,2025-08-06,2025,8,6,218
EV11278,Chennai,Super Fast,Bike,48.99,94.82273481430674,Inactive,2025-01-27,2025,1,27,27
EV11279,Delhi,Level 2,Bike,50.86,119.09371155977618,Active,2025-08-15,2025,8,15,227
EV11280,Hyderabad,DC Fast,Bike,108.67,349.938736129344,Active,2025-10-11,2025,10,11,284
EV11281,Calicut,DC Fast,Car,102.08,189.169251932756,Active,2025-02-25,2025,2,25,56
EV11282,Chennai,Fast,Bike,112.14,362.2480811522139,Active,2025-11-06,2025,11,6,310
EV11283,Kochi,Fast,Bike,25.98,95.6977382045561,Active,2025-12-02,2025,12,2,336
EV11284,Kochi,Fast,Car,62.61,141.08916300840605,Active,2025-04-15,2025,4,15,105
EV11285,Chennai,DC Fast,Bus,94.56,95.1907416145441,Active,2025-01-18,2025,1,18,18
EV11286,Bangalore,Level 2,Bike,107.2,477.3969505104846,Active,2025-07-24,2025,7,24,205
EV11287,Calicut,Fast,Bike,76.49,214.59390120844358,Active,2025-02-12,2025,2,12,43
EV11288,Bangalore,Level 2,Bus,98.78,181.86555675690846,Active,2025-03-30,2025,3,30,89
EV11289,Hyderabad,Fast,Bus,31.28,26.817034961967057,Active,2025-03-15,2025,3,15,74
EV11290,Kochi,Super Fast,Car,67.6,93.64043811722595,Inactive,2025-06-06,2025,6,6,157
EV11291,Kochi,Super Fast,Bike,65.56,222.14521099639975,Inactive,2025-09-23,2025,9,23,266
EV11292,Delhi,Fast,Bike,30.82,52.881340434509156,Active,2025-05-14,2025,5,14,134
EV11293,Hyderabad,DC Fast,Car,146.98,265.1548781629841,Active,2025-03-30,2025,3,30,89
EV11294,Kochi,Fast,Bus,125.4,238.40741046293493,Inactive,2025-08-24,2025,8,24,236
EV11295,Hyderabad,Fast,Car,163.09,388.2407073652889,Active,2025-05-12,2025,5,12,132
EV11296,Calicut,DC Fast,Bus,183.3,336.705296672152,Inactive,2025-08-17,2025,8,17,229
EV11297,Trivandrum,Super Fast,Car,138.09,234.05470655387543,Active,2025-02-03,2025,2,3,34
EV11298,Kochi,Level 2,Bus,46.81,127.8371360504343,Inactive,2025-03-24,2025,3,24,83
EV11299,Delhi,Fast,Car,135.1,368.894511688547,Inactive,2025-05-12,2025,5,12,132
EV11300,Calicut,DC Fast,Bus,222.25,359.773809658018,Active,2025-12-20,2025,12,20,354
EV11301,Chennai,Fast,Bus,67.79,93.58215704738596,Active,2025-07-23,2025,7,23,204
EV11302,Hyderabad,DC Fast,Bus,250.0,459.0808790841933,Active,2025-10-14,2025,10,14,287
EV11303,Chennai,Level 2,Bus,47.84,50.91445568722072,Active,2025-12-02,2025,12,2,336
EV11304,Bangalore,Level 2,Bus,42.87,46.41810026850378,Active,2025-11-12,2025,11,12,316
EV11305,Calicut,Super Fast,Bike,63.01,109.92820047796496,Active,2025-09-15,2025,9,15,258
EV11306,Chennai,DC Fast,Bus,250.0,456.5411830634102,Active,2025-10-19,2025,10,19,292
EV11307,Mumbai,DC Fast,Bike,101.15,269.59909953772245,Active,2025-05-05,2025,5,5,125
EV11308,Mumbai,Super Fast,Bus,250.0,398.21164192299204,Inactive,2025-05-31,2025,5,31,151
EV11309,Kochi,Super Fast,Bike,52.98,129.3647302767203,Active,2025-12-25,2025,12,25,359
EV11310,Hyderabad,DC Fast,Bike,87.58,255.3065478337956,Active,2025-09-04,2025,9,4,247
EV11311,Trivandrum,Super Fast,Car,134.56,191.97894253946347,Active,2025-06-24,2025,6,24,175
EV11312,Calicut,Level 2,Bus,179.03,417.35773139177246,Active,2025-12-23,2025,12,23,357
EV11313,Kochi,Fast,Car,29.78,30.85013089242878,Active,2025-10-29,2025,10,29,302
EV11314,Delhi,Level 2,Car,61.73,137.04451038373057,Inactive,2025-03-21,2025,3,21,80
EV11315,Bangalore,Super Fast,Bus,102.14,93.2356276651418,Active,2025-04-17,2025,4,17,107
EV11316,Hyderabad,DC Fast,Car,219.33,432.4107385863533,Active,2025-10-27,2025,10,27,300
EV11317,Calicut,DC Fast,Bus,171.69,244.42104785300754,Active,2025-11-01,2025,11,1,305
EV11318,Mumbai,Level 2,Car,83.85,214.02562106874376,Active,2025-12-10,2025,12,10,344
EV11319,Calicut,DC Fast,Bus,156.76,235.75172580851833,Inactive,2025-02-27,2025,2,27,58
EV11320,Trivandrum,Super Fast,Bus,250.0,486.5237843371209,Active,2025-04-01,2025,4,1,91
EV11321,Mumbai,Level 2,Bus,215.67,428.1283492812436,Active,2025-05-15,2025,5,15,135
EV11322,Trivandrum,DC Fast,Bike,121.08,359.0570104881476,Active,2025-12-16,2025,12,16,350
EV11323,Delhi,Fast,Car,75.73,159.4299004271622,Inactive,2025-06-18,2025,6,18,169
EV11324,Bangalore,Fast,Bike,45.62,99.28303976885493,Active,2025-11-30,2025,11,30,334
EV11325,Delhi,Super Fast,Car,232.52,462.28814193173764,Inactive,2025-05-02,2025,5,2,122
EV11326,Kochi,DC Fast,Car,107.19,223.0762509423118,Active,2025-08-24,2025,8,24,236
EV11327,Kochi,Super Fast,Car,91.88,153.802783744942,Active,2025-03-17,2025,3,17,76
EV11328,Delhi,Level 2,Bike,77.83,246.04199668046502,Active,2025-11-05,2025,11,5,309
EV11329,Bangalore,Fast,Car,202.17,460.56676295376906,Active,2025-01-23,2025,1,23,23
EV11330,Delhi,Level 2,Bike,51.67,205.79231042782072,Active,2025-11-29,2025,11,29,333
EV11331,Bangalore,DC Fast,Bus,223.55,290.06767867908775,Active,2025-03-14,2025,3,14,73
EV11332,Bangalore,Super Fast,Car,238.22,405.42382453211206,Active,2025-03-29,2025,3,29,88
EV11333,Chennai,Super Fast,Car,122.45,225.02361490322778,Inactive,2025-04-13,2025,4,13,103
EV11334,Mumbai,Super Fast,Bus,130.08,132.1000649246568,Active,2025-04-04,2025,4,4,94
EV11335,Hyderabad,Level 2,Bus,235.78,497.37235922385605,Active,2025-11-12,2025,11,12,316
EV11336,Bangalore,Fast,Car,202.53,479.1540115770366,Active,2025-09-23,2025,9,23,266
EV11337,Trivandrum,Level 2,Bus,213.32,424.87000118024673,Active,2025-09-10,2025,9,10,253
EV11338,Bangalore,Level 2,Bike,86.85,350.4194621052428,Active,2025-12-24,2025,12,24,358
EV11339,Bangalore,DC Fast,Bike,70.31,161.53550147345453,Active,2025-02-27,2025,2,27,58
EV11340,Bangalore,DC Fast,Car,241.23,458.43821031873534,Active,2025-01-09,2025,1,9,9
EV11341,Chennai,DC Fast,Bike,58.28,152.2672016581898,Active,2025-01-13,2025,1,13,13
EV11342,Mumbai,Fast,Bike,132.38,404.3885574448796,Active,2025-05-11,2025,5,11,131
EV11343,Chennai,Fast,Car,158.79,460.763920611827,Inactive,2025-08-10,2025,8,10,222
EV11344,Kochi,DC Fast,Bus,229.13,309.4418434063575,Active,2025-11-25,2025,11,25,329
EV11345,Chennai,DC Fast,Car,201.32,405.46698458776586,Active,2025-06-02,2025,6,2,153
EV11346,Trivandrum,Fast,Bike,96.29,400.0136476168384,Inactive,2025-03-12,2025,3,12,71
EV11347,Trivandrum,Super Fast,Car,79.33,112.71572053807034,Active,2025-12-11,2025,12,11,345
EV11348,Chennai,Fast,Car,150.89,340.60374732612064,Active,2025-01-20,2025,1,20,20
EV11349,Mumbai,Fast,Bike,22.71,64.86460971413291,Active,2025-03-22,2025,3,22,81
EV11350,Delhi,Fast,Bike,63.09,263.768068705991,Inactive,2025-08-16,2025,8,16,228
EV11351,Hyderabad,DC Fast,Car,68.25,97.87306310747721,Inactive,2025-12-12,2025,12,12,346
EV11352,Mumbai,Super Fast,Bike,70.71,219.8477594222872,Inactive,2025-01-19,2025,1,19,19
EV11353,Chennai,Fast,Bike,122.35,419.8313958552501,Active,2025-06-14,2025,6,14,165
EV11354,Bangalore,DC Fast,Bike,180.18,493.8405630224981,Active,2025-04-17,2025,4,17,107
EV11355,Calicut,Level 2,Bike,50.25,172.6207191966165,Active,2025-12-14,2025,12,14,348
EV11356,Hyderabad,Level 2,Bike,84.72,275.33873541592476,Active,2025-08-02,2025,8,2,214
EV11357,Hyderabad,Fast,Bike,74.59,265.42305169783447,Inactive,2025-08-27,2025,8,27,239
EV11358,Trivandrum,Level 2,Bus,219.77,478.1127247189117,Active,2025-05-27,2025,5,27,147
EV11359,Hyderabad,Super Fast,Car,157.6,249.7201915677313,Active,2025-06-30,2025,6,30,181
EV11360,Chennai,Level 2,Bike,66.97,355.57097859185495,Inactive,2025-12-02,2025,12,2,336
EV11361,Bangalore,Level 2,Car,127.11,462.4588318920925,Inactive,2025-07-17,2025,7,17,198
EV11362,Bangalore,Super Fast,Bus,179.8,199.22170857768324,Active,2025-10-14,2025,10,14,287
EV11363,Kochi,Fast,Bike,118.52,453.01867435778604,Active,2025-02-22,2025,2,22,53
EV11364,Bangalore,Fast,Car,218.07,460.3789865076865,Active,2025-08-28,2025,8,28,240
EV11365,Mumbai,Super Fast,Bike,193.31,466.7180019042227,Active,2025-10-17,2025,10,17,290
EV11366,Bangalore,Super Fast,Bike,70.97,149.81416902628467,Active,2025-10-14,2025,10,14,287
EV11367,Trivandrum,Super Fast,Bike,90.41,212.17068524958006,Active,2025-07-07,2025,7,7,188
EV11368,Bangalore,Level 2,Bike,81.1,437.79003594833694,Inactive,2025-01-06,2025,1,6,6
EV11369,Kochi,Super Fast,Bike,87.94,192.39767565460102,Active,2025-10-10,2025,10,10,283
EV11370,Calicut,DC Fast,Bike,80.71,308.12145580808243,Active,2025-09-20,2025,9,20,263
EV11371,Chennai,Level 2,Bike,48.49,76.66616348482493,Active,2025-02-18,2025,2,18,49
EV11372,Trivandrum,Fast,Bus,41.55,47.01199429339557,Active,2025-12-18,2025,12,18,352
EV11373,Mumbai,Fast,Bus,151.83,217.75711495624284,Active,2025-07-19,2025,7,19,200
EV11374,Calicut,Fast,Bike,57.76,297.87993564450437,Inactive,2025-03-01,2025,3,1,60
EV11375,Trivandrum,Level 2,Bike,48.82,208.49557441229186,Inactive,2025-02-02,2025,2,2,33
EV11376,Delhi,DC Fast,Bus,229.96,297.31316967720414,Active,2025-10-30,2025,10,30,303
EV11377,Hyderabad,Super Fast,Bus,202.16,267.2405005624568,Inactive,2025-09-01,2025,9,1,244
EV11378,Delhi,Super Fast,Bus,250.0,349.13947005731643,Active,2025-06-21,2025,6,21,172
EV11379,Bangalore,Fast,Bike,92.48,331.7755669113871,Active,2025-07-26,2025,7,26,207
EV11380,Calicut,Fast,Car,87.34,223.63793753915843,Active,2025-10-10,2025,10,10,283
EV11381,Bangalore,Level 2,Car,67.55,223.99771540153435,Inactive,2025-01-22,2025,1,22,22
EV11382,Hyderabad,DC Fast,Car,52.89,87.57360320587136,Active,2025-02-16,2025,2,16,47
EV11383,Trivandrum,Super Fast,Car,154.8,266.3545146063004,Active,2025-12-15,2025,12,15,349
EV11384,Hyderabad,Level 2,Bike,55.11,301.84598150513443,Inactive,2025-06-07,2025,6,7,158
EV11385,Kochi,Super Fast,Car,151.22,248.7149107298366,Active,2025-09-15,2025,9,15,258
EV11386,Hyderabad,Fast,Bus,117.85,176.3395208417595,Active,2025-05-23,2025,5,23,143
EV11387,Kochi,Super Fast,Bus,250.0,366.39130124083323,Active,2025-02-16,2025,2,16,47
EV11388,Hyderabad,DC Fast,Car,50.47,55.83758942970755,Active,2025-01-27,2025,1,27,27
EV11389,Chennai,DC Fast,Bus,250.0,458.9313774819427,Active,2025-01-27,2025,1,27,27
EV11390,Kochi,Fast,Bike,31.99,29.908850981980777,Active,2025-05-25,2025,5,25,145
EV11391,Calicut,DC Fast,Car,160.18,481.9280640503734,Inactive,2025-03-16,2025,3,16,75
EV11392,Bangalore,DC Fast,Car,127.13,241.93068844863797,Active,2025-07-06,2025,7,6,187
EV11393,Mumbai,Level 2,Bike,65.87,218.08157312169976,Active,2025-01-10,2025,1,10,10
EV11394,Bangalore,Super Fast,Bus,138.79,143.0931283823303,Active,2025-05-01,2025,5,1,121
EV11395,Delhi,Fast,Bike,22.07,24.83414471949592,Inactive,2025-10-16,2025,10,16,289
EV11396,Bangalore,Fast,Bike,34.32,151.8993269224639,Inactive,2025-06-14,2025,6,14,165
EV11397,Trivandrum,Fast,Bus,67.69,72.5119642209603,Active,2025-09-21,2025,9,21,264
EV11398,Chennai,Fast,Bike,99.84,336.7140044928295,Active,2025-06-10,2025,6,10,161
EV11399,Hyderabad,Fast,Bus,93.15,173.1559867139486,Inactive,2025-11-23,2025,11,23,327
EV11400,Delhi,DC Fast,Bus,237.34,388.2460776337575,Inactive,2025-10-24,2025,10,24,297
EV11401,Trivandrum,Level 2,Bike,47.95,119.31976992613613,Active,2025-04-28,2025,4,28,118
EV11402,Trivandrum,Fast,Bus,250.0,452.11273156741254,Active,2025-11-07,2025,11,7,311
EV11403,Kochi,Level 2,Bike,51.81,271.0311272507996,Active,2025-09-20,2025,9,20,263
EV11404,Bangalore,Level 2,Bus,47.22,74.96297430511108,Active,2025-03-25,2025,3,25,84
EV11405,Calicut,DC Fast,Car,103.46,212.4057131136699,Inactive,2025-05-26,2025,5,26,146
EV11406,Mumbai,Fast,Bus,101.89,119.24505155348558,Active,2025-06-20,2025,6,20,171
EV11407,Calicut,DC Fast,Bus,89.34,115.84900456072602,Active,2025-11-30,2025,11,30,334
EV11408,Delhi,Fast,Bike,83.71,263.0574740730603,Active,2025-11-05,2025,11,5,309
EV11409,Chennai,DC Fast,Bus,235.64,342.50816750545886,Active,2025-01-14,2025,1,14,14
EV11410,Calicut,Level 2,Car,144.56,457.57673864164553,Active,2025-05-29,2025,5,29,149
EV11411,Hyderabad,Fast,Car,116.89,261.03776516655364,Active,2025-09-08,2025,9,8,251
EV11412,Calicut,Super Fast,Bus,250.0,483.6026120279985,Active,2025-02-26,2025,2,26,57
EV11413,Delhi,Level 2,Bus,239.72,471.984728995217,Active,2025-12-13,2025,12,13,347
EV11414,Mumbai,Super Fast,Car,250.0,435.230014392493,Active,2025-10-29,2025,10,29,302
EV11415,Calicut,Level 2,Bike,36.54,259.98908718196094,Inactive,2025-12-13,2025,12,13,347
EV11416,Hyderabad,DC Fast,Car,55.67,87.6338929702321,Inactive,2025-05-13,2025,5,13,133
EV11417,Kochi,Fast,Car,51.48,124.59414551138477,Active,2025-06-19,2025,6,19,170
EV11418,Chennai,Level 2,Bus,132.1,330.8816013017483,Inactive,2025-04-12,2025,4,12,102
EV11419,Delhi,DC Fast,Bus,183.7,222.44239053641414,Active,2025-04-16,2025,4,16,106
EV11420,Kochi,Fast,Car,49.44,90.46478324191827,Active,2025-06-20,2025,6,20,171
EV11421,Kochi,Fast,Bike,59.8,249.917088146869,Inactive,2025-05-08,2025,5,8,128
EV11422,Kochi,Level 2,Car,39.85,28.366661840982044,Active,2025-09-07,2025,9,7,250
EV11423,Trivandrum,Fast,Car,169.33,372.2697780318048,Active,2025-02-01,2025,2,1,32
EV11424,Chennai,Level 2,Bike,20.19,55.31902135505162,Inactive,2025-08-04,2025,8,4,216
EV11425,Mumbai,Fast,Car,121.62,321.97453755781714,Inactive,2025-09-19,2025,9,19,262
EV11426,Bangalore,Super Fast,Car,235.56,400.6449476602877,Active,2025-11-26,2025,11,26,330
EV11427,Chennai,DC Fast,Bus,65.29,83.66905973790345,Inactive,2025-09-01,2025,9,1,244
EV11428,Trivandrum,Super Fast,Bike,102.37,268.946571519686,Active,2025-10-12,2025,10,12,285
EV11429,Bangalore,Level 2,Bus,207.47,393.9524068925454,Active,2025-10-17,2025,10,17,290
EV11430,Chennai,Super Fast,Bus,133.7,145.10405828336067,Active,2025-09-20,2025,9,20,263
EV11431,Kochi,Level 2,Bike,27.22,98.19996464077717,Active,2025-12-03,2025,12,3,337
EV11432,Delhi,Fast,Bike,59.17,181.6731732643793,Active,2025-11-29,2025,11,29,333
EV11433,Bangalore,Fast,Car,135.2,286.25560475999157,Active,2025-11-10,2025,11,10,314
EV11434,Hyderabad,Level 2,Bus,146.21,296.13420553028,Active,2025-03-26,2025,3,26,85
EV11435,Hyderabad,Super Fast,Bike,49.29,82.82064005968977,Active,2025-11-25,2025,11,25,329
EV11436,Calicut,Fast,Bus,137.56,239.63304688350638,Active,2025-02-14,2025,2,14,45
EV11437,Bangalore,DC Fast,Bus,130.77,148.77545385895417,Active,2025-10-30,2025,10,30,303
EV11438,Delhi,Fast,Bike,101.24,424.17162467117635,Inactive,2025-11-29,2025,11,29,333
EV11439,Mumbai,DC Fast,Car,94.78,170.51606339073476,Active,2025-07-19,2025,7,19,200
EV11440,Trivandrum,Super Fast,Bus,250.0,422.5781717762526,Active,2025-07-20,2025,7,20,201
EV11441,Kochi,DC Fast,Bike,94.57,225.71101404886022,Active,2025-11-25,2025,11,25,329
EV11442,Calicut,DC Fast,Car,147.6,368.7611675966976,Inactive,2025-06-17,2025,6,17,168
EV11443,Hyderabad,DC Fast,Bus,194.23,264.828909701189,Active,2025-08-28,2025,8,28,240
EV11444,Trivandrum,DC Fast,Bike,118.51,318.5420595828687,Active,2025-10-13,2025,10,13,286
EV11445,Trivandrum,Fast,Bus,136.73,209.7711252134639,Active,2025-07-09,2025,7,9,190
EV11446,Kochi,DC Fast,Bike,114.06,388.73924854759554,Active,2025-03-12,2025,3,12,71
EV11447,Mumbai,Fast,Bike,73.28,224.09090411535598,Active,2025-05-25,2025,5,25,145
EV11448,Mumbai,DC Fast,Bus,198.56,239.58159036119451,Active,2025-12-25,2025,12,25,359
EV11449,Bangalore,Level 2,Bus,123.39,268.48576075085947,Inactive,2025-07-28,2025,7,28,209
EV11450,Hyderabad,Super Fast,Bike,157.11,419.2755768252721,Active,2025-12-26,2025,12,26,360
EV11451,Mumbai,DC Fast,Car,156.08,336.50188572870314,Inactive,2025-07-27,2025,7,27,208
EV11452,Delhi,Level 2,Bus,97.65,187.5969855515599,Inactive,2025-08-10,2025,8,10,222
EV11453,Mumbai,DC Fast,Bike,98.11,341.7534243111406,Inactive,2025-10-14,2025,10,14,287
EV11454,Trivandrum,DC Fast,Bike,91.93,328.3647550441171,Inactive,2025-06-12,2025,6,12,163
EV11455,Kochi,DC Fast,Car,180.39,466.8892524222581,Inactive,2025-12-31,2025,12,31,365
EV11456,Delhi,Level 2,Car,149.04,423.879889292168,Active,2025-03-13,2025,3,13,72
EV11457,Bangalore,Super Fast,Car,205.52,330.7745234005991,Active,2025-08-28,2025,8,28,240
EV11458,Hyderabad,Level 2,Bus,94.13,183.92341312834094,Active,2025-05-07,2025,5,7,127
EV11459,Bangalore,Super Fast,Bike,131.68,394.19669545340935,Inactive,2025-03-26,2025,3,26,85
EV11460,Trivandrum,DC Fast,Bike,93.92,296.0999806701445,Active,2025-01-15,2025,1,15,15
EV11461,Delhi,Fast,Bike,142.68,492.9295942884328,Active,2025-09-05,2025,9,5,248
EV11462,Delhi,DC Fast,Car,88.72,138.80294171350593,Active,2025-11-08,2025,11,8,312
EV11463,Delhi,Super Fast,Bike,30.26,58.23480364682574,Inactive,2025-10-10,2025,10,10,283
EV11464,Trivandrum,Level 2,Bus,50.69,53.54806970621489,Inactive,2025-01-02,2025,1,2,2
EV11465,Trivandrum,DC Fast,Car,178.03,327.21458640880655,Active,2025-03-15,2025,3,15,74
EV11466,Bangalore,Level 2,Car,151.06,470.84490987753145,Active,2025-03-05,2025,3,5,64
EV11467,Calicut,Level 2,Car,31.61,20.92731885992249,Active,2025-09-18,2025,9,18,261
EV11468,Bangalore,Level 2,Car,127.32,368.3701025397331,Active,2025-12-13,2025,12,13,347
EV11469,Hyderabad,DC Fast,Bus,247.04,335.3912876158138,Active,2025-11-20,2025,11,20,324
EV11470,Kochi,Level 2,Bike,81.46,371.5060122653436,Active,2025-08-27,2025,8,27,239
EV11471,Delhi,Level 2,Bus,95.71,190.59459524592108,Inactive,2025-12-03,2025,12,3,337
EV11472,Calicut,DC Fast,Bike,120.36,413.8382934357704,Active,2025-12-07,2025,12,7,341
EV11473,Kochi,Level 2,Bus,33.42,41.459327081053736,Active,2025-10-06,2025,10,6,279
EV11474,Calicut,DC Fast,Car,152.76,382.6069282985732,Inactive,2025-12-19,2025,12,19,353
EV11475,Mumbai,Super Fast,Car,116.61,148.1945318475621,Active,2025-07-20,2025,7,20,201
EV11476,Mumbai,Super Fast,Bus,230.39,248.88213193187434,Active,2025-10-20,2025,10,20,293
EV11477,Chennai,Super Fast,Bus,250.0,414.86541034746585,Active,2025-10-13,2025,10,13,286
EV11478,Mumbai,Level 2,Bike,29.71,150.25233689174576,Inactive,2025-08-09,2025,8,9,221
EV11479,Bangalore,Fast,Bus,90.72,108.89960558906887,Active,2025-06-11,2025,6,11,162
EV11480,Mumbai,Fast,Bus,245.61,347.0303289669844,Active,2025-07-02,2025,7,2,183
EV11481,Trivandrum,Level 2,Bike,59.64,276.0295479232662,Inactive,2025-09-22,2025,9,22,265
EV11482,Delhi,Fast,Bike,63.28,266.91385699816857,Inactive,2025-05-12,2025,5,12,132
EV11483,Bangalore,DC Fast,Bike,73.35,143.24936745819832,Active,2025-11-18,2025,11,18,322
EV11484,Kochi,Fast,Bus,51.68,36.74254679361327,Inactive,2025-04-30,2025,4,30,120
EV11485,Chennai,Level 2,Bike,46.06,216.92918639922408,Inactive,2025-08-07,2025,8,7,219
EV11486,Chennai,Level 2,Car,39.7,71.14855062452862,Inactive,2025-06-09,2025,6,9,160
EV11487,Chennai,DC Fast,Car,191.6,454.87479231161706,Inactive,2025-10-27,2025,10,27,300
EV11488,Kochi,Super Fast,Car,45.8,39.80015526643065,Active,2025-04-19,2025,4,19,109
EV11489,Kochi,Level 2,Bus,109.84,227.1924100085031,Active,2025-08-26,2025,8,26,238
EV11490,Kochi,DC Fast,Car,53.32,45.077880176397386,Active,2025-10-20,2025,10,20,293
EV11491,Kochi,Fast,Bus,42.05,65.86105979108783,Active,2025-03-08,2025,3,8,67
EV11492,Chennai,Fast,Bus,160.11,336.2560001225706,Inactive,2025-11-12,2025,11,12,316
EV11493,Chennai,DC Fast,Car,139.85,330.6134052675654,Inactive,2025-07-06,2025,7,6,187
EV11494,Calicut,DC Fast,Bike,42.53,35.86505354213109,Active,2025-02-05,2025,2,5,36
EV11495,Bangalore,Level 2,Bus,38.34,20.543108058017694,Active,2025-02-18,2025,2,18,49
EV11496,Delhi,Fast,Car,31.33,57.83267707653632,Active,2025-09-13,2025,9,13,256
EV11497,Mumbai,DC Fast,Bus,250.0,386.23947090173226,Active,2025-04-17,2025,4,17,107
EV11498,Mumbai,Fast,Bike,84.03,300.5967069207234,Inactive,2025-01-08,2025,1,8,8
EV11499,Trivandrum,DC Fast,Bike,20.92,38.29675769047597,Active,2025-08-24,2025,8,24,236
EV11500,Chennai,Fast,Car,115.38,254.2865676189571,Active,2025-06-27,2025,6,27,178
EV11501,Trivandrum,Super Fast,Bus,250.0,361.77409138613666,Active,2025-08-30,2025,8,30,242
EV11502,Bangalore,Level 2,Bus,222.78,437.096669408387,Active,2025-02-10,2025,2,10,41
EV11503,Bangalore,Fast,Bus,239.78,468.337515516325,Inactive,2025-12-23,2025,12,23,357
EV11504,Trivandrum,Super Fast,Bus,160.91,177.171470217952,Active,2025-09-02,2025,9,2,245
EV11505,Chennai,Fast,Car,44.77,85.19956563836755,Inactive,2025-04-23,2025,4,23,113
EV11506,Trivandrum,Fast,Bike,48.96,133.72444195109478,Active,2025-12-31,2025,12,31,365
EV11507,Mumbai,Super Fast,Car,250.0,392.5623161793074,Active,2025-09-13,2025,9,13,256
EV11508,Calicut,Fast,Bus,250.0,486.3124232203091,Active,2025-06-15,2025,6,15,166
EV11509,Mumbai,Fast,Bus,131.76,243.86893633298266,Inactive,2025-12-08,2025,12,8,342
EV11510,Hyderabad,Level 2,Bike,47.0,166.5695425029391,Active,2025-03-19,2025,3,19,78
EV11511,Chennai,Super Fast,Bus,194.59,226.01147934081655,Active,2025-07-26,2025,7,26,207
EV11512,Chennai,Super Fast,Car,99.95,166.31030942966356,Active,2025-11-07,2025,11,7,311
EV11513,Delhi,DC Fast,Car,80.65,143.11401113943407,Active,2025-07-15,2025,7,15,196
EV11514,Kochi,Fast,Bike,84.25,305.00036115544617,Active,2025-11-17,2025,11,17,321
EV11515,Hyderabad,Level 2,Car,19.38,27.553270579301312,Active,2025-03-05,2025,3,5,64
EV11516,Bangalore,Fast,Car,67.83,144.5850793591943,Active,2025-05-20,2025,5,20,140
EV11517,Chennai,Fast,Car,146.13,337.46339736559474,Active,2025-02-11,2025,2,11,42
EV11518,Trivandrum,DC Fast,Car,27.77,35.39009422726642,Active,2025-11-02,2025,11,2,306
EV11519,Hyderabad,Fast,Bus,58.68,59.936871924288795,Active,2025-07-28,2025,7,28,209
EV11520,Delhi,Level 2,Car,55.01,160.8301494971767,Inactive,2025-10-31,2025,10,31,304
EV11521,Bangalore,Level 2,Bike,88.3,441.34630333231274,Active,2025-03-14,2025,3,14,73
EV11522,Kochi,DC Fast,Bike,116.65,387.14535687934216,Inactive,2025-06-02,2025,6,2,153
EV11523,Kochi,Fast,Car,13.66,30.63518211979689,Active,2025-05-15,2025,5,15,135
EV11524,Delhi,Level 2,Bike,64.64,260.8221520104761,Inactive,2025-12-28,2025,12,28,362
EV11525,Delhi,Fast,Car,83.89,151.84999711396006,Active,2025-09-21,2025,9,21,264
EV11526,Trivandrum,Fast,Bike,89.18,331.3499163497902,Active,2025-08-04,2025,8,4,216
EV11527,Chennai,Fast,Bike,79.21,366.34586364486137,Inactive,2025-07-28,2025,7,28,209
EV11528,Kochi,DC Fast,Car,179.71,434.1740370220556,Inactive,2025-07-23,2025,7,23,204
EV11529,Bangalore,Fast,Car,114.83,248.19979380992686,Inactive,2025-04-20,2025,4,20,110
EV11530,Hyderabad,Level 2,Bus,189.98,497.33604250188057,Inactive,2025-01-31,2025,1,31,31
EV11531,Bangalore,Fast,Car,208.73,490.3933314978125,Active,2025-01-12,2025,1,12,12
EV11532,Calicut,Level 2,Car,139.61,443.4400277460959,Active,2025-05-07,2025,5,7,127
EV11533,Calicut,Fast,Bus,165.63,295.937357675874,Active,2025-11-09,2025,11,9,313
EV11534,Delhi,Level 2,Car,75.63,211.04309000183122,Inactive,2025-07-13,2025,7,13,194
EV11535,Trivandrum,Level 2,Car,78.18,194.9054288670968,Active,2025-05-20,2025,5,20,140
EV11536,Calicut,Fast,Bus,30.6,25.819880042117518,Inactive,2025-01-27,2025,1,27,27
EV11537,Kochi,Fast,Car,70.18,139.60375867633593,Active,2025-02-15,2025,2,15,46
EV11538,Bangalore,Level 2,Car,130.27,365.027952775599,Active,2025-05-15,2025,5,15,135
EV11539,Bangalore,Super Fast,Bus,250.0,309.7434079486719,Active,2025-11-13,2025,11,13,317
EV11540,Delhi,DC Fast,Bus,250.0,459.8826508004161,Active,2025-02-27,2025,2,27,58
EV11541,Chennai,Super Fast,Bike,32.99,44.01068811994777,Inactive,2025-01-13,2025,1,13,13
EV11542,Chennai,Super Fast,Car,66.39,94.5327695251187,Active,2025-04-10,2025,4,10,100
EV11543,Hyderabad,Fast,Bike,115.92,398.8370188890225,Inactive,2025-02-18,2025,2,18,49
EV11544,Delhi,DC Fast,Bike,65.59,192.08366297376023,Inactive,2025-10-18,2025,10,18,291
EV11545,Mumbai,Super Fast,Bus,72.71,76.8057601845814,Active,2025-04-04,2025,4,4,94
EV11546,Hyderabad,Fast,Car,150.96,498.2962424480428,Inactive,2025-04-05,2025,4,5,95
EV11547,Mumbai,Super Fast,Car,250.0,397.8801452812942,Active,2025-05-25,2025,5,25,145
EV11548,Chennai,Super Fast,Bus,192.75,216.19569764389882,Active,2025-03-13,2025,3,13,72
EV11549,Delhi,Fast,Bike,131.8,415.20678893414737,Active,2025-01-10,2025,1,10,10
EV11550,Mumbai,Fast,Bus,229.62,346.6898576571936,Active,2025-06-11,2025,6,11,162
EV11551,Delhi,Fast,Car,179.71,399.18788459352,Active,2025-08-02,2025,8,2,214
EV11552,Delhi,DC Fast,Bus,250.0,411.2990612315119,Inactive,2025-01-04,2025,1,4,4
EV11553,Chennai,Super Fast,Car,50.87,60.6697679793526,Active,2025-08-12,2025,8,12,224
EV11554,Hyderabad,Fast,Bike,91.79,319.0269860902859,Active,2025-01-29,2025,1,29,29
EV11555,Hyderabad,Level 2,Car,32.52,23.257065428877244,Active,2025-10-29,2025,10,29,302
EV11556,Delhi,Super Fast,Bike,27.14,40.8589982245619,Active,2025-07-22,2025,7,22,203
EV11557,Calicut,Level 2,Bike,78.62,453.9104043468036,Inactive,2025-03-18,2025,3,18,77
EV11558,Trivandrum,DC Fast,Car,131.02,273.2305862512667,Inactive,2025-02-28,2025,2,28,59
EV11559,Chennai,Fast,Car,174.32,373.23295321689193,Active,2025-07-15,2025,7,15,196
EV11560,Trivandrum,Level 2,Bike,61.45,422.48047541271006,Inactive,2025-11-18,2025,11,18,322
EV11561,Trivandrum,DC Fast,Bus,250.0,475.80164843100084,Active,2025-04-17,2025,4,17,107
EV11562,Hyderabad,Fast,Car,190.68,437.289367002942,Active,2025-12-08,2025,12,8,342
EV11563,Hyderabad,Level 2,Bike,73.88,251.98949537470108,Active,2025-01-09,2025,1,9,9
EV11564,Calicut,Level 2,Bike,48.8,181.2657475426455,Active,2025-01-20,2025,1,20,20
EV11565,Trivandrum,DC Fast,Bus,80.07,94.15675337889832,Inactive,2025-05-29,2025,5,29,149
EV11566,Trivandrum,Fast,Car,92.61,212.15431159389436,Active,2025-01-17,2025,1,17,17
EV11567,Delhi,Fast,Bike,69.95,195.91691799735844,Active,2025-01-12,2025,1,12,12
EV11568,Hyderabad,Level 2,Bus,147.84,288.5959241388192,Active,2025-03-23,2025,3,23,82
EV11569,Trivandrum,Level 2,Bike,86.64,339.44451620346246,Active,2025-03-08,2025,3,8,67
EV11570,Bangalore,Level 2,Car,171.21,489.5962286936228,Active,2025-05-13,2025,5,13,133
EV11571,Calicut,Fast,Bus,209.87,369.6253693283516,Active,2025-02-22,2025,2,22,53
EV11572,Mumbai,DC Fast,Bike,105.06,328.99929557260316,Inactive,2025-07-25,2025,7,25,206
EV11573,Bangalore,DC Fast,Bus,112.41,180.84436844880443,Inactive,2025-08-21,2025,8,21,233
EV11574,Bangalore,Fast,Car,32.96,36.561860719196474,Active,2025-02-23,2025,2,23,54
EV11575,Mumbai,Super Fast,Bus,121.8,158.30006185025206,Inactive,2025-03-09,2025,3,9,68
EV11576,Chennai,DC Fast,Car,191.16,388.8549922206165,Active,2025-10-18,2025,10,18,291
EV11577,Chennai,Level 2,Bike,38.77,118.53053158582483,Active,2025-12-10,2025,12,10,344
EV11578,Calicut,Super Fast,Car,170.39,361.85033296357494,Active,2025-06-18,2025,6,18,169
EV11579,Bangalore,Super Fast,Bike,117.12,298.2943244333196,Active,2025-06-10,2025,6,10,161
EV11580,Trivandrum,DC Fast,Bike,35.43,102.49129748022314,Inactive,2025-01-15,2025,1,15,15
EV11581,Hyderabad,Super Fast,Car,90.02,145.57990702007837,Active,2025-07-10,2025,7,10,191
EV11582,Calicut,Super Fast,Bike,78.46,258.22572967350874,Inactive,2025-01-15,2025,1,15,15
EV11583,Delhi,DC Fast,Bus,176.87,220.81985845176678,Active,2025-10-14,2025,10,14,287
EV11584,Mumbai,DC Fast,Bike,139.81,393.7106468224446,Active,2025-12-29,2025,12,29,363
EV11585,Bangalore,Super Fast,Car,178.36,372.51422842075857,Inactive,2025-01-10,2025,1,10,10
EV11586,Calicut,Level 2,Bus,129.24,295.7957616670482,Active,2025-02-26,2025,2,26,57
EV11587,Kochi,Fast,Bus,250.0,414.6918615070041,Active,2025-07-18,2025,7,18,199
EV11588,Kochi,Super Fast,Bike,110.27,290.0813795284681,Active,2025-06-10,2025,6,10,161
EV11589,Chennai,Super Fast,Bike,166.56,482.9068431954849,Active,2025-09-20,2025,9,20,263
EV11590,Mumbai,Level 2,Car,60.71,124.26756759251909,Inactive,2025-09-10,2025,9,10,253
EV11591,Hyderabad,Super Fast,Bus,250.0,362.7833569290333,Active,2025-04-29,2025,4,29,119
EV11592,Trivandrum,Super Fast,Car,126.44,197.57318338614462,Active,2025-03-21,2025,3,21,80
EV11593,Hyderabad,Fast,Bike,42.19,153.90377332169305,Inactive,2025-05-04,2025,5,4,124
EV11594,Hyderabad,Fast,Bus,89.82,106.58598846450218,Active,2025-11-09,2025,11,9,313
EV11595,Hyderabad,Fast,Car,125.18,285.20166860554104,Active,2025-03-13,2025,3,13,72
EV11596,Mumbai,DC Fast,Car,91.98,123.42532771962141,Active,2025-06-17,2025,6,17,168
EV11597,Hyderabad,DC Fast,Car,71.74,116.16840869523485,Active,2025-10-11,2025,10,11,284
EV11598,Delhi,Fast,Car,217.18,495.4553144402326,Active,2025-02-05,2025,2,5,36
EV11599,Mumbai,Fast,Car,191.39,404.8387600859652,Active,2025-11-08,2025,11,8,312
EV11600,Delhi,DC Fast,Bus,250.0,379.1728737221002,Inactive,2025-06-24,2025,6,24,175
EV11601,Mumbai,Level 2,Car,163.2,401.14910042372236,Active,2025-07-18,2025,7,18,199
EV11602,Chennai,Super Fast,Bus,250.0,485.0829793849964,Active,2025-04-26,2025,4,26,116
EV11603,Calicut,Super Fast,Car,154.13,295.17281060153766,Active,2025-11-11,2025,11,11,315
EV11604,Kochi,Fast,Bike,39.84,125.71706115337307,Active,2025-08-08,2025,8,8,220
EV11605,Hyderabad,Level 2,Bike,68.28,433.86062756155474,Inactive,2025-03-07,2025,3,7,66
EV11606,Chennai,DC Fast,Car,182.74,376.51075013796327,Active,2025-09-22,2025,9,22,265
EV11607,Calicut,Fast,Bike,65.55,218.8679899204031,Active,2025-05-14,2025,5,14,134
EV11608,Kochi,Level 2,Bus,125.82,247.31335931583027,Active,2025-04-29,2025,4,29,119
EV11609,Bangalore,Level 2,Car,76.69,217.40115126985717,Active,2025-05-02,2025,5,2,122
EV11610,Trivandrum,Level 2,Bus,219.11,466.372236909922,Active,2025-11-17,2025,11,17,321
EV11611,Delhi,DC Fast,Car,102.41,184.89517351918118,Active,2025-03-28,2025,3,28,87
EV11612,Bangalore,DC Fast,Bike,150.25,482.47245375496277,Active,2025-10-16,2025,10,16,289
EV11613,Mumbai,Super Fast,Bus,250.0,456.93045020189595,Active,2025-05-17,2025,5,17,137
EV11614,Kochi,Super Fast,Bike,125.51,322.6501482791232,Active,2025-02-22,2025,2,22,53
EV11615,Bangalore,Level 2,Bike,85.47,298.3144510880358,Active,2025-07-24,2025,7,24,205
EV11616,Trivandrum,Level 2,Car,68.64,197.64285443358602,Active,2025-12-14,2025,12,14,348
EV11617,Chennai,DC Fast,Bus,29.2,28.802426725111943,Inactive,2025-02-20,2025,2,20,51
EV11618,Kochi,Super Fast,Bike,48.87,81.25912939412157,Active,2025-11-23,2025,11,23,327
EV11619,Bangalore,Level 2,Car,123.68,382.03103520778336,Inactive,2025-02-09,2025,2,9,40
EV11620,Delhi,Super Fast,Car,171.72,246.33926076231933,Active,2025-09-07,2025,9,7,250
EV11621,Delhi,Super Fast,Car,58.36,91.92230441022468,Inactive,2025-08-06,2025,8,6,218
EV11622,Calicut,Level 2,Bike,40.48,146.70120998329807,Active,2025-06-28,2025,6,28,179
EV11623,Bangalore,DC Fast,Car,233.57,474.9617119265599,Active,2025-02-08,2025,2,8,39
EV11624,Hyderabad,Level 2,Bus,101.82,196.22376094892724,Active,2025-07-02,2025,7,2,183
EV11625,Bangalore,Level 2,Bus,221.73,455.6873337051937,Active,2025-08-12,2025,8,12,224
EV11626,Chennai,Super Fast,Bike,61.98,166.22519950091683,Active,2025-06-13,2025,6,13,164
EV11627,Kochi,Level 2,Bus,126.18,280.7456452962372,Active,2025-08-22,2025,8,22,234
EV11628,Kochi,DC Fast,Car,34.31,29.829000013854987,Active,2025-07-12,2025,7,12,193
EV11629,Chennai,Level 2,Bike,53.85,270.50005297931693,Active,2025-03-26,2025,3,26,85
EV11630,Bangalore,DC Fast,Car,176.98,325.73216509310254,Active,2025-08-31,2025,8,31,243
EV11631,Chennai,DC Fast,Bike,64.22,132.4664476818454,Active,2025-06-22,2025,6,22,173
EV11632,Trivandrum,Super Fast,Bike,116.52,297.88984457857134,Active,2025-02-06,2025,2,6,37
EV11633,Mumbai,Fast,Car,152.58,330.640530584473,Active,2025-03-28,2025,3,28,87
EV11634,Chennai,Fast,Bus,227.66,349.7053176232431,Active,2025-05-09,2025,5,9,129
EV11635,Delhi,Super Fast,Bus,250.0,392.6735945706095,Active,2025-07-13,2025,7,13,194
EV11636,Chennai,Level 2,Bike,51.36,169.44283660611993,Active,2025-11-15,2025,11,15,319
EV11637,Kochi,Super Fast,Car,164.53,292.53293908730154,Active,2025-02-12,2025,2,12,43
EV11638,Delhi,DC Fast,Car,204.83,491.15793428700533,Inactive,2025-12-22,2025,12,22,356
EV11639,Kochi,Fast,Bike,111.48,451.10920191927545,Active,2025-06-08,2025,6,8,159
EV11640,Calicut,Super Fast,Bus,250.0,477.2794054872159,Inactive,2025-04-15,2025,4,15,105
EV11641,Hyderabad,Level 2,Car,94.09,205.34547129371427,Active,2025-08-17,2025,8,17,229
EV11642,Kochi,Super Fast,Bus,250.0,397.72549083039763,Inactive,2025-08-05,2025,8,5,217
EV11643,Delhi,Fast,Bus,172.01,317.55101684496697,Inactive,2025-09-21,2025,9,21,264
EV11644,Calicut,Super Fast,Bike,31.5,59.71283986987572,Active,2025-02-18,2025,2,18,49
EV11645,Kochi,Super Fast,Bike,138.71,415.5105867953914,Active,2025-12-18,2025,12,18,352
EV11646,Trivandrum,Fast,Bus,200.12,345.00861265153503,Active,2025-05-03,2025,5,3,123
EV11647,Chennai,DC Fast,Car,75.82,115.48033256732806,Active,2025-10-30,2025,10,30,303
EV11648,Hyderabad,DC Fast,Car,31.39,58.274507566141445,Inactive,2025-01-25,2025,1,25,25
EV11649,Kochi,Fast,Bike,86.47,421.7706227111987,Inactive,2025-05-11,2025,5,11,131
EV11650,Calicut,Super Fast,Bus,51.84,57.872878155776505,Inactive,2025-08-12,2025,8,12,224
EV11651,Trivandrum,Fast,Car,28.26,63.84985537588959,Inactive,2025-04-09,2025,4,9,99
EV11652,Bangalore,DC Fast,Car,98.54,225.15597819407134,Inactive,2025-12-18,2025,12,18,352
EV11653,Calicut,Level 2,Bike,23.67,84.702957641349,Active,2025-10-17,2025,10,17,290
EV11654,Chennai,Super Fast,Bus,250.0,458.5614067725053,Active,2025-07-16,2025,7,16,197
EV11655,Calicut,DC Fast,Car,129.45,245.73628940635362,Active,2025-04-19,2025,4,19,109
EV11656,Trivandrum,Super Fast,Bike,104.19,293.1924707141943,Active,2025-12-14,2025,12,14,348
EV11657,Calicut,Fast,Car,196.88,465.490922949482,Active,2025-08-08,2025,8,8,220
EV11658,Trivandrum,Level 2,Car,88.19,274.52634830640733,Active,2025-09-21,2025,9,21,264
EV11659,Kochi,Fast,Car,83.02,189.7237500595129,Active,2025-07-27,2025,7,27,208
EV11660,Mumbai,Level 2,Bike,98.77,402.63445079159925,Active,2025-11-15,2025,11,15,319
EV11661,Trivandrum,Super Fast,Bus,168.29,232.56809478810115,Inactive,2025-03-23,2025,3,23,82
EV11662,Trivandrum,Super Fast,Bike,70.81,172.86532428910658,Active,2025-01-25,2025,1,25,25
EV11663,Hyderabad,Fast,Bus,240.78,367.1501401306566,Active,2025-07-05,2025,7,5,186
EV11664,Trivandrum,Level 2,Car,118.84,404.77072477426066,Inactive,2025-01-08,2025,1,8,8
EV11665,Trivandrum,Level 2,Bus,185.32,400.0237604404503,Active,2025-05-04,2025,5,4,124
EV11666,Bangalore,Super Fast,Car,250.0,489.28371878177967,Active,2025-05-29,2025,5,29,149
EV11667,Mumbai,Fast,Car,179.32,397.6001354599821,Active,2025-04-08,2025,4,8,98
EV11668,Kochi,Level 2,Bike,73.03,389.5680492553694,Active,2025-08-04,2025,8,4,216
EV11669,Chennai,Super Fast,Car,196.32,431.5929217933857,Inactive,2025-04-11,2025,4,11,101
EV11670,Hyderabad,DC Fast,Bike,29.92,20.088893741812548,Active,2025-08-06,2025,8,6,218
EV11671,Bangalore,Fast,Bus,134.06,193.9670773701299,Active,2025-09-16,2025,9,16,259
EV11672,Delhi,DC Fast,Bus,250.0,374.0494860965226,Active,2025-12-22,2025,12,22,356
EV11673,Mumbai,Fast,Car,117.15,307.86512533293313,Inactive,2025-01-11,2025,1,11,11
EV11674,Kochi,Super Fast,Bike,46.54,105.23456126317647,Active,2025-02-28,2025,2,28,59
EV11675,Kochi,Level 2,Car,54.46,165.79188276250176,Inactive,2025-09-07,2025,9,7,250
EV11676,Delhi,Level 2,Bike,51.91,181.66045331941126,Active,2025-05-20,2025,5,20,140
EV11677,Chennai,Level 2,Bike,59.8,292.5574933627117,Inactive,2025-12-01,2025,12,1,335
EV11678,Trivandrum,Fast,Bike,90.38,419.1671822917167,Inactive,2025-02-07,2025,2,7,38
EV11679,Bangalore,Super Fast,Bus,250.0,467.59605429328633,Inactive,2025-05-02,2025,5,2,122
EV11680,Calicut,DC Fast,Bike,111.05,380.0443581697467,Active,2025-03-06,2025,3,6,65
EV11681,Hyderabad,Super Fast,Bus,250.0,424.6161872848687,Inactive,2025-05-26,2025,5,26,146
EV11682,Calicut,DC Fast,Bike,74.74,245.64606005672772,Active,2025-10-29,2025,10,29,302
EV11683,Delhi,Fast,Bus,100.93,207.09215341869796,Inactive,2025-05-05,2025,5,5,125
EV11684,Kochi,Fast,Bus,118.52,208.50009542922413,Active,2025-11-08,2025,11,8,312
EV11685,Chennai,DC Fast,Bus,243.4,315.69849360317943,Active,2025-07-10,2025,7,10,191
EV11686,Kochi,DC Fast,Car,61.4,79.63361866678832,Active,2025-09-20,2025,9,20,263
EV11687,Hyderabad,DC Fast,Bike,107.82,298.1572077393254,Active,2025-12-27,2025,12,27,361
EV11688,Kochi,Super Fast,Car,190.34,339.26377288818827,Active,2025-10-23,2025,10,23,296
EV11689,Kochi,DC Fast,Bike,86.27,230.67619529899463,Active,2025-07-01,2025,7,1,182
EV11690,Hyderabad,Fast,Bike,127.56,477.52024485016034,Active,2025-06-08,2025,6,8,159
EV11691,Bangalore,Fast,Car,118.94,311.9423707421961,Inactive,2025-12-19,2025,12,19,353
EV11692,Bangalore,Level 2,Bus,69.22,125.59974667358009,Active,2025-11-04,2025,11,4,308
EV11693,Hyderabad,DC Fast,Bike,87.9,250.0238035680878,Active,2025-10-14,2025,10,14,287
EV11694,Chennai,Super Fast,Bus,250.0,344.1941298249411,Inactive,2025-06-11,2025,6,11,162
EV11695,Delhi,Super Fast,Car,112.19,175.34197979862992,Active,2025-09-20,2025,9,20,263
EV11696,Mumbai,Super Fast,Bus,61.18,58.227971018731125,Active,2025-08-05,2025,8,5,217
EV11697,Kochi,Level 2,Bike,65.71,300.0491046612248,Active,2025-06-30,2025,6,30,181
EV11698,Chennai,Fast,Bike,124.53,474.9776809374464,Active,2025-04-01,2025,4,1,91
EV11699,Kochi,Super Fast,Bike,96.46,252.8345530703234,Active,2025-01-17,2025,1,17,17
EV11700,Mumbai,Fast,Car,214.23,454.93235871057817,Active,2025-05-05,2025,5,5,125
EV11701,Delhi,Level 2,Bike,77.98,420.8113224184131,Inactive,2025-09-17,2025,9,17,260
EV11702,Bangalore,DC Fast,Car,79.55,90.758136144312,Active,2025-12-21,2025,12,21,355
EV11703,Chennai,DC Fast,Bus,250.0,359.921562481074,Active,2025-08-02,2025,8,2,214
EV11704,Trivandrum,DC Fast,Bike,62.37,229.02345203454965,Inactive,2025-08-27,2025,8,27,239
EV11705,Trivandrum,Super Fast,Bike,62.62,140.1182361262097,Active,2025-06-29,2025,6,29,180
EV11706,Mumbai,DC Fast,Bike,128.22,349.73041072001746,Active,2025-06-21,2025,6,21,172
EV11707,Trivandrum,Super Fast,Bus,245.81,376.4771449550823,Inactive,2025-05-23,2025,5,23,143
EV11708,Bangalore,Level 2,Bike,22.24,106.35023299272262,Active,2025-11-13,2025,11,13,317
EV11709,Mumbai,Level 2,Car,149.16,458.93344738698005,Inactive,2025-09-01,2025,9,1,244
EV11710,Bangalore,Super Fast,Bus,250.0,380.55067709669163,Active,2025-08-20,2025,8,20,232
EV11711,Delhi,Fast,Bus,250.0,468.020239588145,Inactive,2025-06-21,2025,6,21,172
EV11712,Kochi,DC Fast,Bus,134.09,172.19514500657166,Active,2025-10-04,2025,10,4,277
EV11713,Delhi,DC Fast,Bus,250.0,470.88080755663367,Active,2025-03-18,2025,3,18,77
EV11714,Delhi,DC Fast,Bus,178.32,196.88847576242281,Active,2025-10-30,2025,10,30,303
EV11715,Bangalore,Super Fast,Car,40.67,45.905485485148034,Inactive,2025-11-27,2025,11,27,331
EV11716,Mumbai,Level 2,Bus,164.66,386.22530658033116,Inactive,2025-02-18,2025,2,18,49
EV11717,Mumbai,DC Fast,Bike,114.05,357.6839091624036,Active,2025-09-05,2025,9,5,248
EV11718,Trivandrum,Level 2,Bus,104.64,306.9972762863996,Inactive,2025-10-10,2025,10,10,283
EV11719,Calicut,DC Fast,Bus,170.77,255.1489973044035,Active,2025-10-14,2025,10,14,287
EV11720,Kochi,DC Fast,Bus,52.7,35.43932975486307,Active,2025-02-01,2025,2,1,32
EV11721,Bangalore,Super Fast,Bus,250.0,319.8066807296741,Active,2025-06-07,2025,6,7,158
EV11722,Trivandrum,Fast,Bus,118.22,220.08061530694096,Inactive,2025-01-18,2025,1,18,18
EV11723,Chennai,Super Fast,Car,142.96,288.9005133156536,Inactive,2025-03-04,2025,3,4,63
EV11724,Calicut,DC Fast,Car,120.13,226.0742441444654,Active,2025-05-08,2025,5,8,128
EV11725,Calicut,DC Fast,Bus,250.0,483.7069437272955,Inactive,2025-01-16,2025,1,16,16
EV11726,Bangalore,Fast,Car,142.63,309.97227255240665,Active,2025-06-12,2025,6,12,163
EV11727,Hyderabad,Level 2,Bike,85.02,379.63343868918423,Active,2025-09-08,2025,9,8,251
EV11728,Kochi,Level 2,Bus,199.09,469.44653478611997,Active,2025-05-17,2025,5,17,137
EV11729,Calicut,DC Fast,Bike,69.05,303.96767500003506,Inactive,2025-11-14,2025,11,14,318
EV11730,Bangalore,Level 2,Bike,19.54,25.79000855475236,Active,2025-10-22,2025,10,22,295
EV11731,Bangalore,DC Fast,Bus,36.87,36.46000558906033,Active,2025-06-28,2025,6,28,179
EV11732,Trivandrum,Fast,Bike,97.9,357.1224483688937,Active,2025-08-17,2025,8,17,229
EV11733,Chennai,Fast,Bike,54.64,153.96086535261608,Active,2025-06-29,2025,6,29,180
EV11734,Hyderabad,DC Fast,Bike,100.44,298.1022691270154,Active,2025-03-13,2025,3,13,72
EV11735,Kochi,Fast,Bus,82.35,117.09304692352109,Active,2025-11-14,2025,11,14,318
EV11736,Mumbai,Super Fast,Bus,120.21,149.71946002962278,Inactive,2025-03-24,2025,3,24,83
EV11737,Delhi,Super Fast,Bike,115.39,262.2277068550761,Active,2025-05-16,2025,5,16,136
EV11738,Chennai,Fast,Bus,250.0,488.2733424109194,Active,2025-08-06,2025,8,6,218
EV11739,Chennai,DC Fast,Bus,188.03,315.80983482041194,Inactive,2025-04-19,2025,4,19,109
EV11740,Trivandrum,DC Fast,Bike,134.86,469.35109016625114,Active,2025-04-29,2025,4,29,119
EV11741,Mumbai,Fast,Bus,250.0,480.5023301057348,Inactive,2025-01-18,2025,1,18,18
EV11742,Calicut,Level 2,Car,59.03,119.89279828184357,Active,2025-11-28,2025,11,28,332
EV11743,Calicut,Super Fast,Bus,142.98,169.37292918509334,Active,2025-06-03,2025,6,3,154
EV11744,Trivandrum,Level 2,Car,133.45,389.596294984978,Active,2025-01-11,2025,1,11,11
EV11745,Bangalore,DC Fast,Bike,124.25,436.04672109984506,Inactive,2025-05-18,2025,5,18,138
EV11746,Calicut,DC Fast,Bus,158.63,269.2288372109733,Inactive,2025-03-03,2025,3,3,62
EV11747,Hyderabad,Level 2,Bike,112.96,496.7485122946636,Active,2025-03-12,2025,3,12,71
EV11748,Kochi,Fast,Bike,26.56,25.55465540252973,Active,2025-03-02,2025,3,2,61
EV11749,Chennai,Level 2,Bike,44.61,163.8044746809035,Active,2025-05-12,2025,5,12,132
EV11750,Chennai,Level 2,Bike,81.29,319.11764179739833,Active,2025-03-02,2025,3,2,61
EV11751,Hyderabad,Super Fast,Bike,79.96,245.25915724999177,Active,2025-12-24,2025,12,24,358
EV11752,Mumbai,Super Fast,Bus,96.03,75.96942388582436,Active,2025-09-26,2025,9,26,269
EV11753,Calicut,Level 2,Car,74.53,196.53780103067052,Active,2025-01-12,2025,1,12,12
EV11754,Chennai,Level 2,Bus,46.81,32.21462878161874,Active,2025-02-04,2025,2,4,35
EV11755,Delhi,DC Fast,Bus,201.45,328.5181021161341,Inactive,2025-02-20,2025,2,20,51
EV11756,Mumbai,Super Fast,Bus,250.0,448.5164206382505,Active,2025-02-12,2025,2,12,43
EV11757,Kochi,Super Fast,Bus,250.0,444.7395794160603,Active,2025-08-16,2025,8,16,228
EV11758,Kochi,DC Fast,Car,164.57,355.7813474074623,Active,2025-04-21,2025,4,21,111
EV11759,Chennai,Fast,Bus,157.01,243.56969383900523,Active,2025-11-18,2025,11,18,322
EV11760,Trivandrum,Super Fast,Bike,83.99,265.7751769719151,Inactive,2025-01-15,2025,1,15,15
EV11761,Mumbai,Super Fast,Bus,91.43,85.7210355179182,Active,2025-06-26,2025,6,26,177
EV11762,Chennai,Fast,Bus,113.36,183.68820469721746,Active,2025-06-11,2025,6,11,162
EV11763,Trivandrum,Super Fast,Car,86.05,110.10947623917134,Active,2025-02-08,2025,2,8,39
EV11764,Chennai,Super Fast,Car,187.77,414.1760976079782,Inactive,2025-01-26,2025,1,26,26
EV11765,Delhi,Fast,Bike,122.47,459.0818726422207,Active,2025-04-22,2025,4,22,112
EV11766,Mumbai,Fast,Bus,201.64,277.72316548165617,Active,2025-02-20,2025,2,20,51
EV11767,Bangalore,Level 2,Bus,171.65,369.32673944621314,Active,2025-04-08,2025,4,8,98
EV11768,Kochi,DC Fast,Bus,66.91,78.30309003542119,Active,2025-06-19,2025,6,19,170
EV11769,Chennai,DC Fast,Bike,96.99,312.0966287730744,Active,2025-02-25,2025,2,25,56
EV11770,Delhi,Fast,Car,176.92,357.33969026136606,Active,2025-08-09,2025,8,9,221
EV11771,Trivandrum,Fast,Bike,71.01,237.32870216547238,Inactive,2025-11-21,2025,11,21,325
EV11772,Trivandrum,Super Fast,Bus,97.87,136.77108054593532,Inactive,2025-05-26,2025,5,26,146
EV11773,Kochi,Level 2,Car,127.82,441.1397698598679,Active,2025-09-17,2025,9,17,260
EV11774,Hyderabad,Level 2,Car,134.88,376.59618557778674,Active,2025-05-09,2025,5,9,129
EV11775,Chennai,Fast,Bike,125.96,451.9314952876136,Active,2025-02-19,2025,2,19,50
EV11776,Mumbai,Super Fast,Car,250.0,412.83327079895525,Active,2025-12-06,2025,12,6,340
EV11777,Calicut,Super Fast,Car,247.03,495.37972619785404,Active,2025-11-22,2025,11,22,326
EV11778,Trivandrum,DC Fast,Bus,92.38,112.24291194293549,Active,2025-01-20,2025,1,20,20
EV11779,Mumbai,DC Fast,Bus,73.04,61.63892854590756,Active,2025-06-23,2025,6,23,174
EV11780,Mumbai,Super Fast,Car,137.66,181.76133984188408,Active,2025-10-10,2025,10,10,283
EV11781,Bangalore,DC Fast,Car,73.12,81.92200401116426,Active,2025-01-26,2025,1,26,26
EV11782,Mumbai,Fast,Bike,81.3,271.1024541949877,Active,2025-06-09,2025,6,9,160
EV11783,Mumbai,Super Fast,Bike,132.82,323.8538745957164,Active,2025-01-10,2025,1,10,10
EV11784,Bangalore,DC Fast,Car,142.73,297.57853528323375,Inactive,2025-03-23,2025,3,23,82
EV11785,Trivandrum,Level 2,Bus,72.75,144.43526498732967,Active,2025-09-13,2025,9,13,256
EV11786,Mumbai,Super Fast,Car,225.58,456.2355348650225,Inactive,2025-04-15,2025,4,15,105
EV11787,Hyderabad,Super Fast,Car,42.63,30.162734592981657,Active,2025-05-20,2025,5,20,140
EV11788,Hyderabad,Level 2,Bus,81.06,187.04640980647662,Inactive,2025-07-21,2025,7,21,202
EV11789,Delhi,Fast,Bus,228.64,365.1163881910693,Active,2025-12-10,2025,12,10,344
EV11790,Bangalore,Level 2,Bike,68.16,388.12588464759654,Inactive,2025-01-24,2025,1,24,24
EV11791,Delhi,Super Fast,Bike,102.22,219.73690132729277,Active,2025-02-15,2025,2,15,46
EV11792,Bangalore,Fast,Bike,28.61,28.116710363056203,Active,2025-08-05,2025,8,5,217
EV11793,Chennai,DC Fast,Bike,93.68,316.66096597939395,Active,2025-02-24,2025,2,24,55
EV11794,Chennai,DC Fast,Bus,49.34,50.28544696794354,Active,2025-03-19,2025,3,19,78
EV11795,Mumbai,DC Fast,Car,70.15,71.77077255368695,Active,2025-06-08,2025,6,8,159
EV11796,Calicut,Super Fast,Bike,112.21,332.1203454301712,Active,2025-12-10,2025,12,10,344
EV11797,Chennai,Level 2,Bike,46.97,169.9943965485703,Active,2025-09-29,2025,9,29,272
EV11798,Calicut,Fast,Bus,113.36,187.0544732999614,Active,2025-05-28,2025,5,28,148
EV11799,Chennai,DC Fast,Bus,194.24,253.66739695195685,Active,2025-02-07,2025,2,7,38
EV11800,Kochi,Fast,Car,188.27,489.7176295324995,Active,2025-04-21,2025,4,21,111
EV11801,Chennai,Super Fast,Car,250.0,483.412265954581,Active,2025-01-15,2025,1,15,15
EV11802,Delhi,DC Fast,Bus,143.63,219.80527969283605,Inactive,2025-03-19,2025,3,19,78
EV11803,Trivandrum,Super Fast,Bike,64.36,147.43962426477543,Inactive,2025-03-17,2025,3,17,76
EV11804,Mumbai,Level 2,Bike,59.15,165.24423327877557,Inactive,2025-11-24,2025,11,24,328
EV11805,Delhi,Super Fast,Bike,63.33,149.01502311756997,Inactive,2025-10-02,2025,10,2,275
EV11806,Trivandrum,Super Fast,Car,153.35,275.47798742805475,Active,2025-07-16,2025,7,16,197
EV11807,Hyderabad,Level 2,Bike,64.65,311.2927077444457,Inactive,2025-08-07,2025,8,7,219
EV11808,Delhi,Fast,Bike,76.98,254.6141063502397,Active,2025-03-04,2025,3,4,63
EV11809,Hyderabad,Level 2,Bus,120.67,215.83729387911313,Active,2025-12-27,2025,12,27,361
EV11810,Calicut,Level 2,Bike,36.19,121.41681803357014,Inactive,2025-02-01,2025,2,1,32
EV11811,Calicut,Super Fast,Bus,194.73,251.6026838634144,Active,2025-08-21,2025,8,21,233
EV11812,Kochi,Fast,Bike,50.52,183.72930262517986,Active,2025-04-20,2025,4,20,110
EV11813,Chennai,DC Fast,Car,132.1,279.9658221432046,Active,2025-06-14,2025,6,14,165
EV11814,Delhi,Level 2,Bike,75.83,344.09091944557946,Active,2025-07-13,2025,7,13,194
EV11815,Hyderabad,Fast,Bike,100.05,323.98984372957307,Active,2025-01-07,2025,1,7,7
EV11816,Trivandrum,Level 2,Bus,129.51,241.9953009946848,Active,2025-05-19,2025,5,19,139
EV11817,Calicut,Level 2,Bus,124.84,286.9051636543812,Active,2025-12-09,2025,12,9,343
EV11818,Chennai,Level 2,Bus,79.09,156.73094286116464,Active,2025-10-14,2025,10,14,287
EV11819,Calicut,Level 2,Bike,26.25,31.63532433074705,Active,2025-10-28,2025,10,28,301
EV11820,Trivandrum,Super Fast,Bike,124.29,320.00933800069,Active,2025-02-25,2025,2,25,56
EV11821,Chennai,Fast,Car,68.93,141.23290838608972,Inactive,2025-06-09,2025,6,9,160
EV11822,Chennai,Fast,Bike,98.92,341.0977808327718,Active,2025-05-29,2025,5,29,149
EV11823,Hyderabad,Fast,Car,153.16,378.5640798065405,Inactive,2025-10-14,2025,10,14,287
EV11824,Hyderabad,Level 2,Bus,229.23,459.64531812981494,Active,2025-09-14,2025,9,14,257
EV11825,Delhi,Super Fast,Bus,250.0,479.89894183021426,Active,2025-05-19,2025,5,19,139
EV11826,Delhi,Level 2,Bus,19.6,25.052502228656692,Active,2025-12-15,2025,12,15,349
EV11827,Bangalore,Level 2,Car,156.6,495.37962049022593,Active,2025-11-20,2025,11,20,324
EV11828,Mumbai,Fast,Bike,115.54,347.84879287719724,Active,2025-10-19,2025,10,19,292
EV11829,Bangalore,Level 2,Bus,151.37,328.8915969796108,Active,2025-12-01,2025,12,1,335
EV11830,Kochi,DC Fast,Bike,30.54,27.302285693770596,Active,2025-07-06,2025,7,6,187
EV11831,Calicut,Level 2,Bike,83.49,433.39203770563404,Active,2025-11-19,2025,11,19,323
EV11832,Delhi,DC Fast,Bus,75.13,89.83589467895666,Active,2025-07-03,2025,7,3,184
EV11833,Hyderabad,Level 2,Car,119.45,421.9184738878597,Inactive,2025-11-03,2025,11,3,307
EV11834,Trivandrum,Super Fast,Bike,27.07,27.47002220418368,Active,2025-09-19,2025,9,19,262
EV11835,Hyderabad,Super Fast,Bus,239.94,330.0628459995974,Inactive,2025-11-06,2025,11,6,310
EV11836,Calicut,Fast,Bike,43.49,228.70473620951734,Inactive,2025-12-10,2025,12,10,344
EV11837,Bangalore,Level 2,Bike,33.38,116.36802994848085,Active,2025-05-25,2025,5,25,145
EV11838,Hyderabad,DC Fast,Bike,28.9,71.62946804980837,Inactive,2025-09-18,2025,9,18,261
EV11839,Mumbai,DC Fast,Bike,80.31,231.26129434223668,Inactive,2025-01-02,2025,1,2,2
EV11840,Kochi,Level 2,Bike,30.57,79.18678655428388,Active,2025-11-10,2025,11,10,314
EV11841,Calicut,DC Fast,Car,130.59,253.49437361170283,Active,2025-01-12,2025,1,12,12
EV11842,Bangalore,Super Fast,Car,192.48,320.1041881533691,Active,2025-09-18,2025,9,18,261
EV11843,Mumbai,DC Fast,Bus,250.0,417.1444129315319,Active,2025-12-28,2025,12,28,362
EV11844,Trivandrum,Fast,Car,158.94,345.751729847776,Active,2025-06-18,2025,6,18,169
EV11845,Bangalore,Super Fast,Car,28.34,51.295888018952226,Inactive,2025-05-28,2025,5,28,148
EV11846,Chennai,Super Fast,Car,91.17,167.56761562296185,Inactive,2025-07-19,2025,7,19,200
EV11847,Mumbai,Super Fast,Bike,74.64,158.2297318076002,Active,2025-11-08,2025,11,8,312
EV11848,Mumbai,Level 2,Bike,99.04,459.21556326612045,Active,2025-03-11,2025,3,11,70
EV11849,Kochi,Level 2,Bus,156.2,436.5353813085265,Inactive,2025-11-08,2025,11,8,312
EV11850,Calicut,Super Fast,Bus,160.52,197.67100080820012,Active,2025-02-23,2025,2,23,54
EV11851,Trivandrum,Level 2,Bus,36.42,54.15452282363893,Active,2025-09-16,2025,9,16,259
EV11852,Kochi,DC Fast,Bike,133.63,449.171512546272,Active,2025-12-17,2025,12,17,351
EV11853,Bangalore,Level 2,Car,143.06,446.3311774228099,Active,2025-01-28,2025,1,28,28
EV11854,Kochi,Level 2,Car,131.31,430.278143374748,Active,2025-12-29,2025,12,29,363
EV11855,Mumbai,Super Fast,Bike,175.09,425.63918611304075,Active,2025-04-30,2025,4,30,120
EV11856,Calicut,Fast,Bus,152.75,250.52192052135425,Active,2025-05-13,2025,5,13,133
EV11857,Delhi,Fast,Bus,92.88,105.16719307980715,Active,2025-03-31,2025,3,31,90
EV11858,Kochi,Fast,Bus,150.01,249.19426422196528,Active,2025-01-16,2025,1,16,16
EV11859,Chennai,DC Fast,Bike,87.44,257.40692992134313,Active,2025-10-14,2025,10,14,287
EV11860,Kochi,Level 2,Bus,106.28,255.16724155753315,Inactive,2025-10-11,2025,10,11,284
EV11861,Bangalore,Fast,Bus,193.16,278.61084133525577,Active,2025-08-18,2025,8,18,230
EV11862,Bangalore,Super Fast,Bike,67.98,143.67537103575444,Active,2025-05-17,2025,5,17,137
EV11863,Trivandrum,Fast,Car,104.05,195.7957669441352,Active,2025-10-22,2025,10,22,295
EV11864,Bangalore,Fast,Bike,79.41,228.40956414246537,Active,2025-08-15,2025,8,15,227
EV11865,Hyderabad,Level 2,Bike,26.93,82.93818056791993,Inactive,2025-01-27,2025,1,27,27
EV11866,Calicut,Level 2,Bike,52.1,238.57478458952022,Active,2025-11-28,2025,11,28,332
EV11867,Calicut,Level 2,Bike,80.88,409.0254161934046,Active,2025-04-27,2025,4,27,117
EV11868,Delhi,DC Fast,Car,168.75,417.4685805117806,Inactive,2025-03-30,2025,3,30,89
EV11869,Delhi,DC Fast,Bus,173.19,217.55061051249456,Active,2025-04-17,2025,4,17,107
EV11870,Calicut,Fast,Bike,82.8,269.02798980048965,Active,2025-08-09,2025,8,9,221
EV11871,Chennai,Level 2,Car,41.01,36.15215942482719,Active,2025-08-11,2025,8,11,223
EV11872,Delhi,Fast,Bus,188.31,343.7276271049265,Inactive,2025-05-02,2025,5,2,122
EV11873,Trivandrum,Super Fast,Bus,188.95,214.21082381449426,Active,2025-12-20,2025,12,20,354
EV11874,Bangalore,Super Fast,Bus,171.51,233.82928788000598,Inactive,2025-02-02,2025,2,2,33
EV11875,Calicut,Level 2,Bike,80.62,439.3629090462871,Active,2025-04-01,2025,4,1,91
EV11876,Mumbai,Level 2,Bike,69.48,241.680528589092,Active,2025-07-03,2025,7,3,184
EV11877,Delhi,Super Fast,Bus,36.88,30.172278189369326,Inactive,2025-09-15,2025,9,15,258
EV11878,Calicut,Level 2,Bus,81.85,129.19562761714994,Active,2025-01-13,2025,1,13,13
EV11879,Hyderabad,DC Fast,Bus,160.93,248.29789486796432,Inactive,2025-01-24,2025,1,24,24
EV11880,Kochi,DC Fast,Bus,136.31,223.71022051929717,Inactive,2025-11-21,2025,11,21,325
EV11881,Bangalore,Level 2,Bus,164.28,432.9776658946307,Inactive,2025-02-03,2025,2,3,34
EV11882,Calicut,Super Fast,Bus,197.12,280.22600446696,Active,2025-09-04,2025,9,4,247
EV11883,Kochi,Fast,Car,146.42,351.0251561192581,Active,2025-12-09,2025,12,9,343
EV11884,Delhi,Level 2,Bus,104.88,245.27518258086565,Inactive,2025-01-19,2025,1,19,19
EV11885,Kochi,Level 2,Bike,64.26,231.03475234839917,Active,2025-01-30,2025,1,30,30
EV11886,Bangalore,Fast,Bike,67.79,234.21760086768862,Active,2025-02-18,2025,2,18,49
EV11887,Calicut,Level 2,Bike,48.26,217.24235345304265,Active,2025-06-29,2025,6,29,180
EV11888,Hyderabad,Fast,Bus,189.8,278.52002521001765,Active,2025-08-14,2025,8,14,226
EV11889,Chennai,Super Fast,Bike,68.01,140.21283284172978,Active,2025-03-19,2025,3,19,78
EV11890,Delhi,DC Fast,Car,228.23,447.706493044074,Active,2025-07-26,2025,7,26,207
EV11891,Calicut,Super Fast,Bus,145.87,179.881063085059,Active,2025-02-04,2025,2,4,35
EV11892,Bangalore,DC Fast,Bike,60.86,90.81144040512648,Active,2025-09-07,2025,9,7,250
EV11893,Delhi,Fast,Car,47.85,66.34422972691766,Active,2025-03-12,2025,3,12,71
EV11894,Trivandrum,DC Fast,Car,28.14,26.442999257661253,Inactive,2025-12-30,2025,12,30,364
EV11895,Kochi,Super Fast,Bike,79.6,222.9709177120935,Inactive,2025-11-06,2025,11,6,310
EV11896,Chennai,DC Fast,Car,72.74,110.05327450180386,Active,2025-10-06,2025,10,6,279
EV11897,Bangalore,Fast,Bike,38.7,30.390993241879,Active,2025-06-01,2025,6,1,152
EV11898,Trivandrum,DC Fast,Car,144.94,269.6093822189714,Active,2025-08-15,2025,8,15,227
EV11899,Mumbai,Level 2,Bus,188.19,346.3897033523655,Active,2025-08-31,2025,8,31,243
EV11900,Calicut,Super Fast,Bus,66.1,61.16050443733009,Inactive,2025-01-10,2025,1,10,10
EV11901,Hyderabad,Level 2,Bus,101.2,241.2419710014366,Inactive,2025-11-13,2025,11,13,317
EV11902,Delhi,Fast,Bus,197.27,376.9417657283584,Inactive,2025-02-17,2025,2,17,48
EV11903,Kochi,DC Fast,Bus,250.0,493.187274084044,Active,2025-04-22,2025,4,22,112
EV11904,Delhi,Level 2,Bike,79.94,340.2513654284292,Active,2025-07-23,2025,7,23,204
EV11905,Chennai,Level 2,Bus,68.01,137.52298438856988,Active,2025-06-06,2025,6,6,157
EV11906,Calicut,DC Fast,Bus,240.75,363.9457470939198,Active,2025-12-09,2025,12,9,343
EV11907,Delhi,DC Fast,Bus,237.52,307.0061248735184,Active,2025-01-26,2025,1,26,26
EV11908,Kochi,Super Fast,Bus,117.12,121.66365851914291,Active,2025-11-04,2025,11,4,308
EV11909,Calicut,Level 2,Car,133.09,428.5331964068263,Active,2025-06-15,2025,6,15,166
EV11910,Delhi,Level 2,Bus,118.84,225.1541250692484,Active,2025-09-06,2025,9,6,249
EV11911,Hyderabad,Fast,Bus,250.0,481.74927427238043,Active,2025-09-19,2025,9,19,262
EV11912,Bangalore,Super Fast,Bike,142.04,366.99248357493343,Active,2025-09-21,2025,9,21,264
EV11913,Calicut,Fast,Car,93.45,329.39031422327463,Inactive,2025-01-17,2025,1,17,17
EV11914,Bangalore,Level 2,Bike,77.29,369.6093619887497,Active,2025-03-17,2025,3,17,76
EV11915,Mumbai,Fast,Bus,168.76,249.48656903274633,Active,2025-09-11,2025,9,11,254
EV11916,Calicut,Level 2,Bike,59.36,262.5087093448035,Active,2025-07-25,2025,7,25,206
EV11917,Hyderabad,Level 2,Bike,75.97,428.5795450134771,Inactive,2025-02-03,2025,2,3,34
EV11918,Bangalore,Fast,Bus,219.71,346.84569758888136,Active,2025-05-27,2025,5,27,147
EV11919,Trivandrum,Fast,Car,157.15,450.676796091988,Inactive,2025-11-22,2025,11,22,326
EV11920,Kochi,DC Fast,Car,214.29,447.5968417156489,Active,2025-12-04,2025,12,4,338
EV11921,Trivandrum,DC Fast,Bike,118.5,488.7152163412396,Inactive,2025-08-16,2025,8,16,228
EV11922,Delhi,DC Fast,Bus,250.0,356.1030362457604,Active,2025-04-28,2025,4,28,118
EV11923,Hyderabad,Level 2,Bike,75.35,261.10482447763616,Active,2025-06-14,2025,6,14,165
EV11924,Trivandrum,Fast,Bike,63.82,99.82961610035954,Active,2025-02-07,2025,2,7,38
EV11925,Calicut,Super Fast,Bike,112.62,358.5826686307603,Active,2025-12-24,2025,12,24,358
EV11926,Delhi,Level 2,Bus,85.07,159.95730404476674,Inactive,2025-10-23,2025,10,23,296
EV11927,Delhi,Super Fast,Bus,150.59,155.814832657919,Active,2025-05-17,2025,5,17,137
EV11928,Trivandrum,Fast,Car,74.79,134.37813269507268,Active,2025-11-05,2025,11,5,309
EV11929,Mumbai,Level 2,Bus,175.95,440.0585875286961,Inactive,2025-09-03,2025,9,3,246
EV11930,Trivandrum,Super Fast,Bike,144.77,436.62293440743593,Active,2025-07-17,2025,7,17,198
EV11931,Mumbai,Super Fast,Bike,100.62,322.8658135376279,Inactive,2025-03-07,2025,3,7,66
EV11932,Hyderabad,DC Fast,Car,129.62,247.03087105795322,Active,2025-03-21,2025,3,21,80
EV11933,Kochi,DC Fast,Bus,190.8,342.61494084742355,Inactive,2025-02-21,2025,2,21,52
EV11934,Trivandrum,DC Fast,Bike,109.98,311.47013614322753,Active,2025-05-09,2025,5,9,129
EV11935,Chennai,Level 2,Car,75.58,219.55243919522593,Active,2025-01-01,2025,1,1,1
EV11936,Mumbai,Fast,Car,98.42,202.2228163931045,Active,2025-06-16,2025,6,16,167
EV11937,Trivandrum,Fast,Bike,81.57,203.7412679097681,Active,2025-01-16,2025,1,16,16
EV11938,Bangalore,DC Fast,Bike,105.88,302.78403351489834,Active,2025-05-25,2025,5,25,145
EV11939,Calicut,DC Fast,Bus,220.31,330.8812909379964,Active,2025-04-22,2025,4,22,112
EV11940,Chennai,DC Fast,Car,111.91,236.83604168741215,Inactive,2025-04-12,2025,4,12,102
EV11941,Chennai,Super Fast,Bike,139.0,484.97189610226064,Inactive,2025-03-23,2025,3,23,82
EV11942,Mumbai,DC Fast,Car,43.74,60.2459446421509,Inactive,2025-04-09,2025,4,9,99
EV11943,Bangalore,Super Fast,Bus,140.3,186.58257245781297,Inactive,2025-06-08,2025,6,8,159
EV11944,Bangalore,Fast,Bike,60.95,221.15584790021165,Inactive,2025-02-09,2025,2,9,40
EV11945,Delhi,Level 2,Bus,36.93,28.122244863172696,Inactive,2025-06-04,2025,6,4,155
EV11946,Mumbai,Level 2,Car,73.76,195.17945008074807,Inactive,2025-02-05,2025,2,5,36
EV11947,Kochi,Level 2,Bus,61.35,151.3807602429644,Active,2025-09-04,2025,9,4,247
EV11948,Calicut,Level 2,Bus,106.66,262.89740970919075,Inactive,2025-01-04,2025,1,4,4
EV11949,Hyderabad,Super Fast,Car,95.49,181.47706264796923,Inactive,2025-10-08,2025,10,8,281
EV11950,Chennai,Super Fast,Bus,250.0,368.5674247743014,Inactive,2025-12-17,2025,12,17,351
EV11951,Hyderabad,DC Fast,Car,139.06,264.7675977956713,Active,2025-11-30,2025,11,30,334
EV11952,Trivandrum,Super Fast,Bike,44.99,82.28587207820689,Active,2025-09-06,2025,9,6,249
EV11953,Trivandrum,DC Fast,Car,164.6,380.02943558928666,Inactive,2025-01-12,2025,1,12,12
EV11954,Hyderabad,DC Fast,Car,47.68,67.62987011968477,Inactive,2025-10-10,2025,10,10,283
EV11955,Trivandrum,Level 2,Bike,100.02,422.7436006780915,Active,2025-08-04,2025,8,4,216
EV11956,Kochi,Super Fast,Car,248.46,467.08265316138534,Active,2025-11-15,2025,11,15,319
EV11957,Bangalore,Super Fast,Bike,76.31,174.77373928872987,Active,2025-11-07,2025,11,7,311
EV11958,Trivandrum,DC Fast,Bike,143.02,464.54846396620684,Active,2025-03-23,2025,3,23,82
EV11959,Delhi,DC Fast,Car,203.36,400.6439163788184,Active,2025-01-14,2025,1,14,14
EV11960,Trivandrum,Fast,Bus,250.0,462.76909328180955,Active,2025-02-25,2025,2,25,56
EV11961,Calicut,Fast,Bus,149.34,339.8096657220069,Inactive,2025-12-08,2025,12,8,342
EV11962,Kochi,DC Fast,Bike,61.76,133.1091389222825,Active,2025-10-09,2025,10,9,282
EV11963,Calicut,Fast,Bus,250.0,449.37115371726685,Active,2025-07-18,2025,7,18,199
EV11964,Calicut,Fast,Bus,47.25,108.44723656195698,Inactive,2025-12-14,2025,12,14,348
EV11965,Delhi,DC Fast,Car,89.35,122.26906448841704,Active,2025-06-15,2025,6,15,166
EV11966,Kochi,DC Fast,Bike,53.09,150.11023526737458,Active,2025-10-19,2025,10,19,292
EV11967,Kochi,Super Fast,Bike,57.4,166.03822951356062,Active,2025-05-26,2025,5,26,146
EV11968,Mumbai,DC Fast,Car,160.77,266.9502282228947,Active,2025-03-19,2025,3,19,78
EV11969,Kochi,DC Fast,Bus,198.64,362.45953300834117,Inactive,2025-04-22,2025,4,22,112
EV11970,Kochi,Level 2,Bike,99.46,464.5799237123282,Inactive,2025-01-23,2025,1,23,23
EV11971,Kochi,Super Fast,Bus,60.51,62.450041921041176,Active,2025-04-26,2025,4,26,116
EV11972,Delhi,Super Fast,Bike,179.43,478.0972938695532,Active,2025-05-22,2025,5,22,142
EV11973,Trivandrum,Super Fast,Bike,154.88,462.2350242064704,Active,2025-07-16,2025,7,16,197
EV11974,Mumbai,Level 2,Bike,28.03,45.91966024689869,Inactive,2025-10-05,2025,10,5,278
EV11975,Calicut,DC Fast,Bike,63.33,192.9541460919501,Inactive,2025-01-28,2025,1,28,28
EV11976,Kochi,Super Fast,Bus,250.0,410.3088273436815,Active,2025-10-26,2025,10,26,299
EV11977,Chennai,Super Fast,Bus,250.0,313.5567418301125,Active,2025-03-17,2025,3,17,76
EV11978,Trivandrum,Fast,Bus,190.47,393.9650928232498,Inactive,2025-01-18,2025,1,18,18
EV11979,Trivandrum,Super Fast,Bus,238.55,365.136002619146,Inactive,2025-04-10,2025,4,10,100
EV11980,Calicut,DC Fast,Car,111.91,258.44965430103855,Active,2025-05-04,2025,5,4,124
EV11981,Delhi,DC Fast,Bike,37.05,39.784662056815776,Inactive,2025-12-31,2025,12,31,365
EV11982,Hyderabad,Fast,Bike,91.7,300.44873699096047,Active,2025-10-19,2025,10,19,292
EV11983,Hyderabad,Super Fast,Bike,29.35,43.31199346846206,Active,2025-05-05,2025,5,5,125
EV11984,Trivandrum,Super Fast,Car,185.62,309.7888244168628,Active,2025-01-07,2025,1,7,7
EV11985,Bangalore,Super Fast,Bus,250.0,404.19721399696556,Active,2025-01-23,2025,1,23,23
EV11986,Bangalore,Level 2,Bike,80.0,300.79603937692093,Active,2025-06-11,2025,6,11,162
EV11987,Calicut,Super Fast,Bus,250.0,498.5704661896146,Active,2025-04-27,2025,4,27,117
EV11988,Hyderabad,DC Fast,Bus,187.24,238.81592008660786,Active,2025-12-18,2025,12,18,352
EV11989,Trivandrum,DC Fast,Car,202.79,379.43718252991397,Active,2025-01-21,2025,1,21,21
EV11990,Delhi,Level 2,Car,134.14,340.2623800361156,Active,2025-09-09,2025,9,9,252
EV11991,Hyderabad,Level 2,Bus,241.05,495.88721194788224,Active,2025-11-22,2025,11,22,326
EV11992,Trivandrum,Super Fast,Bike,95.95,362.34512243701045,Inactive,2025-11-05,2025,11,5,309
EV11993,Trivandrum,Fast,Bike,42.65,98.73475110050691,Active,2025-03-25,2025,3,25,84
EV11994,Kochi,Level 2,Car,147.62,478.6484990802756,Active,2025-12-28,2025,12,28,362
EV11995,Delhi,Level 2,Car,103.96,340.53306869396545,Inactive,2025-02-10,2025,2,10,41
EV11996,Kochi,Super Fast,Car,42.88,48.48235078706715,Active,2025-07-22,2025,7,22,203
EV11997,Calicut,Super Fast,Car,181.41,335.63278677661395,Active,2025-05-08,2025,5,8,128
EV11998,Kochi,Level 2,Car,142.76,443.89731520389205,Active,2025-05-22,2025,5,22,142
EV11999,Chennai,Fast,Car,96.43,296.980093755212,Inactive,2025-12-10,2025,12,10,344
EV12000,Kochi,Level 2,Car,70.72,189.92942625536537,Inactive,2025-04-13,2025,4,13,103
EV12001,Chennai,Super Fast,Bike,139.65,414.03662435389566,Active,2025-04-17,2025,4,17,107
EV12002,Hyderabad,Super Fast,Car,229.98,395.60576393879813,Active,2025-01-17,2025,1,17,17
EV12003,Bangalore,Level 2,Car,95.57,281.2074340310244,Active,2025-01-25,2025,1,25,25
EV12004,Mumbai,Fast,Bike,32.88,94.09364955003215,Inactive,2025-03-05,2025,3,5,64
EV12005,Mumbai,Level 2,Bike,54.8,140.47351305112704,Active,2025-12-08,2025,12,8,342
EV12006,Trivandrum,Level 2,Bus,144.83,374.47230664933073,Inactive,2025-08-25,2025,8,25,237
EV12007,Mumbai,Super Fast,Car,250.0,406.9194393895652,Active,2025-06-25,2025,6,25,176
EV12008,Chennai,Fast,Car,83.29,154.0473334596751,Active,2025-10-18,2025,10,18,291
EV12009,Delhi,DC Fast,Car,80.66,196.63283704965758,Inactive,2025-10-20,2025,10,20,293
EV12010,Kochi,Fast,Car,31.57,57.26330491990167,Inactive,2025-11-07,2025,11,7,311
EV12011,Chennai,Level 2,Bus,180.13,362.4617352159199,Active,2025-06-05,2025,6,5,156
EV12012,Delhi,Level 2,Bike,29.19,21.717221408015046,Active,2025-02-22,2025,2,22,53
EV12013,Bangalore,Level 2,Bike,13.42,42.339930185152674,Active,2025-03-14,2025,3,14,73
EV12014,Mumbai,Fast,Car,37.36,22.085152536363157,Active,2025-07-02,2025,7,2,183
EV12015,Bangalore,Super Fast,Car,205.9,329.753400002056,Active,2025-07-08,2025,7,8,189
EV12016,Mumbai,Level 2,Car,80.55,220.34582129626233,Active,2025-01-13,2025,1,13,13
EV12017,Kochi,Level 2,Bus,87.38,162.82244544479852,Active,2025-02-16,2025,2,16,47
EV12018,Calicut,Fast,Bus,246.64,458.09648497141296,Active,2025-06-09,2025,6,9,160
EV12019,Kochi,DC Fast,Bike,52.3,112.5453414447712,Active,2025-10-11,2025,10,11,284
EV12020,Hyderabad,DC Fast,Car,101.18,206.89664498307226,Active,2025-02-22,2025,2,22,53
EV12021,Chennai,Super Fast,Car,250.0,471.3496644453208,Active,2025-10-14,2025,10,14,287
EV12022,Trivandrum,Super Fast,Car,122.06,225.01115016178036,Inactive,2025-01-08,2025,1,8,8
EV12023,Calicut,Level 2,Car,95.69,286.25296911058774,Active,2025-03-13,2025,3,13,72
EV12024,Kochi,Fast,Bus,57.08,58.56169595335403,Active,2025-04-08,2025,4,8,98
EV12025,Delhi,Level 2,Bike,90.45,399.2798657088619,Active,2025-03-28,2025,3,28,87
EV12026,Calicut,Super Fast,Bike,86.78,222.92421300235432,Active,2025-11-26,2025,11,26,330
EV12027,Chennai,Fast,Bus,247.9,404.24725980727203,Active,2025-04-11,2025,4,11,101
EV12028,Mumbai,Fast,Car,71.17,141.82286842687623,Active,2025-10-08,2025,10,8,281
EV12029,Calicut,Super Fast,Bike,80.21,222.7898002694768,Active,2025-10-16,2025,10,16,289
EV12030,Mumbai,DC Fast,Bike,126.2,397.54348945520496,Inactive,2025-08-25,2025,8,25,237
EV12031,Chennai,DC Fast,Bus,250.0,487.4613281809471,Inactive,2025-07-15,2025,7,15,196
EV12032,Kochi,Fast,Car,29.08,48.62025170588906,Active,2025-04-07,2025,4,7,97
EV12033,Chennai,Level 2,Bike,86.4,409.9789651610741,Active,2025-04-06,2025,4,6,96
EV12034,Calicut,DC Fast,Car,78.17,164.3307524610129,Active,2025-09-18,2025,9,18,261
EV12035,Delhi,Level 2,Bike,72.94,284.3567748277146,Active,2025-05-01,2025,5,1,121
EV12036,Bangalore,DC Fast,Bus,140.34,159.244287176359,Active,2025-09-30,2025,9,30,273
EV12037,Calicut,DC Fast,Car,161.72,314.4538268326353,Active,2025-11-28,2025,11,28,332
EV12038,Chennai,Level 2,Bus,89.3,189.82535870910826,Active,2025-02-21,2025,2,21,52
EV12039,Bangalore,Super Fast,Bike,74.32,180.1351476692871,Inactive,2025-11-14,2025,11,14,318
EV12040,Chennai,DC Fast,Bus,45.94,38.210390209249056,Active,2025-06-12,2025,6,12,163
EV12041,Delhi,DC Fast,Bus,82.66,90.54099483382954,Active,2025-07-09,2025,7,9,190
EV12042,Chennai,Level 2,Bus,169.08,460.19753545542983,Inactive,2025-10-04,2025,10,4,277
EV12043,Kochi,Super Fast,Bike,181.0,499.17316585915825,Active,2025-03-26,2025,3,26,85
EV12044,Trivandrum,DC Fast,Car,181.01,394.64987641741106,Active,2025-07-13,2025,7,13,194
EV12045,Mumbai,DC Fast,Bus,133.29,157.67005989127367,Active,2025-06-30,2025,6,30,181
EV12046,Mumbai,Super Fast,Car,146.2,213.1736664529244,Active,2025-01-21,2025,1,21,21
EV12047,Calicut,DC Fast,Bike,113.39,374.9616583549197,Active,2025-07-22,2025,7,22,203
EV12048,Trivandrum,Super Fast,Car,250.0,484.88650730393505,Active,2025-07-21,2025,7,21,202
EV12049,Chennai,Super Fast,Bus,202.38,238.62616195009645,Active,2025-05-31,2025,5,31,151
EV12050,Delhi,Level 2,Bus,214.35,418.1707593384198,Active,2025-06-08,2025,6,8,159
EV12051,Calicut,Fast,Bus,214.22,488.0330828473841,Inactive,2025-11-06,2025,11,6,310
EV12052,Chennai,Super Fast,Bus,250.0,439.2671221068821,Active,2025-01-26,2025,1,26,26
EV12053,Bangalore,Level 2,Bus,73.23,129.03187845023695,Active,2025-11-05,2025,11,5,309
EV12054,Hyderabad,Fast,Bus,32.32,23.85529466029901,Inactive,2025-03-07,2025,3,7,66
EV12055,Chennai,DC Fast,Bike,88.59,256.19921858643926,Active,2025-09-20,2025,9,20,263
EV12056,Trivandrum,Fast,Bike,77.8,275.0531992137281,Active,2025-06-16,2025,6,16,167
EV12057,Calicut,Super Fast,Bike,48.36,116.60017498456142,Active,2025-10-15,2025,10,15,288
EV12058,Trivandrum,Super Fast,Car,103.57,156.64370813447246,Active,2025-06-03,2025,6,3,154
EV12059,Calicut,Super Fast,Car,189.63,387.2735172073025,Active,2025-12-09,2025,12,9,343
EV12060,Chennai,Super Fast,Bike,96.5,245.7666841823042,Active,2025-07-25,2025,7,25,206
EV12061,Kochi,Super Fast,Car,81.41,172.3299601281232,Inactive,2025-06-02,2025,6,2,153
EV12062,Bangalore,Level 2,Car,112.76,318.8604931337213,Active,2025-07-03,2025,7,3,184
EV12063,Chennai,Super Fast,Bus,250.0,333.32468286854015,Active,2025-06-08,2025,6,8,159
EV12064,Mumbai,Level 2,Bus,207.82,389.30997288358503,Active,2025-07-13,2025,7,13,194
EV12065,Trivandrum,DC Fast,Car,67.26,95.22046196620119,Active,2025-01-02,2025,1,2,2
EV12066,Hyderabad,Super Fast,Car,224.96,375.92828111695536,Active,2025-08-03,2025,8,3,215
EV12067,Hyderabad,Super Fast,Bike,120.9,307.7256282130009,Active,2025-06-24,2025,6,24,175
EV12068,Delhi,Fast,Car,37.65,47.634495345342614,Active,2025-03-16,2025,3,16,75
EV12069,Calicut,DC Fast,Bus,250.0,393.17390156163736,Active,2025-10-12,2025,10,12,285
EV12070,Trivandrum,Super Fast,Car,89.93,203.87853503992883,Inactive,2025-05-07,2025,5,7,127
EV12071,Delhi,Super Fast,Bike,74.17,178.58284847822603,Inactive,2025-02-18,2025,2,18,49
EV12072,Trivandrum,DC Fast,Bus,177.64,235.07607275918448,Active,2025-02-01,2025,2,1,32
EV12073,Mumbai,Level 2,Bus,98.8,186.16403710694195,Inactive,2025-06-07,2025,6,7,158
EV12074,Calicut,Super Fast,Bus,142.91,182.37708426075636,Active,2025-01-15,2025,1,15,15
EV12075,Chennai,Fast,Bus,215.1,407.8772804963002,Inactive,2025-11-14,2025,11,14,318
EV12076,Chennai,Super Fast,Car,60.68,79.76252209553229,Active,2025-11-30,2025,11,30,334
EV12077,Hyderabad,Fast,Bike,127.65,485.8880325715801,Active,2025-08-31,2025,8,31,243
EV12078,Chennai,Fast,Car,118.96,286.36718929968475,Inactive,2025-01-17,2025,1,17,17
EV12079,Chennai,Super Fast,Car,79.96,107.8035192422302,Active,2025-01-22,2025,1,22,22
EV12080,Mumbai,Super Fast,Bus,90.95,82.98343180720951,Inactive,2025-09-01,2025,9,1,244
EV12081,Kochi,Fast,Bike,85.19,303.92457542479167,Active,2025-03-22,2025,3,22,81
EV12082,Hyderabad,DC Fast,Bus,250.0,323.83973304652545,Active,2025-05-24,2025,5,24,144
EV12083,Delhi,DC Fast,Car,50.18,45.45237009430917,Active,2025-01-08,2025,1,8,8
EV12084,Bangalore,Super Fast,Car,77.74,136.6409187818172,Inactive,2025-06-16,2025,6,16,167
EV12085,Kochi,Level 2,Bus,180.99,401.8217221863043,Active,2025-10-14,2025,10,14,287
EV12086,Delhi,DC Fast,Car,42.4,43.81982131689224,Active,2025-09-25,2025,9,25,268
EV12087,Calicut,Super Fast,Car,186.96,430.4425586748973,Inactive,2025-10-16,2025,10,16,289
EV12088,Kochi,DC Fast,Bus,180.78,335.9179887326401,Inactive,2025-07-05,2025,7,5,186
EV12089,Mumbai,Level 2,Car,81.44,228.52316449433832,Inactive,2025-01-12,2025,1,12,12
EV12090,Delhi,Super Fast,Bike,90.35,186.28776750603961,Active,2025-10-08,2025,10,8,281
EV12091,Calicut,Level 2,Bus,23.29,29.239502647469102,Inactive,2025-10-31,2025,10,31,304
EV12092,Hyderabad,Super Fast,Bike,120.6,416.10317396088465,Inactive,2025-03-24,2025,3,24,83
EV12093,Bangalore,Level 2,Car,27.55,88.50648990489829,Inactive,2025-02-24,2025,2,24,55
EV12094,Calicut,DC Fast,Car,103.89,168.5801560938023,Active,2025-05-11,2025,5,11,131
EV12095,Chennai,DC Fast,Bus,213.62,293.17135057414583,Active,2025-05-05,2025,5,5,125
EV12096,Trivandrum,Level 2,Car,69.4,138.07644803420203,Active,2025-11-21,2025,11,21,325
EV12097,Calicut,Level 2,Bus,115.08,258.62742260105665,Active,2025-02-20,2025,2,20,51
EV12098,Calicut,Level 2,Bus,181.58,408.48455779457714,Active,2025-01-27,2025,1,27,27
EV12099,Bangalore,Super Fast,Bus,227.04,245.85820869933193,Active,2025-06-14,2025,6,14,165
EV12100,Trivandrum,DC Fast,Bus,250.0,475.5091251774061,Active,2025-10-08,2025,10,8,281
EV12101,Chennai,Super Fast,Bus,250.0,426.800297780644,Active,2025-02-02,2025,2,2,33
EV12102,Delhi,DC Fast,Bike,73.83,179.85883297442922,Active,2025-03-03,2025,3,3,62
EV12103,Delhi,Fast,Bus,150.46,211.9818198002901,Active,2025-05-25,2025,5,25,145
EV12104,Calicut,Super Fast,Bike,75.3,223.19682897081304,Inactive,2025-06-20,2025,6,20,171
EV12105,Mumbai,DC Fast,Car,200.32,320.5661374037671,Active,2025-10-13,2025,10,13,286
EV12106,Mumbai,DC Fast,Bus,137.75,157.6619500104991,Active,2025-10-24,2025,10,24,297
EV12107,Trivandrum,Super Fast,Car,250.0,485.23958663480414,Active,2025-04-27,2025,4,27,117
EV12108,Trivandrum,Super Fast,Bus,250.0,312.16842588968046,Active,2025-01-04,2025,1,4,4
EV12109,Chennai,DC Fast,Bike,60.97,211.7127961957441,Inactive,2025-03-07,2025,3,7,66
EV12110,Bangalore,Super Fast,Bike,130.22,329.6047114359523,Active,2025-03-01,2025,3,1,60
EV12111,Hyderabad,Level 2,Bike,65.56,209.79440505425967,Active,2025-10-14,2025,10,14,287
EV12112,Delhi,Super Fast,Car,250.0,412.5419268701211,Active,2025-12-11,2025,12,11,345
EV12113,Bangalore,Super Fast,Bus,207.93,292.5636610648262,Inactive,2025-08-17,2025,8,17,229
EV12114,Kochi,Super Fast,Car,38.05,40.14584163491216,Active,2025-04-10,2025,4,10,100
EV12115,Delhi,DC Fast,Bike,41.85,104.84329636326116,Active,2025-04-29,2025,4,29,119
EV12116,Bangalore,Level 2,Car,158.15,435.1971070541766,Active,2025-03-10,2025,3,10,69
EV12117,Delhi,Fast,Bike,96.65,290.19191665125913,Active,2025-06-01,2025,6,1,152
EV12118,Hyderabad,Fast,Bike,121.29,476.1648687266744,Active,2025-10-07,2025,10,7,280
EV12119,Kochi,Level 2,Bike,48.79,54.762710173128696,Active,2025-08-09,2025,8,9,221
EV12120,Mumbai,Level 2,Bus,93.41,161.7251024412675,Active,2025-08-11,2025,8,11,223
EV12121,Mumbai,Level 2,Bus,74.82,112.90081915499485,Active,2025-06-14,2025,6,14,165
EV12122,Hyderabad,DC Fast,Bike,96.54,285.8433402697934,Active,2025-07-30,2025,7,30,211
EV12123,Chennai,Fast,Car,100.37,203.7405589183565,Active,2025-10-06,2025,10,6,279
EV12124,Kochi,Level 2,Car,45.82,95.49129635666874,Active,2025-03-04,2025,3,4,63
EV12125,Calicut,DC Fast,Bus,205.44,328.5209187005825,Active,2025-09-19,2025,9,19,262
EV12126,Bangalore,Fast,Bike,94.64,277.4232155826495,Active,2025-01-06,2025,1,6,6
EV12127,Kochi,Super Fast,Car,72.91,151.87340062222447,Inactive,2025-09-05,2025,9,5,248
EV12128,Chennai,DC Fast,Bike,95.46,250.29025173554135,Active,2025-08-17,2025,8,17,229
EV12129,Chennai,Fast,Car,161.01,377.95439121977097,Active,2025-10-13,2025,10,13,286
EV12130,Hyderabad,DC Fast,Bus,102.65,118.53040378431609,Active,2025-09-14,2025,9,14,257
EV12131,Delhi,Fast,Bike,62.64,160.59475841682996,Active,2025-03-04,2025,3,4,63
EV12132,Kochi,Fast,Bike,60.19,186.13327380517526,Active,2025-01-28,2025,1,28,28
EV12133,Bangalore,Super Fast,Car,233.63,378.42868985649517,Active,2025-12-11,2025,12,11,345
EV12134,Kochi,DC Fast,Car,193.47,426.5228477844353,Active,2025-02-22,2025,2,22,53
EV12135,Trivandrum,Level 2,Car,72.54,200.66647829197322,Inactive,2025-09-09,2025,9,9,252
EV12136,Delhi,Super Fast,Bike,66.66,162.37801368028076,Active,2025-02-07,2025,2,7,38
EV12137,Bangalore,Super Fast,Bus,250.0,446.93444400880503,Active,2025-11-04,2025,11,4,308
EV12138,Mumbai,Fast,Bus,250.0,499.6951674524858,Inactive,2025-11-30,2025,11,30,334
EV12139,Bangalore,Level 2,Car,128.88,341.76974703766354,Active,2025-05-19,2025,5,19,139
EV12140,Calicut,DC Fast,Bus,250.0,495.1906951948068,Inactive,2025-02-22,2025,2,22,53
EV12141,Hyderabad,Level 2,Car,129.18,336.7838133449168,Active,2025-04-04,2025,4,4,94
EV12142,Calicut,Level 2,Bus,152.51,372.06093056375596,Active,2025-04-04,2025,4,4,94
EV12143,Bangalore,Level 2,Bike,47.11,206.55488074088655,Active,2025-09-20,2025,9,20,263
EV12144,Delhi,Level 2,Car,81.73,227.82442255954567,Inactive,2025-11-19,2025,11,19,323
EV12145,Kochi,Level 2,Bus,49.07,89.18511871490966,Inactive,2025-05-17,2025,5,17,137
EV12146,Mumbai,Fast,Bike,129.27,414.92000708725914,Active,2025-09-13,2025,9,13,256
EV12147,Kochi,Fast,Bus,250.0,466.90833482585606,Active,2025-02-06,2025,2,6,37
EV12148,Delhi,Super Fast,Bike,124.39,319.2503041731738,Active,2025-05-22,2025,5,22,142
EV12149,Bangalore,Fast,Bike,77.44,184.95070805379126,Active,2025-05-27,2025,5,27,147
EV12150,Chennai,Super Fast,Bus,78.04,93.92783617969582,Inactive,2025-01-08,2025,1,8,8
EV12151,Kochi,Super Fast,Bus,139.66,147.27499025855116,Active,2025-09-08,2025,9,8,251
EV12152,Chennai,DC Fast,Bike,65.02,142.59700200888477,Active,2025-05-15,2025,5,15,135
EV12153,Kochi,Level 2,Bike,57.34,314.49338439851505,Inactive,2025-02-28,2025,2,28,59
EV12154,Kochi,Fast,Bike,110.86,473.6179833745301,Inactive,2025-05-03,2025,5,3,123
EV12155,Mumbai,DC Fast,Car,44.01,43.1705057398311,Active,2025-09-20,2025,9,20,263
EV12156,Hyderabad,Fast,Bike,24.84,20.490703805335038,Active,2025-04-30,2025,4,30,120
EV12157,Hyderabad,Super Fast,Car,152.21,308.0873332708763,Inactive,2025-09-16,2025,9,16,259
EV12158,Trivandrum,Fast,Bike,57.99,156.34902179826332,Active,2025-11-19,2025,11,19,323
EV12159,Calicut,Level 2,Car,121.36,442.66320432269936,Active,2025-01-18,2025,1,18,18
EV12160,Delhi,Super Fast,Bike,87.06,177.08014779479217,Active,2025-10-28,2025,10,28,301
EV12161,Delhi,Super Fast,Bike,66.56,159.07404825386686,Inactive,2025-12-19,2025,12,19,353
EV12162,Delhi,DC Fast,Bike,58.72,149.36509818478268,Active,2025-04-02,2025,4,2,92
EV12163,Trivandrum,Level 2,Bus,46.87,89.52935708875717,Active,2025-06-13,2025,6,13,164
EV12164,Hyderabad,Super Fast,Bus,250.0,299.13462765301307,Active,2025-05-24,2025,5,24,144
EV12165,Bangalore,Level 2,Bike,36.22,100.74252912042081,Inactive,2025-12-01,2025,12,1,335
EV12166,Chennai,Fast,Car,88.93,223.8229566993396,Inactive,2025-11-11,2025,11,11,315
EV12167,Mumbai,Level 2,Car,80.98,241.26658508271146,Inactive,2025-08-26,2025,8,26,238
EV12168,Chennai,Super Fast,Bike,34.86,29.83618250142774,Active,2025-06-23,2025,6,23,174
EV12169,Bangalore,DC Fast,Bus,26.64,28.067494314148398,Inactive,2025-03-24,2025,3,24,83
EV12170,Mumbai,Super Fast,Car,144.23,269.70209060327807,Inactive,2025-06-06,2025,6,6,157
EV12171,Trivandrum,Level 2,Bus,139.5,354.0966714699835,Inactive,2025-04-19,2025,4,19,109
EV12172,Bangalore,Level 2,Car,134.75,472.22839149459423,Inactive,2025-06-27,2025,6,27,178
EV12173,Delhi,Super Fast,Bike,63.02,105.97725639533846,Active,2025-09-07,2025,9,7,250
EV12174,Calicut,Level 2,Bus,44.39,69.56422852931964,Active,2025-09-10,2025,9,10,253
EV12175,Kochi,Fast,Car,33.03,45.002195325032446,Inactive,2025-02-24,2025,2,24,55
EV12176,Chennai,Super Fast,Bike,72.31,229.29995979821612,Inactive,2025-06-04,2025,6,4,155
EV12177,Hyderabad,DC Fast,Bike,111.56,319.1107363212593,Active,2025-04-01,2025,4,1,91
EV12178,Hyderabad,Super Fast,Bike,149.99,423.4656112406068,Active,2025-12-05,2025,12,5,339
EV12179,Trivandrum,Fast,Bus,216.24,347.66954350070307,Active,2025-05-06,2025,5,6,126
EV12180,Mumbai,Fast,Bus,103.8,120.01317875593152,Active,2025-12-03,2025,12,3,337
EV12181,Hyderabad,Fast,Bike,79.57,241.64977587021392,Active,2025-06-18,2025,6,18,169
EV12182,Delhi,Fast,Bus,250.0,456.96624622815455,Inactive,2025-05-19,2025,5,19,139
EV12183,Chennai,Fast,Car,83.22,176.8357099891382,Active,2025-01-05,2025,1,5,5
EV12184,Bangalore,DC Fast,Bike,83.62,259.3905752441271,Active,2025-03-07,2025,3,7,66
EV12185,Delhi,Level 2,Bike,105.67,480.11136062897447,Active,2025-04-21,2025,4,21,111
EV12186,Trivandrum,Fast,Bus,220.52,372.6598426753749,Active,2025-07-03,2025,7,3,184
EV12187,Delhi,Fast,Bike,107.56,378.9153851080122,Active,2025-09-25,2025,9,25,268
EV12188,Bangalore,Super Fast,Car,79.67,141.12032211834926,Active,2025-06-19,2025,6,19,170
EV12189,Calicut,DC Fast,Bus,152.51,219.05509678646152,Active,2025-12-28,2025,12,28,362
EV12190,Trivandrum,DC Fast,Bus,59.55,59.524238286426424,Active,2025-09-01,2025,9,1,244
EV12191,Calicut,Level 2,Bike,73.3,311.13241618425616,Active,2025-11-27,2025,11,27,331
EV12192,Kochi,DC Fast,Bike,42.01,69.79047898039721,Active,2025-05-18,2025,5,18,138
EV12193,Calicut,Super Fast,Bike,136.25,421.2365994588583,Active,2025-01-28,2025,1,28,28
EV12194,Kochi,Super Fast,Bus,250.0,410.9858177695985,Active,2025-01-07,2025,1,7,7
EV12195,Kochi,Level 2,Bike,61.89,276.13044853870855,Inactive,2025-11-29,2025,11,29,333
EV12196,Calicut,Super Fast,Car,56.96,87.75969593457425,Active,2025-11-13,2025,11,13,317
EV12197,Trivandrum,Fast,Bike,27.26,32.27791193368071,Inactive,2025-02-20,2025,2,20,51
EV12198,Mumbai,Fast,Bike,131.8,402.42016042043474,Active,2025-05-16,2025,5,16,136
EV12199,Bangalore,Super Fast,Bus,225.49,308.0674319424449,Inactive,2025-06-27,2025,6,27,178
EV12200,Delhi,Level 2,Bike,78.85,361.246225638984,Active,2025-05-09,2025,5,9,129
EV12201,Delhi,DC Fast,Bus,131.16,165.82742035345643,Active,2025-07-16,2025,7,16,197
EV12202,Bangalore,Level 2,Bike,54.9,264.551714165079,Active,2025-09-24,2025,9,24,267
EV12203,Chennai,DC Fast,Car,175.37,378.6436018590322,Active,2025-04-17,2025,4,17,107
EV12204,Chennai,Super Fast,Car,144.21,242.03038799062378,Active,2025-02-17,2025,2,17,48
EV12205,Kochi,Super Fast,Bus,245.47,308.66442692899085,Active,2025-05-18,2025,5,18,138
EV12206,Kochi,Fast,Bus,179.8,399.0695656678219,Inactive,2025-04-13,2025,4,13,103
EV12207,Trivandrum,DC Fast,Bike,47.15,123.30590972786185,Active,2025-02-16,2025,2,16,47
EV12208,Hyderabad,Level 2,Bike,21.32,51.64586689159151,Active,2025-06-02,2025,6,2,153
EV12209,Calicut,Super Fast,Car,135.5,275.27528518918643,Active,2025-01-06,2025,1,6,6
EV12210,Kochi,Level 2,Bike,24.92,49.82036994564595,Inactive,2025-01-11,2025,1,11,11
EV12211,Delhi,Fast,Car,181.5,387.94750129604154,Active,2025-01-17,2025,1,17,17
EV12212,Trivandrum,DC Fast,Bus,250.0,365.2214948642185,Active,2025-05-23,2025,5,23,143
EV12213,Calicut,DC Fast,Bike,135.2,443.2220823033425,Active,2025-09-29,2025,9,29,272
EV12214,Trivandrum,Super Fast,Bus,250.0,326.98980705630106,Active,2025-11-08,2025,11,8,312
EV12215,Calicut,DC Fast,Bike,37.15,52.254833961139404,Inactive,2025-03-07,2025,3,7,66
EV12216,Calicut,Super Fast,Car,72.95,141.51302023501637,Inactive,2025-12-05,2025,12,5,339
EV12217,Bangalore,Fast,Bus,250.0,407.8072853901052,Active,2025-11-27,2025,11,27,331
EV12218,Kochi,DC Fast,Bus,71.85,100.22356031052212,Active,2025-09-13,2025,9,13,256
EV12219,Mumbai,Super Fast,Bike,149.99,355.27062455114594,Active,2025-05-07,2025,5,7,127
EV12220,Trivandrum,Level 2,Bus,183.16,394.5244788418294,Active,2025-05-11,2025,5,11,131
EV12221,Mumbai,Super Fast,Car,131.97,178.45366297051575,Active,2025-01-18,2025,1,18,18
EV12222,Trivandrum,DC Fast,Bus,133.55,174.70278723339607,Active,2025-07-26,2025,7,26,207
EV12223,Bangalore,Fast,Bus,203.13,287.7452869803905,Active,2025-03-30,2025,3,30,89
EV12224,Delhi,DC Fast,Bike,124.75,433.4174397222866,Inactive,2025-08-31,2025,8,31,243
EV12225,Mumbai,DC Fast,Bus,107.52,127.47497691847066,Active,2025-12-16,2025,12,16,350
EV12226,Delhi,Super Fast,Bike,156.64,471.8039341003533,Inactive,2025-01-17,2025,1,17,17
EV12227,Chennai,Level 2,Bike,53.39,307.5769687136519,Inactive,2025-08-11,2025,8,11,223
EV12228,Kochi,DC Fast,Bus,250.0,496.2207062490926,Inactive,2025-12-29,2025,12,29,363
EV12229,Kochi,Level 2,Car,46.85,63.01458751775486,Active,2025-07-29,2025,7,29,210
EV12230,Hyderabad,Super Fast,Bike,43.58,80.74982552324435,Inactive,2025-04-09,2025,4,9,99
EV12231,Bangalore,Level 2,Bus,167.62,416.78806578247173,Inactive,2025-01-13,2025,1,13,13
EV12232,Delhi,Super Fast,Bike,163.07,435.08282988984763,Active,2025-11-15,2025,11,15,319
EV12233,Calicut,Fast,Car,104.4,233.8201704180483,Active,2025-09-27,2025,9,27,270
EV12234,Trivandrum,Level 2,Car,117.81,362.7541645483208,Active,2025-07-06,2025,7,6,187
EV12235,Kochi,Level 2,Bike,76.6,436.42749797385846,Inactive,2025-10-01,2025,10,1,274
EV12236,Mumbai,Fast,Car,24.43,40.70133834503777,Inactive,2025-05-13,2025,5,13,133
EV12237,Trivandrum,Level 2,Bus,117.27,295.49620303676414,Inactive,2025-01-14,2025,1,14,14
EV12238,Trivandrum,Fast,Bus,210.89,429.670719932715,Inactive,2025-10-08,2025,10,8,281
EV12239,Hyderabad,DC Fast,Bike,82.8,211.114373400692,Active,2025-02-13,2025,2,13,44
EV12240,Delhi,Super Fast,Car,115.76,165.1441309339649,Active,2025-10-22,2025,10,22,295
EV12241,Kochi,Fast,Bus,228.35,401.93920884552205,Active,2025-04-14,2025,4,14,104
EV12242,Trivandrum,Level 2,Bus,97.18,181.17756008136138,Active,2025-03-03,2025,3,3,62
EV12243,Kochi,Fast,Bus,39.15,21.52366312856154,Active,2025-02-22,2025,2,22,53
EV12244,Calicut,Level 2,Bike,65.65,480.59484206195157,Inactive,2025-11-05,2025,11,5,309
EV12245,Hyderabad,DC Fast,Bike,86.14,304.2191534484889,Inactive,2025-04-28,2025,4,28,118
EV12246,Calicut,Fast,Bus,227.84,413.3686009808342,Active,2025-11-17,2025,11,17,321
EV12247,Kochi,DC Fast,Bus,250.0,416.144749924503,Active,2025-05-11,2025,5,11,131
EV12248,Chennai,Super Fast,Car,54.89,51.87700177891175,Active,2025-10-26,2025,10,26,299
EV12249,Mumbai,Level 2,Car,56.39,102.0128957055031,Active,2025-11-02,2025,11,2,306
EV12250,Kochi,Level 2,Car,72.44,169.33792676463074,Active,2025-07-18,2025,7,18,199
EV12251,Delhi,DC Fast,Bike,87.68,173.93565681983495,Active,2025-02-05,2025,2,5,36
EV12252,Trivandrum,Super Fast,Bus,230.22,336.2173364868382,Inactive,2025-10-06,2025,10,6,279
EV12253,Trivandrum,Fast,Bike,74.02,319.1038019612887,Inactive,2025-08-04,2025,8,4,216
EV12254,Calicut,Fast,Bus,130.21,257.40309344471063,Inactive,2025-03-15,2025,3,15,74
EV12255,Mumbai,Level 2,Car,52.9,121.4065915082086,Active,2025-11-02,2025,11,2,306
EV12256,Hyderabad,DC Fast,Car,117.66,203.35206545134562,Active,2025-02-24,2025,2,24,55
EV12257,Chennai,DC Fast,Car,155.72,280.9251048632814,Active,2025-01-12,2025,1,12,12
EV12258,Bangalore,Fast,Car,103.37,244.6329757298921,Inactive,2025-03-24,2025,3,24,83
EV12259,Mumbai,Super Fast,Bus,87.53,81.10041588563762,Inactive,2025-02-01,2025,2,1,32
EV12260,Trivandrum,Super Fast,Car,188.51,331.76503688092345,Active,2025-03-27,2025,3,27,86
EV12261,Delhi,Fast,Bus,52.27,55.06485286911706,Inactive,2025-08-20,2025,8,20,232
EV12262,Mumbai,Fast,Bus,145.59,201.53344787891854,Active,2025-10-02,2025,10,2,275
EV12263,Calicut,DC Fast,Bike,108.4,360.81408688410994,Active,2025-07-20,2025,7,20,201
EV12264,Calicut,Super Fast,Car,33.05,29.611296569459125,Inactive,2025-02-20,2025,2,20,51
EV12265,Bangalore,Fast,Car,116.38,293.5917531417517,Inactive,2025-11-16,2025,11,16,320
EV12266,Delhi,Fast,Bike,63.34,180.5700675887827,Active,2025-09-13,2025,9,13,256
EV12267,Hyderabad,Level 2,Bus,19.14,24.239284842912543,Active,2025-08-29,2025,8,29,241
EV12268,Mumbai,Fast,Car,67.24,111.3839701092665,Active,2025-07-24,2025,7,24,205
EV12269,Delhi,Fast,Bus,250.0,471.6541727699141,Active,2025-07-15,2025,7,15,196
EV12270,Hyderabad,Super Fast,Bike,89.56,270.1514746424434,Inactive,2025-09-01,2025,9,1,244
EV12271,Delhi,DC Fast,Bus,250.0,498.6690582219832,Active,2025-11-16,2025,11,16,320
EV12272,Delhi,Super Fast,Car,172.23,271.91204017507573,Active,2025-01-01,2025,1,1,1
EV12273,Kochi,DC Fast,Bus,194.92,281.08947789932876,Active,2025-03-30,2025,3,30,89
EV12274,Calicut,Level 2,Bus,93.4,208.08464620776914,Inactive,2025-10-09,2025,10,9,282
EV12275,Mumbai,Fast,Car,93.83,168.81940099107885,Inactive,2025-05-19,2025,5,19,139
EV12276,Delhi,Level 2,Car,61.03,140.7418655038135,Inactive,2025-03-28,2025,3,28,87
EV12277,Mumbai,DC Fast,Bus,152.81,184.84189574272347,Active,2025-01-02,2025,1,2,2
EV12278,Bangalore,Super Fast,Bus,180.33,240.72851883220744,Inactive,2025-12-15,2025,12,15,349
EV12279,Delhi,Super Fast,Bike,59.12,112.15613611077924,Active,2025-06-17,2025,6,17,168
EV12280,Trivandrum,Level 2,Car,60.63,127.94004406673402,Active,2025-04-29,2025,4,29,119
EV12281,Calicut,DC Fast,Bus,93.49,150.34148896085077,Inactive,2025-03-21,2025,3,21,80
EV12282,Trivandrum,Level 2,Car,89.87,235.6447481268028,Active,2025-04-21,2025,4,21,111
EV12283,Mumbai,Level 2,Bike,96.26,333.3504160708367,Active,2025-06-14,2025,6,14,165
EV12284,Mumbai,Fast,Bus,250.0,430.9501521374179,Active,2025-08-07,2025,8,7,219
EV12285,Calicut,Level 2,Bus,74.99,157.8232818498288,Active,2025-01-05,2025,1,5,5
EV12286,Mumbai,Fast,Bus,94.7,108.18960336388994,Active,2025-08-03,2025,8,3,215
EV12287,Trivandrum,Fast,Car,78.99,201.8467831282664,Inactive,2025-07-14,2025,7,14,195
EV12288,Delhi,Super Fast,Bike,176.65,449.30387665849076,Active,2025-10-09,2025,10,9,282
EV12289,Delhi,Fast,Car,28.44,24.733149601826945,Active,2025-01-06,2025,1,6,6
EV12290,Kochi,Fast,Bus,177.54,345.3769357077178,Inactive,2025-10-27,2025,10,27,300
EV12291,Bangalore,Super Fast,Bike,94.89,249.0368222775591,Inactive,2025-02-27,2025,2,27,58
EV12292,Mumbai,Level 2,Bus,67.6,97.30218318112642,Active,2025-12-03,2025,12,3,337
EV12293,Trivandrum,DC Fast,Bus,148.55,174.090332611744,Active,2025-10-29,2025,10,29,302
EV12294,Mumbai,DC Fast,Car,85.9,127.97602106097627,Active,2025-04-12,2025,4,12,102
EV12295,Mumbai,DC Fast,Bus,250.0,441.3594405872587,Active,2025-02-17,2025,2,17,48
EV12296,Hyderabad,Level 2,Bike,75.3,251.29922429359533,Active,2025-10-03,2025,10,3,276
EV12297,Kochi,Fast,Bus,161.21,290.28525337879654,Active,2025-06-12,2025,6,12,163
EV12298,Trivandrum,DC Fast,Bus,223.08,304.9700572817699,Active,2025-11-28,2025,11,28,332
EV12299,Trivandrum,Level 2,Car,112.96,327.0162198091309,Active,2025-07-15,2025,7,15,196
EV12300,Mumbai,Fast,Bike,82.12,257.86673138044637,Active,2025-12-31,2025,12,31,365
EV12301,Kochi,Super Fast,Car,28.04,28.579294801431594,Active,2025-11-20,2025,11,20,324
EV12302,Delhi,DC Fast,Bus,150.32,180.66688971903292,Active,2025-05-12,2025,5,12,132
EV12303,Trivandrum,Fast,Car,47.7,108.25915554607577,Active,2025-03-07,2025,3,7,66
EV12304,Delhi,DC Fast,Car,199.77,346.46856459760494,Active,2025-03-24,2025,3,24,83
EV12305,Kochi,DC Fast,Car,52.66,47.218232657622394,Active,2025-09-22,2025,9,22,265
EV12306,Delhi,DC Fast,Car,160.96,290.6256277335892,Active,2025-08-17,2025,8,17,229
EV12307,Calicut,Fast,Bus,65.83,121.10322669166445,Inactive,2025-09-30,2025,9,30,273
EV12308,Hyderabad,Level 2,Bus,214.11,475.44600246418935,Active,2025-08-07,2025,8,7,219
EV12309,Chennai,Fast,Bike,55.83,181.05965224953704,Active,2025-08-13,2025,8,13,225
EV12310,Trivandrum,DC Fast,Car,109.53,176.10617185982443,Active,2025-04-23,2025,4,23,113
EV12311,Bangalore,Fast,Car,201.65,463.22464063554736,Active,2025-05-20,2025,5,20,140
EV12312,Hyderabad,Super Fast,Bike,72.89,220.32700174598784,Inactive,2025-07-04,2025,7,4,185
EV12313,Chennai,Level 2,Car,157.07,482.17392040915627,Active,2025-06-22,2025,6,22,173
EV12314,Delhi,Fast,Bike,23.32,31.601769024081676,Active,2025-01-11,2025,1,11,11
EV12315,Trivandrum,Super Fast,Bus,136.3,167.04539609703022,Active,2025-06-08,2025,6,8,159
EV12316,Delhi,Level 2,Bike,66.78,339.772620927887,Inactive,2025-07-24,2025,7,24,205
EV12317,Calicut,Super Fast,Car,178.33,447.61134297326646,Inactive,2025-08-18,2025,8,18,230
EV12318,Kochi,Level 2,Bike,45.96,143.0746846439763,Active,2025-01-26,2025,1,26,26
EV12319,Trivandrum,Fast,Bus,250.0,466.6292441425607,Active,2025-11-15,2025,11,15,319
EV12320,Chennai,Super Fast,Car,143.5,305.1783039196103,Inactive,2025-06-08,2025,6,8,159
EV12321,Chennai,DC Fast,Bus,241.73,404.48395673499965,Inactive,2025-10-05,2025,10,5,278
EV12322,Calicut,Super Fast,Bus,166.97,210.65950606731067,Active,2025-05-28,2025,5,28,148
EV12323,Calicut,Level 2,Bike,32.34,121.8465836320992,Active,2025-09-23,2025,9,23,266
EV12324,Mumbai,Fast,Bus,250.0,457.3929994148927,Active,2025-03-24,2025,3,24,83
EV12325,Trivandrum,Level 2,Car,140.77,467.90521683498497,Active,2025-01-26,2025,1,26,26
EV12326,Delhi,Super Fast,Bus,232.57,258.83606919398505,Active,2025-03-12,2025,3,12,71
EV12327,Bangalore,Super Fast,Bus,40.18,23.117607679643122,Active,2025-02-06,2025,2,6,37
EV12328,Chennai,DC Fast,Bike,37.77,72.69581776179415,Inactive,2025-05-13,2025,5,13,133
EV12329,Chennai,Fast,Bus,197.23,295.05342091122645,Active,2025-05-06,2025,5,6,126
EV12330,Calicut,Fast,Bike,16.75,31.412817104905386,Inactive,2025-04-25,2025,4,25,115
EV12331,Hyderabad,Super Fast,Bike,81.52,210.51772351361373,Active,2025-04-02,2025,4,2,92
EV12332,Calicut,Fast,Car,58.9,165.61757387456603,Inactive,2025-08-30,2025,8,30,242
EV12333,Bangalore,DC Fast,Car,189.18,362.88717219305823,Active,2025-07-19,2025,7,19,200
EV12334,Delhi,Level 2,Car,35.85,46.677763015008935,Active,2025-07-26,2025,7,26,207
EV12335,Delhi,Fast,Car,125.91,254.591009109098,Active,2025-04-27,2025,4,27,117
EV12336,Hyderabad,Super Fast,Bike,101.31,297.97484954029056,Active,2025-08-07,2025,8,7,219
EV12337,Chennai,Level 2,Bus,137.17,316.29971650525647,Inactive,2025-11-01,2025,11,1,305
EV12338,Calicut,Level 2,Car,77.24,214.47568256813162,Active,2025-08-31,2025,8,31,243
EV12339,Mumbai,DC Fast,Car,109.38,166.09653604618447,Active,2025-10-19,2025,10,19,292
EV12340,Delhi,Super Fast,Car,196.76,347.5966561938314,Active,2025-10-09,2025,10,9,282
EV12341,Bangalore,Fast,Bus,227.44,426.8331430891976,Inactive,2025-10-28,2025,10,28,301
EV12342,Trivandrum,Super Fast,Car,193.63,352.9364661357818,Active,2025-11-13,2025,11,13,317
EV12343,Kochi,Level 2,Bus,200.44,467.40913541946634,Active,2025-06-21,2025,6,21,172
EV12344,Kochi,Super Fast,Bike,138.57,364.28649217180504,Active,2025-03-17,2025,3,17,76
EV12345,Kochi,Fast,Bike,106.53,387.0169923265368,Active,2025-07-28,2025,7,28,209
EV12346,Mumbai,Fast,Bike,34.53,100.59353436900265,Inactive,2025-11-10,2025,11,10,314
EV12347,Chennai,DC Fast,Bus,177.0,221.37902937282166,Active,2025-04-15,2025,4,15,105
EV12348,Calicut,Fast,Car,106.95,252.8265588588633,Active,2025-01-26,2025,1,26,26
EV12349,Hyderabad,Fast,Car,71.8,143.02071790141167,Active,2025-12-17,2025,12,17,351
EV12350,Mumbai,Super Fast,Car,182.06,273.6991329710182,Active,2025-03-20,2025,3,20,79
EV12351,Mumbai,Super Fast,Car,109.24,159.5801332264868,Active,2025-05-08,2025,5,8,128
EV12352,Delhi,Level 2,Car,128.75,350.0010045461197,Active,2025-05-17,2025,5,17,137
EV12353,Trivandrum,DC Fast,Bus,185.55,245.73846881752442,Active,2025-11-30,2025,11,30,334
EV12354,Mumbai,Super Fast,Bike,107.37,240.2273380491371,Active,2025-02-05,2025,2,5,36
EV12355,Bangalore,Fast,Car,228.32,492.1484148957496,Active,2025-02-28,2025,2,28,59
EV12356,Trivandrum,Level 2,Bike,62.02,208.3735273004338,Active,2025-08-18,2025,8,18,230
EV12357,Bangalore,Super Fast,Bus,187.62,193.9018076429928,Active,2025-05-04,2025,5,4,124
EV12358,Chennai,DC Fast,Bus,109.91,172.93009821567412,Inactive,2025-03-29,2025,3,29,88
EV12359,Calicut,DC Fast,Car,151.33,449.4796260683831,Inactive,2025-12-03,2025,12,3,337
EV12360,Kochi,Level 2,Bus,120.25,258.42743652712556,Active,2025-05-21,2025,5,21,141
EV12361,Mumbai,Level 2,Bike,73.35,308.00694919070503,Active,2025-09-30,2025,9,30,273
EV12362,Calicut,Level 2,Car,51.43,106.7928699211496,Active,2025-02-20,2025,2,20,51
EV12363,Chennai,Level 2,Car,81.84,279.6523328023649,Inactive,2025-02-24,2025,2,24,55
EV12364,Hyderabad,Level 2,Bike,51.65,151.83113257687438,Inactive,2025-12-03,2025,12,3,337
EV12365,Hyderabad,Fast,Car,148.81,370.7057222061812,Active,2025-05-30,2025,5,30,150
EV12366,Chennai,Fast,Car,176.38,419.61360742034344,Active,2025-06-02,2025,6,2,153
EV12367,Bangalore,Super Fast,Bike,142.55,363.10913222301326,Active,2025-08-07,2025,8,7,219
EV12368,Delhi,DC Fast,Car,191.16,370.51719980972354,Active,2025-08-07,2025,8,7,219
EV12369,Delhi,Fast,Car,112.89,265.98785797736815,Inactive,2025-12-08,2025,12,8,342
EV12370,Bangalore,Fast,Bike,112.08,361.8166670403849,Active,2025-09-15,2025,9,15,258
EV12371,Hyderabad,Fast,Bus,119.53,222.88972904391693,Inactive,2025-02-14,2025,2,14,45
EV12372,Hyderabad,Super Fast,Bike,148.79,332.7147936942142,Active,2025-09-26,2025,9,26,269
EV12373,Mumbai,Level 2,Car,55.77,144.33882085784705,Active,2025-11-07,2025,11,7,311
EV12374,Hyderabad,Super Fast,Bike,26.53,53.48336590976487,Active,2025-06-09,2025,6,9,160
EV12375,Calicut,DC Fast,Car,103.37,218.46716677854488,Active,2025-10-05,2025,10,5,278
EV12376,Hyderabad,DC Fast,Car,110.84,241.6535147746352,Inactive,2025-12-11,2025,12,11,345
EV12377,Trivandrum,DC Fast,Bike,44.95,143.0754359305712,Active,2025-02-24,2025,2,24,55
EV12378,Mumbai,DC Fast,Car,207.98,369.30056883547405,Active,2025-05-25,2025,5,25,145
EV12379,Kochi,Fast,Bus,68.72,55.30422990861402,Active,2025-08-23,2025,8,23,235
EV12380,Hyderabad,Fast,Car,57.72,126.91919570201051,Active,2025-06-28,2025,6,28,179
EV12381,Bangalore,Super Fast,Bike,146.47,379.31106485774086,Active,2025-07-27,2025,7,27,208
EV12382,Kochi,Level 2,Bus,100.06,229.81965139520594,Inactive,2025-05-16,2025,5,16,136
EV12383,Calicut,DC Fast,Bus,240.71,358.53613953887,Active,2025-12-19,2025,12,19,353
EV12384,Bangalore,Super Fast,Car,197.73,292.3932213361262,Active,2025-10-02,2025,10,2,275
EV12385,Kochi,Fast,Bike,96.27,476.34211999873395,Inactive,2025-11-19,2025,11,19,323
EV12386,Bangalore,Fast,Car,156.21,306.94199970695985,Active,2025-07-02,2025,7,2,183
EV12387,Calicut,Level 2,Car,26.29,27.137107685849458,Active,2025-03-02,2025,3,2,61
EV12388,Mumbai,Level 2,Bike,51.11,189.3811282420803,Active,2025-03-04,2025,3,4,63
EV12389,Trivandrum,Level 2,Bike,49.7,88.6691274582597,Active,2025-12-27,2025,12,27,361
EV12390,Calicut,Super Fast,Car,189.79,463.82416524689756,Inactive,2025-08-03,2025,8,3,215
EV12391,Calicut,Fast,Bus,63.44,69.92597805683856,Active,2025-12-26,2025,12,26,360
EV12392,Bangalore,Fast,Car,96.85,206.099198302922,Active,2025-05-19,2025,5,19,139
EV12393,Mumbai,Level 2,Bus,69.52,128.52761294081225,Active,2025-05-14,2025,5,14,134
EV12394,Chennai,DC Fast,Car,203.26,426.426555390432,Active,2025-02-03,2025,2,3,34
EV12395,Delhi,Level 2,Bike,56.09,168.11191884268015,Active,2025-07-12,2025,7,12,193
EV12396,Hyderabad,Super Fast,Bus,250.0,496.1088719084696,Active,2025-12-21,2025,12,21,355
EV12397,Hyderabad,Level 2,Bike,23.66,38.53597069388043,Inactive,2025-11-16,2025,11,16,320
EV12398,Trivandrum,Level 2,Bike,28.29,81.57285078203161,Active,2025-03-28,2025,3,28,87
EV12399,Trivandrum,Super Fast,Bike,52.43,127.82661268597238,Active,2025-07-29,2025,7,29,210
EV12400,Hyderabad,Level 2,Bike,84.86,409.3308992960765,Active,2025-03-22,2025,3,22,81
EV12401,Delhi,Fast,Bike,128.33,441.68826035072755,Active,2025-11-18,2025,11,18,322
EV12402,Hyderabad,DC Fast,Car,21.26,54.29666269252273,Active,2025-12-05,2025,12,5,339
EV12403,Chennai,Level 2,Bus,41.88,35.58086804589267,Active,2025-07-09,2025,7,9,190
EV12404,Delhi,Super Fast,Car,222.3,377.3872914101981,Active,2025-12-14,2025,12,14,348
EV12405,Trivandrum,DC Fast,Car,47.71,84.00896324173446,Active,2025-08-21,2025,8,21,233
EV12406,Kochi,Super Fast,Car,49.53,83.8393217958268,Active,2025-06-18,2025,6,18,169
EV12407,Bangalore,DC Fast,Bike,30.83,30.73593655732605,Active,2025-09-08,2025,9,8,251
EV12408,Chennai,DC Fast,Car,51.63,43.907781240042496,Active,2025-06-17,2025,6,17,168
EV12409,Chennai,Level 2,Bus,68.78,146.56422012583477,Inactive,2025-08-19,2025,8,19,231
EV12410,Mumbai,Fast,Car,44.64,51.20263491718703,Active,2025-05-30,2025,5,30,150
EV12411,Trivandrum,Level 2,Bike,50.38,197.06196399645228,Inactive,2025-06-01,2025,6,1,152
EV12412,Trivandrum,Super Fast,Bus,250.0,419.73201498912755,Active,2025-02-07,2025,2,7,38
EV12413,Calicut,Super Fast,Bus,110.64,176.63372351436448,Inactive,2025-10-24,2025,10,24,297
EV12414,Chennai,DC Fast,Bus,250.0,369.36039803809837,Active,2025-10-02,2025,10,2,275
EV12415,Calicut,DC Fast,Bus,56.28,65.07678311889444,Active,2025-04-15,2025,4,15,105
EV12416,Calicut,Fast,Car,111.76,336.5000899613566,Inactive,2025-12-14,2025,12,14,348
EV12417,Bangalore,Level 2,Bike,49.15,172.0386479635688,Active,2025-12-18,2025,12,18,352
EV12418,Calicut,Super Fast,Bus,250.0,379.8813817745783,Active,2025-03-03,2025,3,3,62
EV12419,Delhi,DC Fast,Bus,77.01,85.40096674706331,Inactive,2025-01-16,2025,1,16,16
EV12420,Hyderabad,Fast,Bike,129.26,450.98402132695134,Active,2025-12-16,2025,12,16,350
EV12421,Kochi,Super Fast,Car,69.36,136.43705739100957,Active,2025-05-30,2025,5,30,150
EV12422,Trivandrum,DC Fast,Bus,148.71,189.5061407749647,Active,2025-05-22,2025,5,22,142
EV12423,Delhi,Super Fast,Car,250.0,476.08674119266,Active,2025-04-26,2025,4,26,116
EV12424,Kochi,Fast,Car,125.67,297.67153267081227,Active,2025-11-08,2025,11,8,312
EV12425,Chennai,Fast,Car,75.05,195.57032910225053,Inactive,2025-03-06,2025,3,6,65
EV12426,Chennai,Super Fast,Car,250.0,475.8090305761432,Active,2025-11-06,2025,11,6,310
EV12427,Chennai,Level 2,Bus,76.05,177.95716010721537,Inactive,2025-07-13,2025,7,13,194
EV12428,Delhi,Super Fast,Bus,66.2,65.5379420840863,Active,2025-12-08,2025,12,8,342
EV12429,Delhi,DC Fast,Car,211.14,498.4874661725215,Inactive,2025-06-10,2025,6,10,161
EV12430,Trivandrum,Level 2,Car,59.43,148.56556186827865,Active,2025-11-02,2025,11,2,306
EV12431,Hyderabad,DC Fast,Bike,119.85,428.6037673758116,Inactive,2025-12-27,2025,12,27,361
EV12432,Mumbai,Super Fast,Bike,50.32,99.45958151508188,Active,2025-10-05,2025,10,5,278
EV12433,Calicut,Level 2,Bike,80.5,371.0499064531415,Inactive,2025-10-23,2025,10,23,296
EV12434,Chennai,DC Fast,Bus,197.4,271.735709346681,Active,2025-02-08,2025,2,8,39
EV12435,Bangalore,Super Fast,Bike,182.8,490.8351479792622,Active,2025-12-27,2025,12,27,361
EV12436,Hyderabad,Super Fast,Bus,244.73,285.35857092435174,Active,2025-06-18,2025,6,18,169
EV12437,Bangalore,Level 2,Bus,29.81,32.00727290760998,Active,2025-03-09,2025,3,9,68
EV12438,Trivandrum,Super Fast,Bus,250.0,309.8614350195622,Active,2025-01-07,2025,1,7,7
EV12439,Trivandrum,Fast,Bus,71.11,89.7518990415805,Active,2025-03-26,2025,3,26,85
EV12440,Trivandrum,DC Fast,Bike,133.14,403.2996393354018,Active,2025-07-18,2025,7,18,199
EV12441,Kochi,DC Fast,Car,197.36,431.1527343151515,Active,2025-05-12,2025,5,12,132
EV12442,Bangalore,Super Fast,Car,146.0,251.40488902146285,Active,2025-03-17,2025,3,17,76
EV12443,Hyderabad,Super Fast,Car,244.37,395.9462993851033,Active,2025-09-07,2025,9,7,250
EV12444,Mumbai,Fast,Bike,29.96,89.65315303117046,Inactive,2025-12-13,2025,12,13,347
EV12445,Hyderabad,Level 2,Car,77.21,256.1975295371101,Inactive,2025-07-28,2025,7,28,209
EV12446,Delhi,Super Fast,Bike,91.14,209.09324705148063,Active,2025-03-25,2025,3,25,84
EV12447,Delhi,Super Fast,Bike,125.15,313.4323457854791,Active,2025-08-11,2025,8,11,223
EV12448,Chennai,Super Fast,Bike,21.83,41.349050625516796,Active,2025-09-10,2025,9,10,253
EV12449,Mumbai,Super Fast,Car,203.14,381.0189623593411,Inactive,2025-01-31,2025,1,31,31
EV12450,Delhi,DC Fast,Car,25.46,57.98205894784816,Active,2025-12-21,2025,12,21,355
EV12451,Trivandrum,Super Fast,Car,200.25,335.10632841447915,Active,2025-07-20,2025,7,20,201
EV12452,Hyderabad,DC Fast,Bus,49.25,28.859468259173227,Active,2025-02-21,2025,2,21,52
EV12453,Bangalore,Super Fast,Bike,137.68,419.3062706032302,Inactive,2025-03-13,2025,3,13,72
EV12454,Trivandrum,Level 2,Bus,60.5,103.85582250741504,Active,2025-01-21,2025,1,21,21
EV12455,Kochi,Fast,Bike,77.2,267.4387884689554,Active,2025-01-16,2025,1,16,16
EV12456,Delhi,Level 2,Car,58.57,145.51659378925729,Active,2025-01-16,2025,1,16,16
EV12457,Trivandrum,Super Fast,Bike,133.8,366.87065698931286,Active,2025-06-24,2025,6,24,175
EV12458,Trivandrum,Super Fast,Bike,78.82,174.2485280910662,Active,2025-11-08,2025,11,8,312
EV12459,Kochi,Super Fast,Bus,250.0,367.81241292239224,Active,2025-12-04,2025,12,4,338
EV12460,Calicut,Level 2,Bike,37.69,156.73817928102872,Inactive,2025-03-19,2025,3,19,78
EV12461,Hyderabad,Super Fast,Car,221.64,381.1870836491648,Active,2025-08-28,2025,8,28,240
EV12462,Bangalore,Level 2,Bike,34.28,34.69063824171403,Inactive,2025-02-06,2025,2,6,37
EV12463,Chennai,DC Fast,Bike,54.93,155.98944097944727,Active,2025-08-20,2025,8,20,232
EV12464,Calicut,Fast,Bike,76.75,259.3440830913339,Active,2025-08-01,2025,8,1,213
EV12465,Delhi,Fast,Bus,39.68,41.62859932146823,Inactive,2025-07-12,2025,7,12,193
EV12466,Trivandrum,Level 2,Bike,37.08,109.29634945821375,Active,2025-03-01,2025,3,1,60
EV12467,Mumbai,DC Fast,Bike,164.58,468.57775118777755,Active,2025-07-08,2025,7,8,189
EV12468,Kochi,Level 2,Bus,170.93,488.88044728649083,Inactive,2025-09-24,2025,9,24,267
EV12469,Kochi,DC Fast,Bus,250.0,375.0799747474331,Active,2025-05-06,2025,5,6,126
EV12470,Mumbai,Super Fast,Bus,151.23,141.05602429611818,Active,2025-07-22,2025,7,22,203
EV12471,Hyderabad,DC Fast,Bus,94.2,145.04837380926512,Inactive,2025-11-18,2025,11,18,322
EV12472,Calicut,DC Fast,Car,153.83,329.97937174163496,Active,2025-02-01,2025,2,1,32
EV12473,Chennai,DC Fast,Car,61.73,76.44781596737685,Active,2025-11-08,2025,11,8,312
EV12474,Hyderabad,Fast,Bike,111.55,475.188502606576,Inactive,2025-09-18,2025,9,18,261
EV12475,Mumbai,DC Fast,Car,93.64,127.9101917648886,Active,2025-12-12,2025,12,12,346
EV12476,Trivandrum,Super Fast,Bike,173.34,499.825100204213,Active,2025-04-04,2025,4,4,94
EV12477,Mumbai,Super Fast,Car,144.69,257.95222174518096,Inactive,2025-11-24,2025,11,24,328
EV12478,Hyderabad,Super Fast,Bus,250.0,390.28639471660944,Active,2025-04-10,2025,4,10,100
EV12479,Bangalore,DC Fast,Bus,18.35,21.04836536266747,Inactive,2025-10-12,2025,10,12,285
EV12480,Kochi,Level 2,Car,110.53,446.59827428078813,Inactive,2025-11-11,2025,11,11,315
EV12481,Kochi,Level 2,Car,62.3,149.6009814946786,Active,2025-01-25,2025,1,25,25
EV12482,Delhi,Super Fast,Bike,142.52,340.60963738307134,Active,2025-12-19,2025,12,19,353
EV12483,Delhi,Fast,Bike,120.25,407.05053478092304,Active,2025-12-23,2025,12,23,357
EV12484,Mumbai,Level 2,Bike,49.53,98.79091546832099,Active,2025-04-27,2025,4,27,117
EV12485,Chennai,DC Fast,Bus,142.23,232.4045510380299,Inactive,2025-07-18,2025,7,18,199
EV12486,Trivandrum,Level 2,Bus,116.39,257.0412515129232,Active,2025-10-06,2025,10,6,279
EV12487,Bangalore,Super Fast,Bus,166.15,169.81734336281818,Active,2025-03-11,2025,3,11,70
EV12488,Calicut,Fast,Bus,144.4,251.2427982699111,Active,2025-12-01,2025,12,1,335
EV12489,Hyderabad,Level 2,Bike,37.2,172.42191567456226,Inactive,2025-03-20,2025,3,20,79
EV12490,Chennai,Level 2,Bus,115.81,193.15891762650043,Active,2025-12-20,2025,12,20,354
EV12491,Trivandrum,Super Fast,Bus,236.68,341.2789657773147,Inactive,2025-01-14,2025,1,14,14
EV12492,Delhi,Fast,Bus,220.61,323.6447687863986,Active,2025-01-29,2025,1,29,29
EV12493,Mumbai,Fast,Bus,97.91,131.48754838281212,Inactive,2025-05-24,2025,5,24,144
EV12494,Hyderabad,Super Fast,Car,250.0,450.7917847018038,Active,2025-12-09,2025,12,9,343
EV12495,Delhi,DC Fast,Bike,157.12,434.1385019222675,Active,2025-01-10,2025,1,10,10
EV12496,Mumbai,Level 2,Bike,62.65,264.35998721117676,Inactive,2025-02-16,2025,2,16,47
EV12497,Hyderabad,DC Fast,Bus,173.26,227.96035649396018,Active,2025-09-17,2025,9,17,260
EV12498,Calicut,Level 2,Car,70.04,200.89087183237223,Active,2025-01-12,2025,1,12,12
EV12499,Trivandrum,Level 2,Bike,69.05,359.4886009598908,Inactive,2025-10-25,2025,10,25,298
EV12500,Hyderabad,DC Fast,Bike,123.81,342.3997074605458,Active,2025-08-14,2025,8,14,226
EV12501,Bangalore,Super Fast,Bus,103.18,114.16669133022977,Active,2025-09-17,2025,9,17,260
EV12502,Chennai,Super Fast,Bus,250.0,342.29985502417344,Active,2025-03-25,2025,3,25,84
EV12503,Kochi,Level 2,Bike,31.49,141.16697316897918,Inactive,2025-12-14,2025,12,14,348
EV12504,Bangalore,Super Fast,Bike,28.98,28.90800153129227,Active,2025-12-14,2025,12,14,348
EV12505,Bangalore,Level 2,Car,130.27,355.62016521794095,Active,2025-01-06,2025,1,6,6
EV12506,Chennai,Super Fast,Bike,120.96,329.5009291811598,Active,2025-09-04,2025,9,4,247
EV12507,Kochi,Level 2,Bike,57.54,217.1884459396839,Active,2025-02-04,2025,2,4,35
EV12508,Bangalore,Super Fast,Bus,212.17,272.32930684136295,Inactive,2025-06-24,2025,6,24,175
EV12509,Hyderabad,Fast,Bike,116.05,474.64121201876463,Active,2025-03-06,2025,3,6,65
EV12510,Hyderabad,DC Fast,Bus,230.76,305.69608683461007,Active,2025-05-27,2025,5,27,147
EV12511,Hyderabad,Fast,Bike,116.92,335.7842889615351,Active,2025-02-26,2025,2,26,57
EV12512,Kochi,DC Fast,Bike,27.08,50.677434055587725,Active,2025-07-12,2025,7,12,193
EV12513,Bangalore,DC Fast,Bike,35.97,99.67734112406012,Inactive,2025-01-13,2025,1,13,13
EV12514,Mumbai,Level 2,Car,75.11,164.45709267756231,Active,2025-01-18,2025,1,18,18
EV12515,Kochi,DC Fast,Bus,191.47,278.9020726535087,Active,2025-09-03,2025,9,3,246
EV12516,Hyderabad,Fast,Car,179.82,392.76363007199416,Active,2025-06-12,2025,6,12,163
EV12517,Chennai,Fast,Bike,71.41,174.19562133852176,Inactive,2025-12-09,2025,12,9,343
EV12518,Bangalore,Super Fast,Car,125.45,191.06356662981148,Active,2025-04-24,2025,4,24,114
EV12519,Bangalore,Fast,Bus,125.96,142.95242488339943,Active,2025-10-09,2025,10,9,282
EV12520,Delhi,Super Fast,Bike,54.84,142.21247806174682,Inactive,2025-08-21,2025,8,21,233
EV12521,Delhi,DC Fast,Car,202.37,475.4546460295023,Inactive,2025-06-15,2025,6,15,166
EV12522,Calicut,Fast,Car,98.78,325.01944621706724,Inactive,2025-11-18,2025,11,18,322
EV12523,Mumbai,DC Fast,Bus,86.9,94.83259689917448,Active,2025-01-26,2025,1,26,26
EV12524,Mumbai,Fast,Car,139.24,366.67931748044475,Inactive,2025-05-06,2025,5,6,126
EV12525,Trivandrum,Fast,Bus,225.38,366.5701488128139,Active,2025-11-09,2025,11,9,313
EV12526,Mumbai,Super Fast,Bike,127.95,339.9056941057784,Active,2025-10-08,2025,10,8,281
EV12527,Delhi,DC Fast,Bike,40.4,84.66581364351853,Active,2025-10-13,2025,10,13,286
EV12528,Kochi,Fast,Car,91.61,215.83591206540171,Active,2025-10-10,2025,10,10,283
EV12529,Mumbai,Level 2,Bike,37.74,71.2430386373183,Inactive,2025-05-19,2025,5,19,139
EV12530,Delhi,DC Fast,Bike,140.32,411.9778419642255,Active,2025-04-11,2025,4,11,101
EV12531,Calicut,DC Fast,Car,127.7,334.48262872540124,Inactive,2025-01-11,2025,1,11,11
EV12532,Bangalore,DC Fast,Bike,80.15,263.45788964855285,Inactive,2025-08-04,2025,8,4,216
EV12533,Mumbai,Super Fast,Car,112.81,184.64742872028637,Active,2025-01-30,2025,1,30,30
EV12534,Calicut,Level 2,Bus,65.31,108.43974775732804,Inactive,2025-04-04,2025,4,4,94
EV12535,Bangalore,DC Fast,Bus,62.77,71.0948426398918,Active,2025-04-26,2025,4,26,116
EV12536,Chennai,Fast,Bus,250.0,485.2354916177118,Active,2025-09-28,2025,9,28,271
EV12537,Chennai,Fast,Car,53.23,115.83134813889106,Inactive,2025-10-18,2025,10,18,291
EV12538,Bangalore,Super Fast,Car,41.86,48.73982082626512,Active,2025-02-08,2025,2,8,39
EV12539,Mumbai,Fast,Bike,147.69,481.60005064759827,Active,2025-01-24,2025,1,24,24
EV12540,Trivandrum,DC Fast,Bike,85.46,283.496835851757,Active,2025-09-21,2025,9,21,264
EV12541,Delhi,Fast,Bike,88.87,402.3952327957486,Inactive,2025-02-12,2025,2,12,43
EV12542,Kochi,DC Fast,Bike,31.59,41.0076066551929,Active,2025-06-19,2025,6,19,170
EV12543,Kochi,Fast,Bike,82.85,292.13401159023425,Active,2025-12-06,2025,12,6,340
EV12544,Hyderabad,Level 2,Car,87.52,211.14078277663768,Active,2025-06-18,2025,6,18,169
EV12545,Bangalore,Super Fast,Car,197.2,390.5429284879441,Inactive,2025-10-30,2025,10,30,303
EV12546,Kochi,Super Fast,Bus,47.7,38.444309906748124,Active,2025-01-26,2025,1,26,26
EV12547,Mumbai,Level 2,Bus,119.71,212.8114729095749,Active,2025-06-29,2025,6,29,180
EV12548,Trivandrum,Level 2,Bus,185.68,403.5552413533741,Active,2025-05-30,2025,5,30,150
EV12549,Bangalore,Super Fast,Bus,250.0,270.8946870264176,Active,2025-05-13,2025,5,13,133
EV12550,Trivandrum,Level 2,Car,90.43,284.0185956793299,Active,2025-05-23,2025,5,23,143
EV12551,Mumbai,DC Fast,Car,53.28,66.63904734366344,Active,2025-06-13,2025,6,13,164
EV12552,Kochi,Fast,Car,55.39,83.51866693764386,Active,2025-04-11,2025,4,11,101
EV12553,Kochi,Super Fast,Bike,130.3,344.9598105755772,Active,2025-03-04,2025,3,4,63
EV12554,Hyderabad,Level 2,Bike,74.26,344.02237869916155,Active,2025-04-03,2025,4,3,93
EV12555,Kochi,DC Fast,Bus,250.0,489.9696292410912,Active,2025-07-26,2025,7,26,207
EV12556,Bangalore,Super Fast,Bike,129.18,361.73743427146417,Active,2025-11-07,2025,11,7,311
EV12557,Mumbai,Level 2,Car,96.79,256.7568780480547,Active,2025-03-13,2025,3,13,72
EV12558,Chennai,Super Fast,Bus,250.0,431.5173552961054,Active,2025-03-01,2025,3,1,60
EV12559,Mumbai,Level 2,Bus,48.81,70.14703319164938,Active,2025-01-29,2025,1,29,29
EV12560,Bangalore,Super Fast,Bike,103.19,235.66199403020218,Active,2025-01-19,2025,1,19,19
EV12561,Bangalore,DC Fast,Bus,130.83,157.8123732452335,Active,2025-03-14,2025,3,14,73
EV12562,Hyderabad,DC Fast,Bike,44.34,70.22614732526029,Active,2025-12-23,2025,12,23,357
EV12563,Hyderabad,Fast,Bike,110.45,386.4810006657758,Active,2025-09-03,2025,9,3,246
EV12564,Kochi,Super Fast,Bus,162.44,265.18017463946427,Inactive,2025-11-09,2025,11,9,313
EV12565,Calicut,Fast,Bike,68.11,287.2489855507955,Active,2025-11-20,2025,11,20,324
EV12566,Mumbai,Super Fast,Bike,89.59,217.40249019695793,Inactive,2025-03-28,2025,3,28,87
EV12567,Mumbai,Level 2,Bike,57.29,240.9618711693129,Active,2025-12-25,2025,12,25,359
EV12568,Calicut,Level 2,Bike,38.14,75.6883458190415,Active,2025-07-02,2025,7,2,183
EV12569,Hyderabad,Fast,Bus,179.48,343.0005556577487,Inactive,2025-07-16,2025,7,16,197
EV12570,Kochi,Super Fast,Car,123.64,227.5747326105026,Active,2025-09-01,2025,9,1,244
EV12571,Calicut,Fast,Car,163.0,412.04843510219996,Active,2025-11-24,2025,11,24,328
EV12572,Kochi,DC Fast,Bike,39.2,114.21785606867653,Inactive,2025-04-28,2025,4,28,118
EV12573,Kochi,Fast,Bike,46.08,118.42644484104116,Active,2025-03-23,2025,3,23,82
EV12574,Kochi,Fast,Bike,87.61,329.9645943347301,Active,2025-09-04,2025,9,4,247
EV12575,Delhi,Level 2,Car,126.99,426.0816432307505,Active,2025-08-22,2025,8,22,234
EV12576,Bangalore,Fast,Bike,71.8,246.65496253672416,Inactive,2025-12-31,2025,12,31,365
EV12577,Kochi,Super Fast,Bus,243.07,368.937856991888,Inactive,2025-06-02,2025,6,2,153
EV12578,Delhi,Level 2,Bus,242.31,499.6783623166811,Active,2025-09-29,2025,9,29,272
EV12579,Hyderabad,Fast,Bus,250.0,495.3275070698855,Active,2025-02-04,2025,2,4,35
EV12580,Calicut,DC Fast,Car,133.45,377.2816845544161,Inactive,2025-08-01,2025,8,1,213
EV12581,Bangalore,Fast,Bike,101.39,375.0015150455594,Active,2025-07-30,2025,7,30,211
EV12582,Chennai,Fast,Bike,53.41,138.85706585547473,Active,2025-05-19,2025,5,19,139
EV12583,Calicut,Fast,Bike,98.24,420.0990231410114,Active,2025-07-08,2025,7,8,189
EV12584,Bangalore,Level 2,Car,82.01,214.44902098261787,Active,2025-10-27,2025,10,27,300
EV12585,Chennai,Super Fast,Car,250.0,481.75707673607485,Active,2025-09-09,2025,9,9,252
EV12586,Calicut,DC Fast,Car,28.58,59.08529057932904,Inactive,2025-05-30,2025,5,30,150
EV12587,Bangalore,Fast,Car,93.54,229.2033770589085,Inactive,2025-12-07,2025,12,7,341
EV12588,Calicut,Super Fast,Bus,222.0,286.8034340880793,Active,2025-08-07,2025,8,7,219
EV12589,Calicut,Super Fast,Car,119.99,214.47497940135912,Active,2025-03-23,2025,3,23,82
EV12590,Chennai,Level 2,Car,52.0,121.0780114423728,Active,2025-07-09,2025,7,9,190
EV12591,Calicut,DC Fast,Car,135.92,304.63447461560474,Active,2025-08-22,2025,8,22,234
EV12592,Calicut,Level 2,Bike,68.63,382.84059902006607,Active,2025-06-25,2025,6,25,176
EV12593,Chennai,Super Fast,Bike,115.67,329.5225260896943,Active,2025-08-20,2025,8,20,232
EV12594,Hyderabad,Super Fast,Bike,58.03,132.53544742785897,Active,2025-12-24,2025,12,24,358
EV12595,Kochi,Super Fast,Bus,250.0,371.1718132968915,Active,2025-03-04,2025,3,4,63
EV12596,Mumbai,Level 2,Bus,88.43,143.31094690139037,Active,2025-08-25,2025,8,25,237
EV12597,Trivandrum,DC Fast,Car,68.79,104.09713420353921,Active,2025-02-02,2025,2,2,33
EV12598,Delhi,Fast,Bike,94.85,351.5206474105866,Active,2025-08-01,2025,8,1,213
EV12599,Trivandrum,Level 2,Bus,197.01,424.53787813468597,Active,2025-03-01,2025,3,1,60
EV12600,Trivandrum,Super Fast,Bike,84.72,251.1389348943557,Inactive,2025-01-02,2025,1,2,2
EV12601,Bangalore,Level 2,Bus,129.73,275.0680607064501,Inactive,2025-02-26,2025,2,26,57
EV12602,Kochi,Super Fast,Bus,141.36,165.3188338261916,Active,2025-10-28,2025,10,28,301
EV12603,Bangalore,Fast,Car,117.76,257.41664725281544,Active,2025-10-14,2025,10,14,287
EV12604,Kochi,Fast,Car,43.04,83.35183904595546,Active,2025-05-18,2025,5,18,138
EV12605,Chennai,DC Fast,Bus,250.0,478.79879824783524,Active,2025-10-06,2025,10,6,279
EV12606,Chennai,Super Fast,Car,232.33,404.1731137551662,Active,2025-08-02,2025,8,2,214
EV12607,Mumbai,DC Fast,Bus,231.56,340.6270691946487,Inactive,2025-08-27,2025,8,27,239
EV12608,Kochi,DC Fast,Bus,202.57,278.33329840851343,Active,2025-10-12,2025,10,12,285
EV12609,Calicut,Fast,Bike,91.89,400.2411853894229,Active,2025-01-31,2025,1,31,31
EV12610,Hyderabad,Level 2,Car,94.17,257.4834750011861,Active,2025-07-25,2025,7,25,206
EV12611,Mumbai,Level 2,Car,90.37,163.9874759141756,Active,2025-10-01,2025,10,1,274
EV12612,Mumbai,DC Fast,Car,56.34,96.97963288000258,Active,2025-01-11,2025,1,11,11
EV12613,Calicut,Fast,Bike,84.51,330.8410826248675,Active,2025-12-25,2025,12,25,359
EV12614,Hyderabad,Super Fast,Bike,176.76,466.1243576127268,Active,2025-02-16,2025,2,16,47
EV12615,Bangalore,Level 2,Bike,34.63,93.73690568208856,Active,2025-01-03,2025,1,3,3
EV12616,Hyderabad,DC Fast,Car,56.75,106.40866162438725,Inactive,2025-05-10,2025,5,10,130
EV12617,Bangalore,Level 2,Car,83.31,228.13089603657684,Active,2025-03-13,2025,3,13,72
EV12618,Chennai,Level 2,Car,126.96,407.3116870014507,Active,2025-06-08,2025,6,8,159
EV12619,Trivandrum,Super Fast,Bike,68.37,161.08290990632221,Active,2025-05-10,2025,5,10,130
EV12620,Chennai,Fast,Bike,60.39,141.8782038416135,Active,2025-01-22,2025,1,22,22
EV12621,Chennai,Super Fast,Bus,250.0,317.58381990216026,Active,2025-05-15,2025,5,15,135
EV12622,Trivandrum,Fast,Bike,83.23,277.0950952996793,Active,2025-01-20,2025,1,20,20
EV12623,Hyderabad,Level 2,Bus,49.81,48.9057749337134,Active,2025-08-08,2025,8,8,220
EV12624,Mumbai,DC Fast,Car,49.13,59.11518910845274,Active,2025-11-29,2025,11,29,333
EV12625,Hyderabad,Super Fast,Bike,122.91,328.64623048868776,Active,2025-05-10,2025,5,10,130
EV12626,Bangalore,Fast,Car,120.75,243.2593275909342,Active,2025-02-01,2025,2,1,32
EV12627,Calicut,Level 2,Car,134.01,486.0690519627905,Active,2025-03-31,2025,3,31,90
EV12628,Bangalore,Fast,Car,158.89,345.6950771504311,Active,2025-09-16,2025,9,16,259
EV12629,Calicut,Fast,Car,26.93,24.835357756751097,Active,2025-10-25,2025,10,25,298
EV12630,Chennai,Fast,Bike,77.4,250.88901430422166,Active,2025-11-29,2025,11,29,333
EV12631,Trivandrum,Level 2,Car,93.76,218.93500881703017,Active,2025-09-06,2025,9,6,249
EV12632,Chennai,DC Fast,Bus,77.71,71.22265279700898,Active,2025-06-22,2025,6,22,173
EV12633,Kochi,DC Fast,Bike,125.22,463.1402412186512,Inactive,2025-12-23,2025,12,23,357
EV12634,Hyderabad,DC Fast,Car,201.22,406.40542355922736,Active,2025-02-16,2025,2,16,47
EV12635,Calicut,Fast,Bike,32.64,130.44123604160092,Inactive,2025-07-16,2025,7,16,197
EV12636,Bangalore,Level 2,Bus,86.74,142.87076424463865,Active,2025-02-03,2025,2,3,34
EV12637,Trivandrum,Fast,Car,35.59,35.36866559333646,Active,2025-09-11,2025,9,11,254
EV12638,Calicut,DC Fast,Bus,101.4,162.42437675793965,Active,2025-09-05,2025,9,5,248
EV12639,Bangalore,DC Fast,Car,164.11,300.61856427840974,Active,2025-02-11,2025,2,11,42
EV12640,Hyderabad,Level 2,Bus,132.53,222.00482642560075,Active,2025-10-16,2025,10,16,289
EV12641,Chennai,Fast,Car,218.6,485.24262258544684,Active,2025-05-03,2025,5,3,123
EV12642,Hyderabad,Super Fast,Bike,26.54,46.918481246562024,Inactive,2025-01-27,2025,1,27,27
EV12643,Delhi,Super Fast,Car,196.93,303.8864762715251,Active,2025-02-28,2025,2,28,59
EV12644,Kochi,DC Fast,Bike,121.75,431.98853144338307,Active,2025-05-27,2025,5,27,147
EV12645,Delhi,Level 2,Car,79.79,250.75563795666685,Inactive,2025-04-25,2025,4,25,115
EV12646,Trivandrum,Fast,Car,19.74,21.42210586899047,Inactive,2025-07-18,2025,7,18,199
EV12647,Calicut,Fast,Bus,78.75,136.5447199166121,Active,2025-05-08,2025,5,8,128
EV12648,Trivandrum,DC Fast,Bus,143.1,175.40910832062374,Active,2025-06-02,2025,6,2,153
EV12649,Chennai,DC Fast,Bus,250.0,483.677357387582,Active,2025-09-28,2025,9,28,271
EV12650,Bangalore,Fast,Car,202.95,457.6511752825757,Active,2025-12-05,2025,12,5,339
EV12651,Hyderabad,Fast,Car,208.17,475.60184245166255,Active,2025-03-24,2025,3,24,83
EV12652,Delhi,DC Fast,Car,222.68,416.3640596561448,Active,2025-01-23,2025,1,23,23
EV12653,Mumbai,Fast,Bike,58.48,188.7909123746741,Active,2025-01-11,2025,1,11,11
EV12654,Delhi,Super Fast,Bike,144.7,454.82068260617626,Inactive,2025-07-06,2025,7,6,187
EV12655,Chennai,DC Fast,Car,196.51,491.20856284978345,Inactive,2025-04-26,2025,4,26,116
EV12656,Delhi,Fast,Bus,131.99,188.0342298919774,Active,2025-06-11,2025,6,11,162
EV12657,Chennai,DC Fast,Bus,111.15,145.06686367349548,Active,2025-04-13,2025,4,13,103
EV12658,Mumbai,Level 2,Bus,139.22,282.51982053546624,Active,2025-08-31,2025,8,31,243
EV12659,Trivandrum,DC Fast,Car,63.9,109.83305244748641,Active,2025-01-07,2025,1,7,7
EV12660,Hyderabad,DC Fast,Bus,49.07,35.65962627506251,Active,2025-12-28,2025,12,28,362
EV12661,Calicut,Level 2,Car,114.01,473.99896213561743,Inactive,2025-06-21,2025,6,21,172
EV12662,Bangalore,Super Fast,Bike,187.17,464.35550357188123,Active,2025-09-13,2025,9,13,256
EV12663,Calicut,Fast,Bus,68.39,98.0738498058181,Active,2025-09-04,2025,9,4,247
EV12664,Trivandrum,Level 2,Bike,57.23,215.71531852626532,Active,2025-07-11,2025,7,11,192
EV12665,Bangalore,DC Fast,Bus,250.0,418.8974303708891,Inactive,2025-04-24,2025,4,24,114
EV12666,Delhi,Fast,Car,120.1,337.28014343400946,Inactive,2025-01-23,2025,1,23,23
EV12667,Mumbai,Level 2,Car,71.74,209.4980044019427,Inactive,2025-12-24,2025,12,24,358
EV12668,Mumbai,Fast,Car,167.24,377.2020786477531,Active,2025-11-10,2025,11,10,314
EV12669,Kochi,Fast,Car,177.16,450.5827463408916,Active,2025-10-03,2025,10,3,276
EV12670,Trivandrum,Level 2,Bus,197.99,464.55599865241663,Active,2025-05-16,2025,5,16,136
EV12671,Trivandrum,Fast,Bike,63.95,201.84781372265073,Active,2025-12-23,2025,12,23,357
EV12672,Hyderabad,Super Fast,Car,65.73,103.30912643495307,Inactive,2025-07-14,2025,7,14,195
EV12673,Calicut,Level 2,Bus,193.14,458.16265193310807,Active,2025-09-15,2025,9,15,258
EV12674,Trivandrum,Super Fast,Bike,28.41,64.42661401329357,Active,2025-10-05,2025,10,5,278
EV12675,Trivandrum,DC Fast,Car,185.43,366.41042778951856,Active,2025-03-11,2025,3,11,70
EV12676,Delhi,Fast,Bike,46.39,87.43871113318478,Active,2025-12-25,2025,12,25,359
EV12677,Delhi,DC Fast,Car,112.27,206.90569024049225,Active,2025-12-26,2025,12,26,360
EV12678,Bangalore,DC Fast,Bike,89.28,217.54675834161313,Active,2025-02-05,2025,2,5,36
EV12679,Chennai,Fast,Bike,43.33,96.20379925380001,Active,2025-04-18,2025,4,18,108
EV12680,Chennai,Level 2,Car,150.75,462.8870883231737,Active,2025-01-24,2025,1,24,24
EV12681,Kochi,Fast,Bus,33.48,21.280720644457407,Inactive,2025-05-20,2025,5,20,140
EV12682,Chennai,DC Fast,Bike,155.18,449.0281007439827,Active,2025-01-22,2025,1,22,22
EV12683,Hyderabad,DC Fast,Car,224.11,444.23807526823305,Active,2025-12-05,2025,12,5,339
EV12684,Kochi,Level 2,Bike,43.16,172.14255377504077,Active,2025-11-25,2025,11,25,329
EV12685,Bangalore,Fast,Bike,120.86,358.05644954205223,Active,2025-07-23,2025,7,23,204
EV12686,Delhi,DC Fast,Bus,100.54,141.34827742319146,Inactive,2025-08-12,2025,8,12,224
EV12687,Chennai,Super Fast,Bike,144.93,384.21130988189043,Active,2025-08-11,2025,8,11,223
EV12688,Calicut,DC Fast,Bike,87.88,289.3374760581168,Active,2025-03-22,2025,3,22,81
EV12689,Delhi,DC Fast,Car,70.55,164.108218038876,Inactive,2025-11-26,2025,11,26,330
EV12690,Mumbai,Level 2,Car,70.1,212.1126817460742,Inactive,2025-07-10,2025,7,10,191
EV12691,Hyderabad,Super Fast,Bus,250.0,351.1465914744337,Active,2025-10-13,2025,10,13,286
EV12692,Delhi,DC Fast,Bike,145.36,454.92677582901587,Active,2025-05-27,2025,5,27,147
EV12693,Hyderabad,DC Fast,Bike,53.48,82.74872795229183,Active,2025-10-09,2025,10,9,282
EV12694,Hyderabad,Super Fast,Bike,102.24,294.2547054411954,Inactive,2025-01-11,2025,1,11,11
EV12695,Hyderabad,Fast,Bus,93.85,141.7900157394164,Active,2025-10-03,2025,10,3,276
EV12696,Bangalore,Fast,Bike,105.54,404.6586799402204,Active,2025-02-25,2025,2,25,56
EV12697,Hyderabad,DC Fast,Car,34.96,53.71390681735092,Active,2025-06-22,2025,6,22,173
EV12698,Hyderabad,DC Fast,Bus,250.0,350.6987792821615,Active,2025-10-30,2025,10,30,303
EV12699,Mumbai,Fast,Car,45.64,103.9740865716943,Inactive,2025-07-23,2025,7,23,204
EV12700,Calicut,Level 2,Car,90.86,306.26500083355,Inactive,2025-12-11,2025,12,11,345
EV12701,Kochi,Super Fast,Bus,250.0,421.13244185249215,Active,2025-09-05,2025,9,5,248
EV12702,Trivandrum,Super Fast,Car,209.63,382.4387178184062,Active,2025-11-10,2025,11,10,314
EV12703,Mumbai,Level 2,Bike,103.04,381.4125860881459,Active,2025-09-23,2025,9,23,266
EV12704,Kochi,Level 2,Bus,102.49,268.5657498497145,Inactive,2025-01-22,2025,1,22,22
EV12705,Hyderabad,Level 2,Car,126.76,447.5578840878662,Inactive,2025-11-23,2025,11,23,327
EV12706,Calicut,Level 2,Bike,59.9,302.290495156159,Inactive,2025-01-24,2025,1,24,24
EV12707,Delhi,Level 2,Bike,75.08,460.40862490379385,Inactive,2025-07-13,2025,7,13,194
EV12708,Calicut,Level 2,Car,96.83,282.33077975956047,Active,2025-04-06,2025,4,6,96
EV12709,Mumbai,Super Fast,Bike,97.86,262.8634702496014,Inactive,2025-09-20,2025,9,20,263
EV12710,Hyderabad,Level 2,Bus,80.11,126.72944922095095,Active,2025-03-13,2025,3,13,72
EV12711,Calicut,Fast,Car,108.17,281.4975939344984,Active,2025-08-31,2025,8,31,243
EV12712,Chennai,Level 2,Bike,37.18,87.48071899947055,Active,2025-02-07,2025,2,7,38
EV12713,Calicut,Level 2,Bike,84.07,437.4512966045818,Active,2025-03-30,2025,3,30,89
EV12714,Hyderabad,Super Fast,Car,169.26,344.42810657998086,Inactive,2025-01-28,2025,1,28,28
EV12715,Bangalore,Super Fast,Car,250.0,496.94501527661214,Active,2025-04-02,2025,4,2,92
EV12716,Chennai,Level 2,Car,33.04,64.2067653394511,Inactive,2025-02-23,2025,2,23,54
EV12717,Calicut,Super Fast,Car,90.9,135.5229199257377,Active,2025-06-08,2025,6,8,159
EV12718,Trivandrum,DC Fast,Bus,250.0,441.03613004774684,Active,2025-08-16,2025,8,16,228
EV12719,Trivandrum,Super Fast,Car,124.97,209.72196788908047,Active,2025-02-10,2025,2,10,41
EV12720,Calicut,Super Fast,Bus,195.36,243.82543519131082,Active,2025-02-06,2025,2,6,37
EV12721,Bangalore,Super Fast,Bus,250.0,433.1129059460561,Active,2025-05-05,2025,5,5,125
EV12722,Delhi,Super Fast,Car,175.62,270.47514797597705,Active,2025-06-28,2025,6,28,179
EV12723,Hyderabad,Fast,Bus,75.9,112.8684077188967,Inactive,2025-11-28,2025,11,28,332
EV12724,Trivandrum,Fast,Car,183.48,448.17445539669484,Active,2025-02-06,2025,2,6,37
EV12725,Delhi,Fast,Car,36.46,34.909595083056075,Active,2025-04-11,2025,4,11,101
EV12726,Calicut,Level 2,Bike,86.87,449.79020846885277,Inactive,2025-01-31,2025,1,31,31
EV12727,Mumbai,Level 2,Car,28.33,44.24970880272065,Active,2025-07-09,2025,7,9,190
EV12728,Delhi,DC Fast,Bike,107.32,339.6076950080615,Active,2025-05-26,2025,5,26,146
EV12729,Chennai,Fast,Bus,47.45,54.406102244160635,Active,2025-03-31,2025,3,31,90
EV12730,Kochi,Level 2,Bike,68.58,358.9822332632315,Active,2025-01-06,2025,1,6,6
EV12731,Trivandrum,Super Fast,Bus,51.1,36.306234239816426,Active,2025-05-19,2025,5,19,139
EV12732,Calicut,Super Fast,Car,213.9,424.379709301178,Active,2025-04-05,2025,4,5,95
EV12733,Mumbai,Fast,Bus,175.85,243.65309644639268,Active,2025-04-29,2025,4,29,119
EV12734,Hyderabad,DC Fast,Bus,67.28,64.8578780810614,Active,2025-04-30,2025,4,30,120
EV12735,Mumbai,DC Fast,Car,192.57,359.2733336048691,Active,2025-05-03,2025,5,3,123
EV12736,Bangalore,Super Fast,Bus,222.42,254.859275601806,Active,2025-10-12,2025,10,12,285
EV12737,Chennai,DC Fast,Car,49.37,111.65545226021258,Inactive,2025-06-28,2025,6,28,179
EV12738,Calicut,Fast,Bike,33.9,27.522739466588373,Active,2025-11-21,2025,11,21,325
EV12739,Hyderabad,Super Fast,Car,143.12,220.63916466825785,Active,2025-01-07,2025,1,7,7
EV12740,Bangalore,Level 2,Car,31.08,61.10203074969707,Inactive,2025-11-08,2025,11,8,312
EV12741,Bangalore,Level 2,Bus,47.85,65.20145515867385,Inactive,2025-05-07,2025,5,7,127
EV12742,Calicut,DC Fast,Bike,39.57,148.31818321408488,Inactive,2025-03-18,2025,3,18,77
EV12743,Chennai,Super Fast,Car,149.59,322.6199826763637,Inactive,2025-08-22,2025,8,22,234
EV12744,Delhi,Super Fast,Bike,104.96,274.35709210925563,Active,2025-11-14,2025,11,14,318
EV12745,Delhi,Level 2,Bike,31.83,53.113907964166685,Active,2025-03-15,2025,3,15,74
EV12746,Bangalore,Super Fast,Bus,250.0,484.8470124283855,Active,2025-09-28,2025,9,28,271
EV12747,Delhi,Super Fast,Car,250.0,445.84097038140374,Active,2025-11-05,2025,11,5,309
EV12748,Kochi,Super Fast,Bus,126.89,144.42823382967595,Active,2025-04-30,2025,4,30,120
EV12749,Bangalore,DC Fast,Car,61.62,78.72251646182781,Active,2025-02-04,2025,2,4,35
EV12750,Bangalore,Super Fast,Bike,143.34,472.3533750833553,Inactive,2025-07-26,2025,7,26,207
EV12751,Hyderabad,Fast,Car,122.04,241.34805338273594,Active,2025-09-27,2025,9,27,270
EV12752,Delhi,DC Fast,Car,108.22,169.36014309028917,Active,2025-04-03,2025,4,3,93
EV12753,Chennai,Super Fast,Bike,110.04,255.37185687928994,Active,2025-06-26,2025,6,26,177
EV12754,Bangalore,Super Fast,Bike,154.99,390.91718938227785,Active,2025-10-01,2025,10,1,274
EV12755,Mumbai,Fast,Car,55.2,100.82494318546615,Inactive,2025-06-28,2025,6,28,179
EV12756,Chennai,DC Fast,Bus,221.46,388.3980000844674,Inactive,2025-05-09,2025,5,9,129
EV12757,Kochi,Level 2,Car,96.98,379.73445820825543,Inactive,2025-05-05,2025,5,5,125
EV12758,Hyderabad,Level 2,Bike,64.22,278.88713832362225,Active,2025-01-27,2025,1,27,27
EV12759,Calicut,DC Fast,Bus,221.46,435.6042985997992,Inactive,2025-03-05,2025,3,5,64
EV12760,Chennai,Super Fast,Bike,41.89,83.42882152153307,Active,2025-03-01,2025,3,1,60
EV12761,Bangalore,Super Fast,Bike,88.85,305.8299231995231,Inactive,2025-08-07,2025,8,7,219
EV12762,Kochi,Level 2,Bus,119.87,235.68466520087438,Active,2025-08-05,2025,8,5,217
EV12763,Trivandrum,Level 2,Bike,48.36,222.7002141611992,Active,2025-06-18,2025,6,18,169
EV12764,Kochi,Level 2,Bike,44.3,141.2293142093722,Inactive,2025-05-29,2025,5,29,149
EV12765,Kochi,Fast,Bike,72.34,198.69423526875585,Active,2025-09-27,2025,9,27,270
EV12766,Hyderabad,Level 2,Bike,23.84,71.91236289135956,Inactive,2025-04-26,2025,4,26,116
EV12767,Calicut,Fast,Bike,43.65,140.7675054871161,Active,2025-09-02,2025,9,2,245
EV12768,Trivandrum,DC Fast,Bike,55.86,150.54325173347965,Inactive,2025-05-28,2025,5,28,148
EV12769,Delhi,Super Fast,Bike,115.48,365.9205763808669,Inactive,2025-04-02,2025,4,2,92
EV12770,Delhi,Level 2,Bike,21.45,43.30420506025432,Active,2025-03-26,2025,3,26,85
EV12771,Chennai,Super Fast,Bike,129.13,332.5723079124131,Active,2025-03-28,2025,3,28,87
EV12772,Kochi,Super Fast,Car,75.95,126.27675670073114,Active,2025-04-30,2025,4,30,120
EV12773,Mumbai,Level 2,Car,51.79,59.29352283982109,Inactive,2025-12-06,2025,12,6,340
EV12774,Hyderabad,Level 2,Bike,52.97,164.38695732100837,Active,2025-01-24,2025,1,24,24
EV12775,Mumbai,DC Fast,Car,88.67,127.74697732572933,Active,2025-03-30,2025,3,30,89
EV12776,Hyderabad,Fast,Bus,183.86,284.975540403128,Active,2025-02-06,2025,2,6,37
EV12777,Delhi,Fast,Car,112.0,191.54067365502195,Active,2025-12-08,2025,12,8,342
EV12778,Chennai,Super Fast,Bike,167.64,483.67699635599655,Active,2025-09-28,2025,9,28,271
EV12779,Chennai,Level 2,Bike,108.16,482.5038077076083,Active,2025-01-12,2025,1,12,12
EV12780,Chennai,DC Fast,Car,93.84,232.98332917771495,Inactive,2025-04-05,2025,4,5,95
EV12781,Trivandrum,DC Fast,Bike,144.62,401.6419811169246,Active,2025-01-31,2025,1,31,31
EV12782,Calicut,DC Fast,Bus,42.34,26.368899613220016,Active,2025-12-16,2025,12,16,350
EV12783,Trivandrum,DC Fast,Bus,199.65,282.94956066790525,Active,2025-08-21,2025,8,21,233
EV12784,Bangalore,DC Fast,Bike,130.55,376.7836027073499,Active,2025-12-06,2025,12,6,340
EV12785,Bangalore,Fast,Bus,86.89,124.13274819552123,Inactive,2025-11-24,2025,11,24,328
EV12786,Mumbai,Fast,Bus,43.43,49.362442479653,Active,2025-10-27,2025,10,27,300
EV12787,Calicut,Fast,Car,47.85,94.84108923509882,Active,2025-10-13,2025,10,13,286
EV12788,Delhi,Level 2,Bus,117.14,232.0870818434514,Active,2025-02-04,2025,2,4,35
EV12789,Calicut,Super Fast,Car,121.79,263.05828196300575,Inactive,2025-01-21,2025,1,21,21
EV12790,Hyderabad,DC Fast,Bike,66.44,202.82485861220886,Inactive,2025-04-21,2025,4,21,111
EV12791,Bangalore,Level 2,Car,88.22,231.1874081803424,Active,2025-11-15,2025,11,15,319
EV12792,Kochi,DC Fast,Bike,75.48,245.71278061245502,Active,2025-12-14,2025,12,14,348
EV12793,Kochi,Fast,Bike,100.1,389.3295975685262,Active,2025-05-25,2025,5,25,145
EV12794,Delhi,Level 2,Bike,24.49,70.51611107727314,Inactive,2025-01-12,2025,1,12,12
EV12795,Hyderabad,Fast,Bike,113.76,389.09622423651007,Active,2025-09-01,2025,9,1,244
EV12796,Mumbai,DC Fast,Bike,94.97,350.5411051015991,Inactive,2025-05-26,2025,5,26,146
EV12797,Trivandrum,DC Fast,Car,146.26,375.99718854863266,Inactive,2025-08-27,2025,8,27,239
EV12798,Hyderabad,Super Fast,Bike,122.91,372.54482522015496,Inactive,2025-04-02,2025,4,2,92
EV12799,Kochi,DC Fast,Bus,171.39,245.88407158485614,Active,2025-11-12,2025,11,12,316
EV12800,Kochi,Fast,Bus,97.86,121.47208858923202,Active,2025-11-19,2025,11,19,323
EV12801,Mumbai,DC Fast,Bike,87.6,277.58187406486593,Inactive,2025-04-25,2025,4,25,115
EV12802,Bangalore,Super Fast,Bus,250.0,479.83138573236783,Active,2025-01-15,2025,1,15,15
EV12803,Hyderabad,Super Fast,Car,172.45,302.4923270688146,Active,2025-09-29,2025,9,29,272
EV12804,Hyderabad,Fast,Car,25.02,25.302629702133252,Active,2025-01-22,2025,1,22,22
EV12805,Kochi,Level 2,Bike,33.61,48.661234340667505,Active,2025-04-28,2025,4,28,118
EV12806,Trivandrum,DC Fast,Bike,156.52,496.5744481297051,Active,2025-04-05,2025,4,5,95
EV12807,Delhi,Super Fast,Bike,34.57,54.534252434931375,Active,2025-09-14,2025,9,14,257
EV12808,Chennai,DC Fast,Bus,58.5,42.10167682155131,Active,2025-11-27,2025,11,27,331
EV12809,Delhi,DC Fast,Bus,159.89,189.45164929215457,Active,2025-09-19,2025,9,19,262
EV12810,Hyderabad,Level 2,Car,157.57,485.2722575692816,Active,2025-03-28,2025,3,28,87
EV12811,Delhi,Super Fast,Bus,175.58,172.96407379177555,Active,2025-11-14,2025,11,14,318
EV12812,Kochi,DC Fast,Car,104.57,216.7443828201299,Active,2025-02-27,2025,2,27,58
EV12813,Kochi,Super Fast,Bus,215.16,324.3569893801115,Inactive,2025-08-18,2025,8,18,230
EV12814,Mumbai,Fast,Car,35.69,31.573682876670954,Inactive,2025-04-18,2025,4,18,108
EV12815,Hyderabad,Fast,Bike,108.28,450.92651720921026,Inactive,2025-01-19,2025,1,19,19
EV12816,Mumbai,DC Fast,Bus,178.93,269.33264842612743,Inactive,2025-12-31,2025,12,31,365
EV12817,Hyderabad,Super Fast,Car,158.52,244.0692348819478,Active,2025-05-21,2025,5,21,141
EV12818,Chennai,DC Fast,Bus,250.0,433.1487978591826,Active,2025-06-09,2025,6,9,160
EV12819,Chennai,Super Fast,Bike,170.37,477.47676289185017,Active,2025-04-10,2025,4,10,100
EV12820,Bangalore,Super Fast,Car,143.06,223.24411119048068,Active,2025-09-22,2025,9,22,265
EV12821,Hyderabad,Level 2,Bus,71.91,102.77171806075074,Active,2025-08-26,2025,8,26,238
EV12822,Trivandrum,Level 2,Bus,188.02,411.54044960099503,Active,2025-08-26,2025,8,26,238
EV12823,Delhi,Level 2,Bike,48.6,213.56500218679383,Inactive,2025-02-18,2025,2,18,49
EV12824,Hyderabad,DC Fast,Bike,140.74,469.06185896564773,Active,2025-06-14,2025,6,14,165
EV12825,Calicut,Level 2,Car,124.9,475.9515122388718,Active,2025-10-14,2025,10,14,287
EV12826,Bangalore,Level 2,Bus,37.42,75.11793522625736,Inactive,2025-02-28,2025,2,28,59
EV12827,Calicut,Fast,Bus,218.08,479.1459043197686,Inactive,2025-07-02,2025,7,2,183
EV12828,Kochi,Super Fast,Bike,69.63,196.76975621365807,Active,2025-05-27,2025,5,27,147
EV12829,Chennai,Super Fast,Bike,107.77,330.20120847545144,Inactive,2025-10-28,2025,10,28,301
EV12830,Delhi,Level 2,Car,42.96,36.6800392323421,Active,2025-04-06,2025,4,6,96
EV12831,Hyderabad,Super Fast,Bus,250.0,446.6644515602397,Inactive,2025-02-12,2025,2,12,43
EV12832,Calicut,Fast,Bus,176.51,327.96671808553515,Active,2025-12-20,2025,12,20,354
EV12833,Delhi,Fast,Car,151.33,328.9061441390812,Active,2025-09-14,2025,9,14,257
EV12834,Kochi,Level 2,Car,118.18,453.0445567891922,Inactive,2025-08-01,2025,8,1,213
EV12835,Chennai,Fast,Bike,82.96,264.00664395552474,Active,2025-07-08,2025,7,8,189
EV12836,Trivandrum,Super Fast,Bike,87.94,217.04798737402425,Active,2025-05-11,2025,5,11,131
EV12837,Bangalore,DC Fast,Car,230.03,435.7418011003118,Active,2025-12-13,2025,12,13,347
EV12838,Delhi,Super Fast,Car,240.08,376.36184569827117,Active,2025-10-27,2025,10,27,300
EV12839,Delhi,DC Fast,Bus,250.0,475.5083191831525,Inactive,2025-10-16,2025,10,16,289
EV12840,Trivandrum,Level 2,Car,161.13,471.25850878905567,Active,2025-05-17,2025,5,17,137
EV12841,Delhi,DC Fast,Car,120.94,203.51655898891534,Active,2025-01-30,2025,1,30,30
EV12842,Kochi,Fast,Bus,125.34,234.5534192678806,Active,2025-05-26,2025,5,26,146
EV12843,Kochi,Super Fast,Car,88.5,142.87277781957366,Active,2025-11-08,2025,11,8,312
EV12844,Trivandrum,DC Fast,Bike,107.81,337.11098678651246,Active,2025-04-15,2025,4,15,105
EV12845,Bangalore,Super Fast,Bike,92.84,194.98014564266555,Active,2025-10-14,2025,10,14,287
EV12846,Hyderabad,Level 2,Bus,153.02,397.3283103716821,Inactive,2025-07-10,2025,7,10,191
EV12847,Calicut,Level 2,Car,40.73,78.34436515083706,Active,2025-06-27,2025,6,27,178
EV12848,Hyderabad,Fast,Bike,26.17,75.87336855955803,Active,2025-12-11,2025,12,11,345
EV12849,Delhi,Level 2,Bike,34.76,118.13858308131051,Active,2025-08-27,2025,8,27,239
EV12850,Calicut,DC Fast,Bike,40.85,60.46025044995847,Active,2025-01-01,2025,1,1,1
EV12851,Mumbai,Level 2,Bike,69.26,317.6151716855527,Active,2025-04-20,2025,4,20,110
EV12852,Trivandrum,Fast,Car,54.4,90.72932768803454,Inactive,2025-12-04,2025,12,4,338
EV12853,Trivandrum,Super Fast,Car,68.96,96.78220038447404,Inactive,2025-10-02,2025,10,2,275
EV12854,Bangalore,Super Fast,Car,44.66,26.829547389999675,Active,2025-08-22,2025,8,22,234
EV12855,Calicut,Level 2,Car,130.97,395.40320701933274,Active,2025-03-05,2025,3,5,64
EV12856,Kochi,DC Fast,Bike,108.84,409.9021066032709,Inactive,2025-09-01,2025,9,1,244
EV12857,Calicut,Fast,Bus,72.17,97.77075985493106,Active,2025-02-22,2025,2,22,53
EV12858,Delhi,DC Fast,Bus,250.0,374.97172844826775,Active,2025-09-19,2025,9,19,262
EV12859,Kochi,Fast,Bike,58.89,228.1016591155326,Inactive,2025-01-17,2025,1,17,17
EV12860,Chennai,Level 2,Bike,35.38,135.00554382338782,Inactive,2025-10-29,2025,10,29,302
EV12861,Chennai,Fast,Bus,206.62,318.2646118754379,Active,2025-08-22,2025,8,22,234
EV12862,Mumbai,Fast,Bus,89.06,105.6723556866007,Active,2025-03-14,2025,3,14,73
EV12863,Chennai,Level 2,Bike,92.24,383.304131673457,Active,2025-12-23,2025,12,23,357
EV12864,Trivandrum,DC Fast,Bike,29.67,42.855309233864816,Active,2025-04-01,2025,4,1,91
EV12865,Calicut,Level 2,Car,114.87,480.3828478053989,Inactive,2025-01-06,2025,1,6,6
EV12866,Chennai,Fast,Car,42.29,54.50012178013974,Active,2025-07-17,2025,7,17,198
EV12867,Hyderabad,Level 2,Bus,148.12,298.13524123937106,Active,2025-12-31,2025,12,31,365
EV12868,Bangalore,Fast,Bike,149.29,453.05325925874166,Active,2025-07-15,2025,7,15,196
EV12869,Hyderabad,Level 2,Bus,46.61,25.714145046968166,Active,2025-10-23,2025,10,23,296
EV12870,Chennai,Super Fast,Car,157.25,259.2869412747474,Active,2025-12-13,2025,12,13,347
EV12871,Mumbai,Super Fast,Car,105.92,188.00334286912636,Inactive,2025-11-18,2025,11,18,322
EV12872,Bangalore,Level 2,Bus,155.23,298.55945132379634,Active,2025-05-17,2025,5,17,137
EV12873,Delhi,DC Fast,Car,78.49,128.21954563407616,Active,2025-09-24,2025,9,24,267
EV12874,Hyderabad,Fast,Bike,28.25,51.15162427122789,Active,2025-04-26,2025,4,26,116
EV12875,Mumbai,Super Fast,Bus,242.68,320.4478576873793,Inactive,2025-02-12,2025,2,12,43
EV12876,Calicut,DC Fast,Bike,69.72,220.0876349568332,Active,2025-08-19,2025,8,19,231
EV12877,Calicut,Fast,Bike,85.07,318.79305857899027,Active,2025-02-27,2025,2,27,58
EV12878,Hyderabad,Super Fast,Car,88.21,121.0587904821646,Active,2025-07-25,2025,7,25,206
EV12879,Chennai,Super Fast,Bike,52.52,182.59580621767128,Active,2025-10-21,2025,10,21,294
EV12880,Mumbai,Level 2,Bus,112.24,289.60706689501296,Inactive,2025-04-04,2025,4,4,94
EV12881,Calicut,Fast,Bike,74.0,304.6941335958691,Active,2025-02-05,2025,2,5,36
EV12882,Delhi,DC Fast,Bike,68.31,198.71110773164727,Inactive,2025-08-18,2025,8,18,230
EV12883,Kochi,DC Fast,Bike,44.97,154.4255386959471,Inactive,2025-08-15,2025,8,15,227
EV12884,Chennai,DC Fast,Bike,71.44,151.376302154526,Inactive,2025-07-02,2025,7,2,183
EV12885,Mumbai,Fast,Bike,52.89,103.85568868203124,Active,2025-09-19,2025,9,19,262
EV12886,Delhi,DC Fast,Car,120.77,176.19438191820183,Active,2025-05-11,2025,5,11,131
EV12887,Mumbai,DC Fast,Bus,113.24,115.73136176634557,Active,2025-03-06,2025,3,6,65
EV12888,Bangalore,DC Fast,Car,159.85,324.23139499037353,Active,2025-07-05,2025,7,5,186
EV12889,Delhi,Level 2,Bus,116.87,293.152159156203,Inactive,2025-04-27,2025,4,27,117
EV12890,Chennai,Level 2,Bus,85.19,203.64263536204163,Inactive,2025-07-05,2025,7,5,186
EV12891,Bangalore,Fast,Bus,114.15,176.39840956994934,Active,2025-10-01,2025,10,1,274
EV12892,Chennai,Fast,Bus,104.66,134.05481609342843,Active,2025-05-31,2025,5,31,151
EV12893,Calicut,DC Fast,Bus,184.53,277.01998830048376,Active,2025-12-18,2025,12,18,352
EV12894,Kochi,Level 2,Bike,94.26,461.0733268859304,Active,2025-05-31,2025,5,31,151
EV12895,Chennai,Super Fast,Car,178.82,349.1374646666898,Inactive,2025-02-05,2025,2,5,36
EV12896,Chennai,Super Fast,Car,235.09,377.31906273707233,Active,2025-11-22,2025,11,22,326
EV12897,Calicut,DC Fast,Bike,118.5,420.5013745550757,Active,2025-04-05,2025,4,5,95
EV12898,Trivandrum,DC Fast,Bus,133.96,188.78478720216742,Active,2025-05-14,2025,5,14,134
EV12899,Calicut,Level 2,Car,20.5,50.180375414954064,Inactive,2025-06-11,2025,6,11,162
EV12900,Bangalore,Level 2,Bike,85.44,318.82822559438927,Active,2025-02-13,2025,2,13,44
EV12901,Calicut,Level 2,Bike,35.36,110.56269978945566,Inactive,2025-10-27,2025,10,27,300
EV12902,Calicut,Fast,Car,90.86,293.1409519979198,Inactive,2025-10-10,2025,10,10,283
EV12903,Kochi,Fast,Car,156.9,374.9649119153911,Active,2025-12-22,2025,12,22,356
EV12904,Calicut,DC Fast,Bus,248.48,396.14638503096154,Active,2025-08-28,2025,8,28,240
EV12905,Mumbai,Fast,Bus,107.97,164.88277771880743,Active,2025-02-21,2025,2,21,52
EV12906,Chennai,Level 2,Car,79.34,265.96795163327124,Active,2025-10-08,2025,10,8,281
EV12907,Mumbai,Level 2,Bus,126.66,318.0632462130523,Inactive,2025-03-15,2025,3,15,74
EV12908,Kochi,Fast,Bike,116.06,413.35074641629853,Active,2025-10-22,2025,10,22,295
EV12909,Hyderabad,Super Fast,Bus,250.0,385.46655925037476,Active,2025-08-26,2025,8,26,238
EV12910,Trivandrum,DC Fast,Bus,250.0,494.22815406913776,Active,2025-06-16,2025,6,16,167
EV12911,Mumbai,Super Fast,Bike,29.78,23.880644734405223,Active,2025-05-20,2025,5,20,140
EV12912,Kochi,DC Fast,Bus,156.81,229.99493161430385,Active,2025-05-19,2025,5,19,139
EV12913,Bangalore,Super Fast,Bike,63.22,142.90135346054137,Active,2025-08-23,2025,8,23,235
EV12914,Hyderabad,Fast,Bus,61.72,77.54882582953924,Active,2025-01-03,2025,1,3,3
EV12915,Kochi,DC Fast,Car,204.71,457.52735752024864,Active,2025-09-13,2025,9,13,256
EV12916,Kochi,DC Fast,Bus,250.0,499.0217917259294,Active,2025-10-05,2025,10,5,278
EV12917,Trivandrum,DC Fast,Car,66.08,106.68617979426735,Active,2025-01-04,2025,1,4,4
EV12918,Chennai,Level 2,Car,28.92,38.44802854465453,Active,2025-09-27,2025,9,27,270
EV12919,Mumbai,Level 2,Car,61.14,152.02613488664016,Inactive,2025-07-31,2025,7,31,212
EV12920,Bangalore,Super Fast,Car,247.01,420.7337206718699,Active,2025-08-04,2025,8,4,216
EV12921,Delhi,Fast,Car,97.19,161.06723993567203,Active,2025-09-27,2025,9,27,270
EV12922,Mumbai,Level 2,Bike,20.53,47.31271063885835,Active,2025-01-16,2025,1,16,16
EV12923,Delhi,DC Fast,Bike,28.86,45.19624829745435,Active,2025-03-05,2025,3,5,64
EV12924,Kochi,Level 2,Bike,58.62,225.16294513732947,Active,2025-08-27,2025,8,27,239
EV12925,Calicut,Fast,Car,149.24,467.27634706957747,Inactive,2025-01-16,2025,1,16,16
EV12926,Bangalore,Level 2,Bus,79.69,157.2418119870233,Active,2025-02-21,2025,2,21,52
EV12927,Hyderabad,DC Fast,Bike,81.56,225.03568673650102,Active,2025-01-19,2025,1,19,19
EV12928,Calicut,Super Fast,Bus,74.53,68.9282265836521,Active,2025-11-21,2025,11,21,325
EV12929,Calicut,DC Fast,Bus,160.94,256.9149407691109,Active,2025-04-03,2025,4,3,93
EV12930,Mumbai,Fast,Car,165.64,354.3425908571379,Active,2025-09-18,2025,9,18,261
EV12931,Bangalore,Super Fast,Car,90.51,150.1521733650654,Active,2025-10-25,2025,10,25,298
EV12932,Chennai,Level 2,Car,50.33,162.4214280937687,Inactive,2025-01-17,2025,1,17,17
EV12933,Kochi,Level 2,Bike,87.49,424.1480121950102,Active,2025-04-21,2025,4,21,111
EV12934,Kochi,Level 2,Car,24.82,24.974586726645,Active,2025-11-24,2025,11,24,328
EV12935,Kochi,Super Fast,Bike,87.43,325.50594010404654,Inactive,2025-12-26,2025,12,26,360
EV12936,Kochi,DC Fast,Bike,71.92,209.06462477197613,Inactive,2025-04-04,2025,4,4,94
EV12937,Mumbai,Super Fast,Bike,62.63,163.22264650950513,Inactive,2025-01-10,2025,1,10,10
EV12938,Delhi,Super Fast,Bike,137.88,335.645039477061,Active,2025-07-31,2025,7,31,212
EV12939,Kochi,Fast,Car,179.24,420.6408904590585,Active,2025-08-25,2025,8,25,237
EV12940,Delhi,Super Fast,Bike,92.49,288.02821583776336,Inactive,2025-09-11,2025,9,11,254
EV12941,Delhi,Level 2,Car,35.47,34.92541853266688,Active,2025-01-16,2025,1,16,16
EV12942,Chennai,DC Fast,Car,132.85,241.4725715962765,Active,2025-05-24,2025,5,24,144
EV12943,Kochi,DC Fast,Bike,57.7,242.1247716291071,Inactive,2025-02-11,2025,2,11,42
EV12944,Trivandrum,DC Fast,Car,153.59,281.02327750621174,Active,2025-01-03,2025,1,3,3
EV12945,Hyderabad,Level 2,Bus,139.33,342.0602725009051,Inactive,2025-06-05,2025,6,5,156
EV12946,Calicut,Level 2,Car,21.58,29.272833696483413,Inactive,2025-06-22,2025,6,22,173
EV12947,Delhi,Level 2,Car,70.07,260.96605971188023,Inactive,2025-01-24,2025,1,24,24
EV12948,Bangalore,Level 2,Bike,63.15,302.3877293026835,Active,2025-10-02,2025,10,2,275
EV12949,Bangalore,Level 2,Bike,51.73,184.80962547970495,Active,2025-03-16,2025,3,16,75
EV12950,Hyderabad,Super Fast,Car,156.26,340.81530876340787,Inactive,2025-02-09,2025,2,9,40
EV12951,Bangalore,Level 2,Bike,43.34,129.52530422200215,Inactive,2025-10-29,2025,10,29,302
EV12952,Trivandrum,Level 2,Bus,88.22,172.33871987237677,Active,2025-02-09,2025,2,9,40
EV12953,Bangalore,Level 2,Bus,220.12,482.1225667636765,Active,2025-03-03,2025,3,3,62
EV12954,Calicut,Level 2,Bike,37.09,187.07377801334727,Inactive,2025-08-26,2025,8,26,238
EV12955,Calicut,DC Fast,Car,85.84,186.3204259355576,Active,2025-09-02,2025,9,2,245
EV12956,Delhi,Level 2,Bus,148.73,305.92670519509534,Active,2025-01-18,2025,1,18,18
EV12957,Kochi,Super Fast,Bus,250.0,486.0681583328289,Active,2025-05-20,2025,5,20,140
EV12958,Chennai,Super Fast,Car,250.0,491.8786140574402,Active,2025-03-23,2025,3,23,82
EV12959,Trivandrum,Super Fast,Bike,86.02,298.2358225646317,Inactive,2025-07-08,2025,7,8,189
EV12960,Delhi,Fast,Bus,47.4,20.521769506367615,Active,2025-04-18,2025,4,18,108
EV12961,Trivandrum,DC Fast,Car,227.41,452.31514436883185,Active,2025-08-22,2025,8,22,234
EV12962,Kochi,Level 2,Car,110.15,293.7142229969831,Active,2025-09-25,2025,9,25,268
EV12963,Mumbai,Fast,Bus,146.95,195.6782759791692,Active,2025-04-14,2025,4,14,104
EV12964,Bangalore,Level 2,Bike,89.06,418.01366768765035,Active,2025-05-14,2025,5,14,134
EV12965,Bangalore,Fast,Bus,122.28,211.91958048809843,Inactive,2025-12-10,2025,12,10,344
EV12966,Chennai,Fast,Car,31.31,36.341362976127044,Active,2025-02-02,2025,2,2,33
EV12967,Kochi,Super Fast,Bus,250.0,414.114667067369,Active,2025-08-25,2025,8,25,237
EV12968,Delhi,Super Fast,Bike,122.48,282.0125124894859,Active,2025-12-02,2025,12,2,336
EV12969,Chennai,Fast,Car,93.69,182.30889834761416,Active,2025-06-27,2025,6,27,178
EV12970,Kochi,Super Fast,Bike,61.35,140.42834064984856,Active,2025-01-12,2025,1,12,12
EV12971,Hyderabad,Fast,Bus,196.68,305.0227805194043,Active,2025-12-17,2025,12,17,351
EV12972,Calicut,DC Fast,Bus,93.5,119.86378314804807,Active,2025-08-17,2025,8,17,229
EV12973,Chennai,Super Fast,Bike,84.56,175.44842554736155,Active,2025-11-05,2025,11,5,309
EV12974,Chennai,Super Fast,Bus,250.0,325.53454851871214,Active,2025-09-26,2025,9,26,269
EV12975,Delhi,Super Fast,Bike,137.79,443.1413361948473,Inactive,2025-12-24,2025,12,24,358
EV12976,Trivandrum,DC Fast,Bus,161.89,275.7873576279674,Inactive,2025-05-11,2025,5,11,131
EV12977,Hyderabad,Fast,Bike,109.89,384.3710711835644,Active,2025-09-06,2025,9,6,249
EV12978,Delhi,Level 2,Bike,95.06,386.26908980626007,Active,2025-02-27,2025,2,27,58
EV12979,Kochi,Super Fast,Car,155.24,338.8898972765057,Inactive,2025-01-04,2025,1,4,4
EV12980,Kochi,Fast,Car,67.84,138.0024020866485,Active,2025-08-24,2025,8,24,236
EV12981,Kochi,DC Fast,Bike,116.49,436.0585271121161,Inactive,2025-06-22,2025,6,22,173
EV12982,Mumbai,Level 2,Bus,120.24,229.4123147069919,Active,2025-11-18,2025,11,18,322
EV12983,Kochi,Super Fast,Bus,38.3,41.22115708913627,Active,2025-02-05,2025,2,5,36
EV12984,Trivandrum,DC Fast,Bus,95.29,137.41408163337206,Inactive,2025-10-06,2025,10,6,279
EV12985,Hyderabad,DC Fast,Bike,127.08,387.46320996767156,Active,2025-08-25,2025,8,25,237
EV12986,Bangalore,Level 2,Bike,28.04,53.1840011923949,Active,2025-10-02,2025,10,2,275
EV12987,Calicut,Fast,Bike,23.93,90.73491303435738,Inactive,2025-10-23,2025,10,23,296
EV12988,Trivandrum,Super Fast,Bike,108.82,353.22887170001815,Inactive,2025-11-24,2025,11,24,328
EV12989,Trivandrum,Super Fast,Car,250.0,448.44837906921947,Active,2025-02-27,2025,2,27,58
EV12990,Mumbai,Fast,Bike,89.68,324.1913624276657,Active,2025-12-29,2025,12,29,363
EV12991,Bangalore,Fast,Bus,93.24,126.69970583818622,Active,2025-01-18,2025,1,18,18
EV12992,Bangalore,Fast,Car,34.92,45.63860635978333,Inactive,2025-02-05,2025,2,5,36
EV12993,Calicut,Level 2,Bus,110.79,315.2607596241496,Inactive,2025-05-09,2025,5,9,129
EV12994,Calicut,Level 2,Bike,26.43,42.751317406958705,Inactive,2025-01-01,2025,1,1,1
EV12995,Bangalore,Super Fast,Car,154.33,314.10658493204335,Inactive,2025-03-05,2025,3,5,64
EV12996,Kochi,Level 2,Bike,41.43,128.27837319732564,Active,2025-03-03,2025,3,3,62
EV12997,Trivandrum,DC Fast,Car,178.21,454.23490995623825,Inactive,2025-11-27,2025,11,27,331
EV12998,Delhi,Super Fast,Bus,183.43,248.0444808739337,Inactive,2025-05-26,2025,5,26,146
EV12999,Calicut,Level 2,Bike,34.64,127.49044798865391,Inactive,2025-09-29,2025,9,29,272
EV13000,Mumbai,Fast,Bike,130.28,429.50975194812395,Active,2025-01-17,2025,1,17,17
EV13001,Mumbai,DC Fast,Car,63.82,141.936991254804,Inactive,2025-10-07,2025,10,7,280
EV13002,Calicut,Fast,Car,81.13,167.16755673194024,Active,2025-04-08,2025,4,8,98
EV13003,Bangalore,Super Fast,Bike,152.64,420.4533915466187,Active,2025-08-15,2025,8,15,227
EV13004,Hyderabad,Fast,Car,89.71,168.22017430428605,Active,2025-08-31,2025,8,31,243
EV13005,Delhi,Level 2,Bike,53.92,216.87860923070593,Active,2025-07-20,2025,7,20,201
EV13006,Delhi,Level 2,Car,82.12,186.87952196425596,Active,2025-06-28,2025,6,28,179
EV13007,Calicut,Super Fast,Bus,61.99,75.87215255858041,Inactive,2025-09-27,2025,9,27,270
EV13008,Kochi,Fast,Car,26.1,38.66998987847655,Active,2025-08-22,2025,8,22,234
EV13009,Hyderabad,Super Fast,Bus,250.0,367.77952354927106,Active,2025-04-22,2025,4,22,112
EV13010,Delhi,Fast,Car,162.24,329.6658194891459,Active,2025-03-07,2025,3,7,66
EV13011,Calicut,DC Fast,Car,70.06,155.53571242498745,Inactive,2025-12-04,2025,12,4,338
EV13012,Mumbai,Level 2,Bike,46.42,161.88757999274168,Active,2025-12-15,2025,12,15,349
EV13013,Delhi,Super Fast,Car,250.0,473.602775844167,Active,2025-09-02,2025,9,2,245
EV13014,Chennai,DC Fast,Car,250.0,494.08214107207624,Active,2025-09-02,2025,9,2,245
EV13015,Hyderabad,DC Fast,Bus,184.62,247.2487535521729,Active,2025-03-13,2025,3,13,72
EV13016,Hyderabad,Super Fast,Car,193.08,405.176837831117,Inactive,2025-12-23,2025,12,23,357
EV13017,Chennai,Super Fast,Bike,100.8,373.6092204172954,Inactive,2025-02-18,2025,2,18,49
EV13018,Trivandrum,DC Fast,Bus,113.08,162.71250056578253,Inactive,2025-12-12,2025,12,12,346
EV13019,Mumbai,Fast,Bike,31.95,48.11010104982961,Active,2025-07-09,2025,7,9,190
EV13020,Chennai,DC Fast,Bike,49.43,88.42700342477121,Active,2025-10-20,2025,10,20,293
EV13021,Bangalore,Super Fast,Bike,143.62,422.3811761603664,Active,2025-06-26,2025,6,26,177
EV13022,Bangalore,DC Fast,Bike,122.46,370.98263359821493,Active,2025-06-10,2025,6,10,161
EV13023,Calicut,Fast,Bus,190.36,338.88072534189337,Active,2025-05-30,2025,5,30,150
EV13024,Hyderabad,Level 2,Car,26.94,82.71143921439119,Active,2025-03-11,2025,3,11,70
EV13025,Trivandrum,Level 2,Bike,79.36,327.1667299762519,Active,2025-02-02,2025,2,2,33
EV13026,Trivandrum,DC Fast,Bus,224.14,390.6331191166954,Inactive,2025-10-11,2025,10,11,284
EV13027,Delhi,Fast,Bike,89.64,433.0888399329395,Inactive,2025-12-10,2025,12,10,344
EV13028,Delhi,Level 2,Car,23.84,26.351014012936744,Active,2025-09-17,2025,9,17,260
EV13029,Chennai,DC Fast,Bus,250.0,348.5480489016693,Active,2025-11-18,2025,11,18,322
EV13030,Trivandrum,DC Fast,Bus,28.13,29.166874689538123,Inactive,2025-03-18,2025,3,18,77
EV13031,Chennai,Fast,Car,155.45,359.2989658608505,Active,2025-04-20,2025,4,20,110
EV13032,Mumbai,Super Fast,Bus,242.1,325.0982550713623,Inactive,2025-11-01,2025,11,1,305
EV13033,Chennai,DC Fast,Car,45.42,91.2069742011068,Active,2025-05-19,2025,5,19,139
EV13034,Delhi,Super Fast,Bus,250.0,387.73844064566254,Inactive,2025-02-04,2025,2,4,35
EV13035,Hyderabad,Super Fast,Bus,60.62,52.80685673105175,Inactive,2025-08-23,2025,8,23,235
EV13036,Chennai,Level 2,Car,147.32,416.67141139742404,Active,2025-11-26,2025,11,26,330
EV13037,Kochi,Super Fast,Car,91.48,145.7260375271499,Active,2025-07-19,2025,7,19,200
EV13038,Hyderabad,Fast,Bus,226.38,350.6488939043192,Active,2025-11-21,2025,11,21,325
EV13039,Trivandrum,Level 2,Bus,160.35,463.37088369049775,Inactive,2025-05-31,2025,5,31,151
EV13040,Trivandrum,Level 2,Car,72.39,183.1169718432555,Active,2025-02-03,2025,2,3,34
EV13041,Chennai,Level 2,Car,91.56,261.38915741140124,Active,2025-05-04,2025,5,4,124
EV13042,Hyderabad,DC Fast,Bus,187.3,242.29665629621618,Active,2025-02-01,2025,2,1,32
EV13043,Delhi,DC Fast,Bus,66.5,95.6534475501767,Inactive,2025-09-29,2025,9,29,272
EV13044,Delhi,Super Fast,Bus,234.11,303.3497650355656,Inactive,2025-11-20,2025,11,20,324
EV13045,Bangalore,Level 2,Car,117.52,376.64092089005504,Active,2025-11-06,2025,11,6,310
EV13046,Trivandrum,Level 2,Bus,212.4,460.09991788343325,Active,2025-05-04,2025,5,4,124
EV13047,Calicut,Fast,Bike,98.12,428.3852487917662,Active,2025-11-12,2025,11,12,316
EV13048,Bangalore,Super Fast,Car,182.28,264.8093022694552,Active,2025-03-19,2025,3,19,78
EV13049,Delhi,Fast,Bus,246.01,365.1282341657287,Active,2025-03-17,2025,3,17,76
EV13050,Hyderabad,Super Fast,Car,237.73,404.37603841946856,Active,2025-03-01,2025,3,1,60
EV13051,Mumbai,Super Fast,Bike,83.07,256.87458259440746,Inactive,2025-03-26,2025,3,26,85
EV13052,Delhi,DC Fast,Car,63.54,75.40522913804851,Active,2025-03-21,2025,3,21,80
EV13053,Hyderabad,DC Fast,Bus,121.51,230.206766646738,Inactive,2025-06-21,2025,6,21,172
EV13054,Bangalore,Fast,Bike,122.89,424.38945833675115,Active,2025-09-15,2025,9,15,258
EV13055,Trivandrum,Super Fast,Bike,118.66,306.3878745889928,Active,2025-10-06,2025,10,6,279
EV13056,Delhi,Level 2,Bus,190.13,367.7400209644827,Active,2025-08-09,2025,8,9,221
EV13057,Chennai,DC Fast,Bus,100.82,108.92865063324201,Active,2025-02-15,2025,2,15,46
EV13058,Hyderabad,Level 2,Bus,224.63,482.8821287412827,Active,2025-03-14,2025,3,14,73
EV13059,Trivandrum,Fast,Car,87.3,213.95865415678853,Inactive,2025-02-23,2025,2,23,54
EV13060,Mumbai,DC Fast,Car,180.04,333.7450509045099,Active,2025-11-23,2025,11,23,327
EV13061,Mumbai,DC Fast,Car,27.76,29.058682203490527,Active,2025-08-09,2025,8,9,221
EV13062,Calicut,Super Fast,Bus,57.05,81.11324588253984,Inactive,2025-12-03,2025,12,3,337
EV13063,Hyderabad,Fast,Bus,246.31,395.3764495447611,Active,2025-01-09,2025,1,9,9
EV13064,Bangalore,Super Fast,Car,250.0,484.6253338497222,Active,2025-11-22,2025,11,22,326
EV13065,Calicut,DC Fast,Bike,75.29,173.62657042662954,Active,2025-06-21,2025,6,21,172
EV13066,Calicut,Fast,Car,27.9,37.84675277180712,Inactive,2025-03-25,2025,3,25,84
EV13067,Kochi,DC Fast,Bike,53.79,193.21596895046602,Inactive,2025-11-26,2025,11,26,330
EV13068,Delhi,Fast,Bus,47.77,28.38470253392126,Active,2025-11-25,2025,11,25,329
EV13069,Hyderabad,DC Fast,Bus,101.32,112.33908428598518,Active,2025-01-12,2025,1,12,12
EV13070,Calicut,Level 2,Car,96.28,381.1865672257944,Inactive,2025-02-01,2025,2,1,32
EV13071,Kochi,Level 2,Car,109.81,469.80243109111814,Inactive,2025-12-05,2025,12,5,339
EV13072,Bangalore,Super Fast,Bus,82.47,61.975560497065594,Active,2025-10-16,2025,10,16,289
EV13073,Trivandrum,Level 2,Car,84.21,287.79237382904444,Inactive,2025-11-16,2025,11,16,320
EV13074,Chennai,DC Fast,Bus,116.52,141.86280613953534,Active,2025-10-31,2025,10,31,304
EV13075,Chennai,DC Fast,Bus,83.36,86.74838038108618,Active,2025-09-29,2025,9,29,272
EV13076,Hyderabad,Level 2,Bike,41.85,125.11051034794761,Active,2025-06-27,2025,6,27,178
EV13077,Calicut,Super Fast,Car,170.2,297.32627239889956,Active,2025-04-24,2025,4,24,114
EV13078,Chennai,Level 2,Bus,49.89,51.2645606931013,Active,2025-01-26,2025,1,26,26
EV13079,Delhi,Fast,Car,89.06,228.4249261608404,Inactive,2025-08-25,2025,8,25,237
EV13080,Chennai,Fast,Bike,39.95,84.90936845847867,Active,2025-11-06,2025,11,6,310
EV13081,Chennai,Fast,Bike,49.54,150.8849851493511,Active,2025-06-21,2025,6,21,172
EV13082,Chennai,Level 2,Car,66.74,111.56207827676667,Active,2025-08-21,2025,8,21,233
EV13083,Mumbai,Level 2,Car,124.2,443.82823991883066,Inactive,2025-02-06,2025,2,6,37
EV13084,Kochi,Level 2,Bus,132.4,359.84543881821895,Inactive,2025-09-22,2025,9,22,265
EV13085,Calicut,Fast,Bike,110.07,436.86203789478583,Active,2025-01-13,2025,1,13,13
EV13086,Delhi,Super Fast,Bike,93.04,204.06216058289237,Active,2025-11-12,2025,11,12,316
EV13087,Calicut,DC Fast,Bike,66.2,170.43841512976167,Active,2025-04-16,2025,4,16,106
EV13088,Mumbai,Level 2,Car,89.19,202.68185355092817,Active,2025-05-06,2025,5,6,126
EV13089,Hyderabad,Super Fast,Bus,48.91,28.903133947715585,Active,2025-12-02,2025,12,2,336
EV13090,Hyderabad,DC Fast,Car,186.49,367.85805207130795,Active,2025-05-10,2025,5,10,130
EV13091,Hyderabad,DC Fast,Car,85.07,187.8907793096376,Inactive,2025-11-12,2025,11,12,316
EV13092,Bangalore,DC Fast,Car,100.46,170.39542571686002,Active,2025-09-13,2025,9,13,256
EV13093,Chennai,Super Fast,Bus,250.0,307.1077113778558,Active,2025-04-25,2025,4,25,115
EV13094,Bangalore,Super Fast,Car,140.63,229.3999576207119,Active,2025-10-26,2025,10,26,299
EV13095,Kochi,Fast,Bike,119.69,490.8048167474713,Active,2025-05-04,2025,5,4,124
EV13096,Hyderabad,Super Fast,Bike,98.59,191.00146059142463,Active,2025-09-13,2025,9,13,256
EV13097,Mumbai,Super Fast,Bike,141.52,314.6700042597984,Active,2025-05-19,2025,5,19,139
EV13098,Delhi,Super Fast,Bus,132.77,169.59252829263284,Inactive,2025-07-25,2025,7,25,206
EV13099,Calicut,DC Fast,Car,201.17,495.4855905011152,Active,2025-02-16,2025,2,16,47
EV13100,Chennai,Level 2,Bus,114.64,233.65329666566151,Active,2025-08-05,2025,8,5,217
EV13101,Trivandrum,Fast,Car,146.25,324.3818292160654,Active,2025-11-15,2025,11,15,319
EV13102,Delhi,Level 2,Bike,19.19,80.82640205728498,Inactive,2025-12-16,2025,12,16,350
EV13103,Chennai,Level 2,Car,130.25,371.8516231345559,Active,2025-05-03,2025,5,3,123
EV13104,Bangalore,Super Fast,Car,89.83,149.22082778029858,Inactive,2025-01-31,2025,1,31,31
EV13105,Bangalore,Fast,Car,112.39,235.33436135824252,Active,2025-02-24,2025,2,24,55
EV13106,Delhi,Level 2,Bus,220.7,443.9038699171798,Active,2025-06-02,2025,6,2,153
EV13107,Bangalore,Level 2,Car,127.04,485.8652071448487,Inactive,2025-10-13,2025,10,13,286
EV13108,Hyderabad,Fast,Car,111.74,223.79460888337135,Active,2025-02-05,2025,2,5,36
EV13109,Kochi,Super Fast,Car,228.62,420.7052806181599,Active,2025-11-02,2025,11,2,306
EV13110,Calicut,Level 2,Bus,33.22,45.60751738393316,Active,2025-10-12,2025,10,12,285
EV13111,Kochi,DC Fast,Bus,228.85,426.835534299326,Inactive,2025-09-13,2025,9,13,256
EV13112,Chennai,Level 2,Bus,147.45,322.16495463327186,Active,2025-06-27,2025,6,27,178
EV13113,Calicut,DC Fast,Car,124.55,254.57896082796896,Active,2025-02-05,2025,2,5,36
EV13114,Mumbai,Super Fast,Bike,173.52,447.1825784658789,Active,2025-09-11,2025,9,11,254
EV13115,Calicut,Level 2,Bike,82.19,425.76186680307865,Active,2025-06-11,2025,6,11,162
EV13116,Kochi,Fast,Bike,41.64,162.53364605771455,Active,2025-01-21,2025,1,21,21
EV13117,Delhi,Fast,Car,172.2,399.9144235254836,Active,2025-10-21,2025,10,21,294
EV13118,Calicut,Level 2,Bike,20.51,67.75564815793885,Active,2025-03-16,2025,3,16,75
EV13119,Mumbai,Super Fast,Bike,170.1,414.9266890243377,Active,2025-07-26,2025,7,26,207
EV13120,Mumbai,Super Fast,Bike,140.79,344.21869665116026,Active,2025-06-27,2025,6,27,178
EV13121,Mumbai,Fast,Car,43.41,62.175838847332514,Active,2025-02-06,2025,2,6,37
EV13122,Kochi,Level 2,Bike,83.64,347.878483267585,Active,2025-04-30,2025,4,30,120
EV13123,Calicut,Super Fast,Bike,94.44,298.6492528046577,Inactive,2025-04-28,2025,4,28,118
EV13124,Trivandrum,Fast,Car,118.63,305.3840485496215,Inactive,2025-01-01,2025,1,1,1
EV13125,Delhi,DC Fast,Bus,133.7,159.6146888622553,Active,2025-07-28,2025,7,28,209
EV13126,Hyderabad,Level 2,Bike,29.19,147.91865600616575,Inactive,2025-11-07,2025,11,7,311
EV13127,Calicut,DC Fast,Bus,218.48,386.0168537859296,Inactive,2025-07-27,2025,7,27,208
EV13128,Mumbai,DC Fast,Bike,66.8,143.27047088827476,Active,2025-06-03,2025,6,3,154
EV13129,Trivandrum,Super Fast,Car,144.86,234.20588086875136,Active,2025-09-07,2025,9,7,250
EV13130,Hyderabad,Super Fast,Bus,250.0,353.49871932741667,Active,2025-06-20,2025,6,20,171
EV13131,Hyderabad,Super Fast,Bus,79.76,58.21580063717013,Inactive,2025-11-11,2025,11,11,315
EV13132,Chennai,Level 2,Bus,149.06,305.38322365359545,Active,2025-11-03,2025,11,3,307
EV13133,Calicut,DC Fast,Bus,212.78,302.9006588710963,Active,2025-04-17,2025,4,17,107
EV13134,Kochi,Level 2,Bike,68.06,348.42978122625226,Active,2025-05-23,2025,5,23,143
EV13135,Calicut,Super Fast,Bike,70.67,197.56548574671615,Inactive,2025-01-08,2025,1,8,8
EV13136,Trivandrum,DC Fast,Bus,190.06,235.51029155064305,Active,2025-04-04,2025,4,4,94
EV13137,Hyderabad,Level 2,Bike,44.35,178.38527069345295,Inactive,2025-04-07,2025,4,7,97
EV13138,Calicut,Level 2,Bus,126.72,407.92075865061236,Inactive,2025-01-07,2025,1,7,7
EV13139,Kochi,Fast,Bus,67.95,82.69316481734359,Active,2025-10-01,2025,10,1,274
EV13140,Chennai,Level 2,Car,154.97,482.21789771615835,Active,2025-01-12,2025,1,12,12
EV13141,Calicut,Super Fast,Bus,250.0,324.72135487002436,Active,2025-01-02,2025,1,2,2
EV13142,Delhi,Level 2,Bike,80.85,445.7152277082444,Inactive,2025-12-15,2025,12,15,349
EV13143,Chennai,DC Fast,Bus,161.35,224.59109996708685,Inactive,2025-01-07,2025,1,7,7
EV13144,Kochi,Level 2,Car,58.55,179.4939537881584,Inactive,2025-01-12,2025,1,12,12
EV13145,Trivandrum,Fast,Bike,126.07,452.34838885951206,Active,2025-12-06,2025,12,6,340
EV13146,Hyderabad,DC Fast,Car,43.17,67.45905386062533,Active,2025-02-26,2025,2,26,57
EV13147,Calicut,DC Fast,Car,41.01,76.21147112253334,Active,2025-03-19,2025,3,19,78
EV13148,Kochi,Fast,Bus,95.56,163.68645271264512,Active,2025-03-15,2025,3,15,74
EV13149,Chennai,Super Fast,Car,213.18,480.69199124783285,Inactive,2025-08-21,2025,8,21,233
EV13150,Delhi,DC Fast,Car,181.86,323.87293273525137,Active,2025-10-06,2025,10,6,279
EV13151,Kochi,Super Fast,Bike,99.26,286.01297437539114,Active,2025-01-30,2025,1,30,30
EV13152,Bangalore,DC Fast,Car,178.51,358.5710414506019,Active,2025-11-10,2025,11,10,314
EV13153,Mumbai,DC Fast,Bus,178.26,220.38778691751978,Active,2025-04-05,2025,4,5,95
EV13154,Delhi,Super Fast,Bus,250.0,383.8752806819836,Active,2025-11-04,2025,11,4,308
EV13155,Chennai,DC Fast,Bus,167.46,208.75073502698123,Active,2025-02-25,2025,2,25,56
EV13156,Trivandrum,Super Fast,Car,199.47,416.65432873110296,Inactive,2025-01-10,2025,1,10,10
EV13157,Hyderabad,Fast,Bike,52.01,148.30163939672218,Active,2025-05-27,2025,5,27,147
EV13158,Chennai,Super Fast,Bus,157.6,153.22239646305164,Active,2025-12-30,2025,12,30,364
EV13159,Mumbai,Fast,Car,140.47,270.7439866048329,Active,2025-03-28,2025,3,28,87
EV13160,Trivandrum,DC Fast,Bus,130.61,226.76535601363287,Inactive,2025-09-10,2025,9,10,253
EV13161,Calicut,Super Fast,Bus,250.0,331.09560525665376,Active,2025-07-06,2025,7,6,187
EV13162,Kochi,DC Fast,Bike,59.44,194.8595622433179,Inactive,2025-08-21,2025,8,21,233
EV13163,Bangalore,Super Fast,Bus,126.24,130.6643115537761,Active,2025-09-10,2025,9,10,253
EV13164,Delhi,Fast,Bike,79.37,245.50811018379252,Active,2025-08-12,2025,8,12,224
EV13165,Delhi,Fast,Car,131.1,289.25911975863016,Active,2025-12-06,2025,12,6,340
EV13166,Kochi,Super Fast,Bus,93.08,88.44802583825141,Active,2025-01-04,2025,1,4,4
EV13167,Bangalore,Fast,Car,105.45,287.2249403519194,Inactive,2025-12-19,2025,12,19,353
EV13168,Kochi,DC Fast,Car,88.28,173.2432185189905,Active,2025-04-22,2025,4,22,112
EV13169,Calicut,DC Fast,Car,109.22,208.3769047368838,Active,2025-07-12,2025,7,12,193
EV13170,Mumbai,Level 2,Bus,108.95,154.072701950375,Active,2025-05-21,2025,5,21,141
EV13171,Trivandrum,Fast,Bike,98.42,467.07695734066874,Inactive,2025-11-19,2025,11,19,323
EV13172,Chennai,DC Fast,Bus,199.45,348.00141501450264,Inactive,2025-05-20,2025,5,20,140
EV13173,Delhi,Super Fast,Car,111.38,145.980949472328,Active,2025-12-15,2025,12,15,349
EV13174,Calicut,Fast,Bike,87.32,329.6150405849361,Active,2025-04-05,2025,4,5,95
EV13175,Trivandrum,DC Fast,Car,174.78,427.3147565993822,Inactive,2025-02-10,2025,2,10,41
EV13176,Calicut,Fast,Bike,54.23,212.78249999972894,Inactive,2025-01-02,2025,1,2,2
EV13177,Bangalore,Super Fast,Bus,250.0,418.3796043949675,Active,2025-10-05,2025,10,5,278
EV13178,Delhi,DC Fast,Bike,50.19,94.11917328319633,Active,2025-05-30,2025,5,30,150
EV13179,Chennai,Level 2,Bus,156.97,414.93505513576065,Inactive,2025-02-10,2025,2,10,41
EV13180,Kochi,Level 2,Car,98.96,279.34123648273584,Active,2025-12-17,2025,12,17,351
EV13181,Kochi,Fast,Bike,50.68,127.02775424479141,Active,2025-04-26,2025,4,26,116
EV13182,Trivandrum,Super Fast,Car,105.7,215.42786458683747,Inactive,2025-04-30,2025,4,30,120
EV13183,Chennai,DC Fast,Bike,153.13,494.236636374376,Active,2025-08-25,2025,8,25,237
EV13184,Mumbai,Super Fast,Bus,250.0,396.1068879883645,Inactive,2025-09-27,2025,9,27,270
EV13185,Hyderabad,DC Fast,Bike,105.76,296.04145346485535,Active,2025-12-15,2025,12,15,349
EV13186,Bangalore,Fast,Bike,37.95,75.27867771417228,Inactive,2025-10-18,2025,10,18,291
EV13187,Trivandrum,DC Fast,Bus,165.58,220.54955979272012,Active,2025-01-09,2025,1,9,9
EV13188,Hyderabad,Super Fast,Bus,105.49,146.26472672572987,Inactive,2025-08-27,2025,8,27,239
EV13189,Calicut,Super Fast,Bus,41.58,54.080518162587325,Active,2025-04-28,2025,4,28,118
EV13190,Bangalore,Fast,Bike,84.07,280.2581065852712,Active,2025-12-18,2025,12,18,352
EV13191,Calicut,Super Fast,Car,229.88,446.80913592362054,Active,2025-11-11,2025,11,11,315
EV13192,Mumbai,DC Fast,Bike,107.06,344.28793672358006,Inactive,2025-11-08,2025,11,8,312
EV13193,Chennai,Fast,Bike,60.78,139.84658623064536,Active,2025-01-10,2025,1,10,10
EV13194,Delhi,DC Fast,Car,159.78,295.3206113378188,Active,2025-01-25,2025,1,25,25
EV13195,Bangalore,Super Fast,Bus,250.0,472.75245600654506,Active,2025-06-22,2025,6,22,173
EV13196,Hyderabad,Fast,Bike,100.67,366.99922540300895,Active,2025-08-13,2025,8,13,225
EV13197,Mumbai,DC Fast,Car,211.4,350.9474717152467,Active,2025-01-11,2025,1,11,11
EV13198,Delhi,Super Fast,Bus,250.0,484.7159197892078,Inactive,2025-04-11,2025,4,11,101
EV13199,Kochi,Super Fast,Bus,250.0,403.4591893683319,Active,2025-09-22,2025,9,22,265
EV13200,Hyderabad,Level 2,Bike,31.37,85.57930068740103,Active,2025-11-23,2025,11,23,327
EV13201,Trivandrum,Super Fast,Bus,134.64,186.86484174857665,Inactive,2025-03-24,2025,3,24,83
EV13202,Kochi,DC Fast,Bus,250.0,483.2675363540893,Active,2025-10-03,2025,10,3,276
EV13203,Mumbai,Fast,Car,127.02,255.05858921503898,Active,2025-12-11,2025,12,11,345
EV13204,Kochi,Level 2,Car,36.27,73.58597375416898,Active,2025-09-18,2025,9,18,261
EV13205,Trivandrum,Super Fast,Bus,215.93,240.1303422427241,Active,2025-08-09,2025,8,9,221
EV13206,Bangalore,Super Fast,Car,199.0,354.55675235398434,Active,2025-11-07,2025,11,7,311
EV13207,Kochi,Super Fast,Bus,250.0,498.82314640699576,Active,2025-08-07,2025,8,7,219
EV13208,Chennai,DC Fast,Bike,51.77,175.4745519503369,Inactive,2025-03-30,2025,3,30,89
EV13209,Hyderabad,Level 2,Car,105.04,266.7616999420514,Active,2025-01-15,2025,1,15,15
EV13210,Delhi,DC Fast,Bus,250.0,442.2467382319011,Active,2025-09-03,2025,9,3,246
EV13211,Kochi,Level 2,Bus,65.83,190.5282646675201,Inactive,2025-06-25,2025,6,25,176
EV13212,Hyderabad,Fast,Car,42.35,72.44554716361148,Active,2025-01-04,2025,1,4,4
EV13213,Calicut,DC Fast,Car,168.01,475.4892200007219,Inactive,2025-11-30,2025,11,30,334
EV13214,Hyderabad,DC Fast,Bike,89.99,254.45158722248004,Active,2025-01-21,2025,1,21,21
EV13215,Delhi,Fast,Bus,178.81,261.3361811705464,Active,2025-07-27,2025,7,27,208
EV13216,Hyderabad,Level 2,Bike,82.87,318.1760694100074,Active,2025-05-17,2025,5,17,137
EV13217,Trivandrum,Super Fast,Bike,24.2,21.69757937754781,Active,2025-11-18,2025,11,18,322
EV13218,Mumbai,Fast,Bike,131.05,466.9429642730476,Active,2025-12-29,2025,12,29,363
EV13219,Delhi,Super Fast,Car,129.41,193.49652069178,Active,2025-08-04,2025,8,4,216
EV13220,Mumbai,Super Fast,Bike,94.98,210.52729394448735,Active,2025-04-27,2025,4,27,117
EV13221,Bangalore,Fast,Car,55.79,103.5724388159528,Active,2025-06-28,2025,6,28,179
EV13222,Mumbai,Level 2,Car,68.79,201.5127743803813,Active,2025-09-03,2025,9,3,246
EV13223,Calicut,Super Fast,Bike,129.45,405.892894772505,Active,2025-05-08,2025,5,8,128
EV13224,Trivandrum,Fast,Bike,115.54,403.9960028266567,Active,2025-12-24,2025,12,24,358
EV13225,Bangalore,DC Fast,Bus,250.0,469.18248362981734,Active,2025-03-19,2025,3,19,78
EV13226,Hyderabad,DC Fast,Bike,89.15,213.550146886782,Active,2025-08-17,2025,8,17,229
EV13227,Delhi,DC Fast,Bus,250.0,360.18632179932047,Active,2025-10-20,2025,10,20,293
EV13228,Calicut,Fast,Bike,68.34,263.47402649962737,Active,2025-09-19,2025,9,19,262
EV13229,Trivandrum,DC Fast,Bike,139.16,405.9309389691829,Active,2025-03-23,2025,3,23,82
EV13230,Bangalore,Super Fast,Bike,132.25,362.0201643838385,Active,2025-12-08,2025,12,8,342
EV13231,Bangalore,DC Fast,Bike,50.99,196.5934041374123,Inactive,2025-12-04,2025,12,4,338
EV13232,Calicut,DC Fast,Bus,131.44,181.6034404417724,Active,2025-11-03,2025,11,3,307
EV13233,Chennai,Super Fast,Bus,125.79,141.17238225342444,Active,2025-03-07,2025,3,7,66
EV13234,Hyderabad,DC Fast,Bike,85.35,296.7275794345461,Inactive,2025-04-06,2025,4,6,96
EV13235,Calicut,Super Fast,Bike,119.27,482.64456876505255,Inactive,2025-05-25,2025,5,25,145
EV13236,Bangalore,DC Fast,Bus,85.53,116.03203405643168,Inactive,2025-03-06,2025,3,6,65
EV13237,Kochi,Super Fast,Car,56.08,65.7211783540761,Active,2025-01-09,2025,1,9,9
EV13238,Trivandrum,DC Fast,Car,59.16,77.31230819663054,Active,2025-12-23,2025,12,23,357
EV13239,Calicut,Super Fast,Car,158.32,395.887364600072,Inactive,2025-07-05,2025,7,5,186
EV13240,Chennai,Fast,Bus,94.47,188.05030605659059,Inactive,2025-06-07,2025,6,7,158
EV13241,Bangalore,Super Fast,Bus,128.3,127.69607729234225,Active,2025-01-31,2025,1,31,31
EV13242,Hyderabad,DC Fast,Car,104.45,189.36517681928,Active,2025-05-31,2025,5,31,151
EV13243,Mumbai,DC Fast,Car,146.29,329.7587901581704,Inactive,2025-11-15,2025,11,15,319
EV13244,Bangalore,Level 2,Bike,68.88,282.4578199175762,Active,2025-08-30,2025,8,30,242
EV13245,Hyderabad,Super Fast,Bus,250.0,376.92291513018847,Active,2025-06-05,2025,6,5,156
EV13246,Calicut,Fast,Bus,114.14,182.75559127125263,Active,2025-02-28,2025,2,28,59
EV13247,Hyderabad,Super Fast,Car,151.63,236.97371526304897,Active,2025-01-10,2025,1,10,10
EV13248,Delhi,Super Fast,Car,66.72,68.94481710220327,Active,2025-12-11,2025,12,11,345
EV13249,Delhi,Fast,Bus,51.18,55.06815009573509,Active,2025-05-04,2025,5,4,124
EV13250,Delhi,Super Fast,Bike,93.39,241.88251656516823,Inactive,2025-12-22,2025,12,22,356
EV13251,Chennai,Fast,Car,86.98,164.7663715740433,Active,2025-12-12,2025,12,12,346
EV13252,Chennai,Fast,Bus,205.1,314.1442746253428,Active,2025-10-09,2025,10,9,282
EV13253,Kochi,Super Fast,Bus,35.04,40.64103941339452,Inactive,2025-08-25,2025,8,25,237
EV13254,Chennai,Super Fast,Bike,44.08,78.44786124779141,Active,2025-11-29,2025,11,29,333
EV13255,Mumbai,DC Fast,Bike,164.6,435.2915893310697,Active,2025-01-17,2025,1,17,17
EV13256,Calicut,DC Fast,Car,125.47,291.82957832917015,Active,2025-11-20,2025,11,20,324
EV13257,Bangalore,Level 2,Car,140.7,361.78617617178907,Active,2025-01-23,2025,1,23,23
EV13258,Bangalore,Level 2,Car,158.68,424.1466169795019,Active,2025-01-09,2025,1,9,9
EV13259,Kochi,Super Fast,Bus,204.2,242.64048461602505,Active,2025-07-26,2025,7,26,207
EV13260,Chennai,Fast,Car,125.74,385.30898430438856,Inactive,2025-02-14,2025,2,14,45
EV13261,Mumbai,Level 2,Bus,119.3,271.8010779552917,Inactive,2025-11-27,2025,11,27,331
EV13262,Hyderabad,Super Fast,Car,94.75,126.91940973137787,Active,2025-01-27,2025,1,27,27
EV13263,Kochi,Level 2,Bike,38.07,182.07496102445097,Active,2025-07-07,2025,7,7,188
EV13264,Mumbai,Fast,Bike,88.69,255.3682117067172,Active,2025-05-20,2025,5,20,140
EV13265,Hyderabad,Super Fast,Bus,160.01,172.10506504268997,Active,2025-01-09,2025,1,9,9
EV13266,Mumbai,Fast,Bike,60.31,181.05329184795121,Active,2025-08-22,2025,8,22,234
EV13267,Hyderabad,Super Fast,Bus,128.73,181.94855899940788,Inactive,2025-04-02,2025,4,2,92
EV13268,Trivandrum,Level 2,Bus,64.32,78.96318985141001,Active,2025-03-18,2025,3,18,77
EV13269,Mumbai,DC Fast,Bike,44.24,60.62845146188066,Active,2025-12-06,2025,12,6,340
EV13270,Bangalore,Level 2,Bus,37.34,42.31809905182608,Active,2025-09-01,2025,9,1,244
EV13271,Delhi,Level 2,Bike,33.55,73.25900529648165,Active,2025-11-29,2025,11,29,333
EV13272,Chennai,DC Fast,Car,84.98,184.97940422509663,Inactive,2025-06-04,2025,6,4,155
EV13273,Hyderabad,DC Fast,Car,118.29,305.05846677586743,Inactive,2025-08-06,2025,8,6,218
EV13274,Trivandrum,Super Fast,Bike,64.36,110.3105250605163,Active,2025-10-12,2025,10,12,285
EV13275,Mumbai,Super Fast,Bike,176.56,446.2442460812662,Active,2025-05-30,2025,5,30,150
EV13276,Bangalore,Fast,Bike,104.41,408.0235669949357,Inactive,2025-11-25,2025,11,25,329
EV13277,Delhi,Fast,Bike,68.5,269.85301414839853,Inactive,2025-03-29,2025,3,29,88
EV13278,Hyderabad,Level 2,Car,105.66,367.62071879041275,Inactive,2025-04-16,2025,4,16,106
EV13279,Mumbai,DC Fast,Bus,168.15,195.83769185540405,Active,2025-10-21,2025,10,21,294
EV13280,Mumbai,Fast,Bus,51.58,37.65334051188315,Active,2025-04-05,2025,4,5,95
EV13281,Hyderabad,Level 2,Car,165.46,454.0797668156191,Active,2025-09-10,2025,9,10,253
EV13282,Kochi,DC Fast,Bus,68.45,81.34087436375455,Active,2025-02-08,2025,2,8,39
EV13283,Kochi,Super Fast,Car,203.42,475.0099262622327,Inactive,2025-09-12,2025,9,12,255
EV13284,Bangalore,Level 2,Bus,147.91,294.5036423677328,Active,2025-02-23,2025,2,23,54
EV13285,Delhi,Super Fast,Bike,71.58,166.67026929028637,Active,2025-08-31,2025,8,31,243
EV13286,Hyderabad,Fast,Bike,100.74,257.85181918968544,Active,2025-04-20,2025,4,20,110
EV13287,Bangalore,Fast,Bike,55.62,260.7823082830852,Inactive,2025-09-11,2025,9,11,254
EV13288,Bangalore,DC Fast,Car,56.16,31.177798132439314,Active,2025-04-22,2025,4,22,112
EV13289,Calicut,Level 2,Car,72.65,190.62072890438654,Active,2025-06-23,2025,6,23,174
EV13290,Mumbai,Super Fast,Bus,250.0,375.13558378060037,Active,2025-07-08,2025,7,8,189
EV13291,Chennai,DC Fast,Bus,193.49,264.83321069633985,Active,2025-08-09,2025,8,9,221
EV13292,Mumbai,Fast,Bus,104.69,137.2304561646004,Active,2025-09-06,2025,9,6,249
EV13293,Kochi,Fast,Car,78.79,180.8527328177331,Active,2025-02-21,2025,2,21,52
EV13294,Delhi,Level 2,Bus,188.36,434.2661086956556,Inactive,2025-06-11,2025,6,11,162
EV13295,Mumbai,Super Fast,Bike,119.5,272.2638416721102,Active,2025-02-04,2025,2,4,35
EV13296,Hyderabad,Level 2,Bus,151.87,273.60901882459325,Active,2025-02-06,2025,2,6,37
EV13297,Bangalore,Super Fast,Bike,144.52,481.50438034448484,Inactive,2025-11-30,2025,11,30,334
EV13298,Hyderabad,Super Fast,Car,96.17,174.0230715375888,Inactive,2025-11-13,2025,11,13,317
EV13299,Calicut,Level 2,Bike,56.65,250.1797400509896,Active,2025-04-21,2025,4,21,111
EV13300,Delhi,DC Fast,Bike,135.72,409.6225269060003,Active,2025-06-26,2025,6,26,177
EV13301,Bangalore,Level 2,Bike,79.55,384.2778794657743,Active,2025-01-09,2025,1,9,9
EV13302,Hyderabad,Level 2,Car,68.37,147.58372252576282,Active,2025-10-02,2025,10,2,275
EV13303,Kochi,Fast,Car,48.63,92.5237028505852,Inactive,2025-05-01,2025,5,1,121
EV13304,Chennai,Fast,Car,127.38,356.33819656993677,Inactive,2025-04-15,2025,4,15,105
EV13305,Calicut,Level 2,Car,59.85,143.6749648674535,Active,2025-06-05,2025,6,5,156
EV13306,Delhi,Level 2,Bus,226.3,462.88439769163574,Active,2025-12-02,2025,12,2,336
EV13307,Calicut,Fast,Car,47.4,82.03889311482853,Active,2025-01-26,2025,1,26,26
EV13308,Kochi,Super Fast,Bike,77.7,172.79129606469274,Active,2025-10-23,2025,10,23,296
EV13309,Delhi,Level 2,Car,41.97,46.29787852395861,Active,2025-01-25,2025,1,25,25
EV13310,Calicut,DC Fast,Bus,246.24,357.5865472944215,Active,2025-12-21,2025,12,21,355
EV13311,Trivandrum,DC Fast,Bus,250.0,447.80607147939116,Active,2025-03-10,2025,3,10,69
EV13312,Kochi,DC Fast,Bus,217.19,325.2197731188834,Active,2025-11-23,2025,11,23,327
EV13313,Kochi,Level 2,Bike,84.83,470.1214474455121,Active,2025-05-31,2025,5,31,151
EV13314,Kochi,Super Fast,Car,54.84,81.68190968058063,Active,2025-12-11,2025,12,11,345
EV13315,Trivandrum,Super Fast,Car,49.28,62.112285086095476,Active,2025-03-06,2025,3,6,65
EV13316,Trivandrum,Fast,Car,147.69,422.438110960338,Inactive,2025-05-30,2025,5,30,150
EV13317,Hyderabad,Level 2,Bike,103.93,430.6453641855237,Active,2025-11-16,2025,11,16,320
EV13318,Bangalore,Super Fast,Bike,154.78,418.8989730114215,Active,2025-09-02,2025,9,2,245
EV13319,Chennai,Level 2,Bus,196.18,403.5031532161979,Active,2025-02-27,2025,2,27,58
EV13320,Calicut,Fast,Bus,126.92,193.8696146905569,Active,2025-06-05,2025,6,5,156
EV13321,Hyderabad,Fast,Car,64.24,124.38180012386611,Active,2025-04-22,2025,4,22,112
EV13322,Calicut,Fast,Bike,110.68,465.82592959893924,Active,2025-05-03,2025,5,3,123
EV13323,Chennai,DC Fast,Bike,66.08,167.3600877672003,Active,2025-12-19,2025,12,19,353
EV13324,Bangalore,Level 2,Car,68.7,211.23568743873545,Active,2025-12-28,2025,12,28,362
EV13325,Trivandrum,Fast,Car,154.84,355.78830053678394,Active,2025-07-22,2025,7,22,203
EV13326,Bangalore,Level 2,Bus,81.28,160.81091839711405,Active,2025-01-04,2025,1,4,4
EV13327,Trivandrum,DC Fast,Bus,244.97,413.1825063492806,Inactive,2025-05-09,2025,5,9,129
EV13328,Chennai,DC Fast,Bus,53.03,53.616619343255,Active,2025-01-26,2025,1,26,26
EV13329,Bangalore,Fast,Car,172.63,399.76768034668856,Active,2025-10-16,2025,10,16,289
EV13330,Hyderabad,Fast,Car,131.09,308.888634856546,Active,2025-01-27,2025,1,27,27
EV13331,Delhi,Super Fast,Bus,250.0,295.0369491745246,Active,2025-02-11,2025,2,11,42
EV13332,Hyderabad,Level 2,Bus,128.23,240.02097878655712,Active,2025-03-12,2025,3,12,71
EV13333,Calicut,Fast,Bike,46.88,152.98188621604277,Active,2025-03-05,2025,3,5,64
EV13334,Hyderabad,Super Fast,Bike,97.19,242.7537370069936,Inactive,2025-01-25,2025,1,25,25
EV13335,Chennai,Level 2,Bus,120.64,236.0136857689699,Active,2025-03-13,2025,3,13,72
EV13336,Kochi,Fast,Bus,177.49,300.2020106158736,Active,2025-12-27,2025,12,27,361
EV13337,Calicut,Super Fast,Bike,63.81,155.1556572106545,Active,2025-09-25,2025,9,25,268
EV13338,Bangalore,Super Fast,Bus,61.68,57.245879348551526,Active,2025-11-10,2025,11,10,314
EV13339,Calicut,Level 2,Bike,25.46,89.64293438678637,Active,2025-04-05,2025,4,5,95
EV13340,Delhi,Super Fast,Bike,113.2,355.60516710155497,Inactive,2025-12-23,2025,12,23,357
EV13341,Trivandrum,Level 2,Bike,30.16,30.796318225059434,Active,2025-12-30,2025,12,30,364
EV13342,Bangalore,Level 2,Car,106.58,431.0926614298064,Inactive,2025-11-11,2025,11,11,315
EV13343,Mumbai,Level 2,Car,117.44,353.3107171903584,Active,2025-04-27,2025,4,27,117
EV13344,Calicut,DC Fast,Bus,201.24,388.6815398277038,Inactive,2025-06-13,2025,6,13,164
EV13345,Bangalore,Super Fast,Bike,116.62,421.2725355648679,Inactive,2025-12-31,2025,12,31,365
EV13346,Bangalore,Level 2,Car,27.22,78.90101308648696,Inactive,2025-10-05,2025,10,5,278
EV13347,Bangalore,Fast,Bus,221.59,414.7765236656318,Inactive,2025-03-06,2025,3,6,65
EV13348,Trivandrum,DC Fast,Bus,189.96,262.22837007634706,Active,2025-11-02,2025,11,2,306
EV13349,Mumbai,DC Fast,Bus,250.0,445.0514426015346,Active,2025-09-17,2025,9,17,260
EV13350,Chennai,Super Fast,Bus,250.0,445.56156850896485,Active,2025-08-16,2025,8,16,228
EV13351,Hyderabad,Level 2,Bus,34.61,31.6054610020017,Active,2025-07-19,2025,7,19,200
EV13352,Bangalore,Super Fast,Bike,83.0,203.77530343209867,Inactive,2025-08-08,2025,8,8,220
EV13353,Kochi,DC Fast,Bus,177.55,272.67142201533125,Active,2025-06-29,2025,6,29,180
EV13354,Chennai,Level 2,Bike,71.38,345.6128430957929,Active,2025-12-24,2025,12,24,358
EV13355,Delhi,Fast,Car,78.57,157.36939840838428,Active,2025-08-16,2025,8,16,228
EV13356,Trivandrum,Level 2,Bus,69.77,141.02828511903311,Inactive,2025-09-09,2025,9,9,252
EV13357,Calicut,DC Fast,Car,107.94,203.0075451627427,Inactive,2025-10-26,2025,10,26,299
EV13358,Trivandrum,Fast,Bike,82.12,260.45057203994935,Active,2025-12-27,2025,12,27,361
EV13359,Calicut,Level 2,Bike,89.18,476.5501910745984,Active,2025-01-04,2025,1,4,4
EV13360,Trivandrum,Fast,Car,152.08,385.81206401477,Active,2025-05-21,2025,5,21,141
EV13361,Calicut,Fast,Bus,122.05,226.07416013009853,Active,2025-06-15,2025,6,15,166
EV13362,Bangalore,DC Fast,Bus,59.75,46.095765651288204,Active,2025-09-11,2025,9,11,254
EV13363,Hyderabad,Fast,Car,52.48,100.8898842290045,Active,2025-06-02,2025,6,2,153
EV13364,Calicut,Super Fast,Car,128.35,238.84372367332017,Active,2025-03-08,2025,3,8,67
EV13365,Mumbai,DC Fast,Car,236.77,410.63643204737804,Active,2025-02-24,2025,2,24,55
EV13366,Calicut,Super Fast,Bus,147.84,202.7338571251251,Active,2025-04-06,2025,4,6,96
EV13367,Kochi,Fast,Bus,139.12,278.47839235762865,Inactive,2025-06-16,2025,6,16,167
EV13368,Calicut,Super Fast,Bus,250.0,448.066345320849,Inactive,2025-11-17,2025,11,17,321
EV13369,Kochi,Level 2,Car,153.48,458.62220452478186,Active,2025-11-27,2025,11,27,331
EV13370,Delhi,Fast,Bus,72.18,123.5719982924909,Inactive,2025-12-08,2025,12,8,342
EV13371,Bangalore,Level 2,Bike,32.57,40.925562460445306,Active,2025-03-03,2025,3,3,62
EV13372,Kochi,Super Fast,Car,87.17,166.59705486632717,Active,2025-06-23,2025,6,23,174
EV13373,Hyderabad,Level 2,Bus,185.75,353.98511111637447,Active,2025-09-10,2025,9,10,253
EV13374,Chennai,Fast,Car,171.46,476.5338564686079,Inactive,2025-04-22,2025,4,22,112
EV13375,Bangalore,Level 2,Bike,25.6,56.97535999237468,Active,2025-08-03,2025,8,3,215
EV13376,Kochi,Super Fast,Bike,33.04,33.67222906365033,Active,2025-08-27,2025,8,27,239
EV13377,Bangalore,Super Fast,Car,250.0,444.3906622331465,Active,2025-08-15,2025,8,15,227
EV13378,Mumbai,Super Fast,Car,196.58,379.1097291695078,Inactive,2025-08-18,2025,8,18,230
EV13379,Bangalore,Fast,Bike,110.27,496.27931799467615,Inactive,2025-08-21,2025,8,21,233
EV13380,Bangalore,Super Fast,Car,134.72,210.46058310351353,Active,2025-06-12,2025,6,12,163
EV13381,Delhi,Fast,Bike,63.33,219.70443446564929,Inactive,2025-05-06,2025,5,6,126
EV13382,Hyderabad,Level 2,Bike,38.25,102.7096819027758,Active,2025-09-10,2025,9,10,253
EV13383,Trivandrum,Super Fast,Bus,70.16,75.60663324672247,Inactive,2025-11-29,2025,11,29,333
EV13384,Trivandrum,Level 2,Car,77.49,297.7846450833142,Inactive,2025-07-18,2025,7,18,199
EV13385,Kochi,DC Fast,Car,96.65,194.85680062151962,Active,2025-07-16,2025,7,16,197
EV13386,Bangalore,Level 2,Bus,37.54,58.551895013717626,Inactive,2025-05-02,2025,5,2,122
EV13387,Kochi,DC Fast,Bike,136.1,445.7537933711935,Active,2025-09-21,2025,9,21,264
EV13388,Delhi,Level 2,Car,35.6,115.21110475967987,Inactive,2025-02-23,2025,2,23,54
EV13389,Delhi,Fast,Bus,204.44,379.32048656169576,Inactive,2025-05-15,2025,5,15,135
EV13390,Calicut,Level 2,Bus,84.4,155.46972613669334,Active,2025-12-05,2025,12,5,339
EV13391,Mumbai,Fast,Car,189.8,410.19431876134354,Active,2025-12-25,2025,12,25,359
EV13392,Delhi,Fast,Bus,66.99,76.83048388527395,Active,2025-05-31,2025,5,31,151
EV13393,Calicut,Super Fast,Bike,103.14,382.9143729064455,Inactive,2025-04-10,2025,4,10,100
EV13394,Hyderabad,Fast,Bus,51.5,67.09705947224597,Inactive,2025-08-22,2025,8,22,234
EV13395,Kochi,DC Fast,Bike,75.57,234.5195781713328,Active,2025-02-01,2025,2,1,32
EV13396,Chennai,Super Fast,Bike,136.89,372.3220882878102,Active,2025-03-03,2025,3,3,62
EV13397,Hyderabad,Super Fast,Car,72.06,103.14482296971228,Active,2025-07-15,2025,7,15,196
EV13398,Delhi,Level 2,Bus,89.71,157.11919464642702,Active,2025-01-30,2025,1,30,30
EV13399,Hyderabad,Fast,Bike,117.96,435.08815620425486,Active,2025-08-31,2025,8,31,243
EV13400,Hyderabad,Fast,Bike,113.31,444.85727403567006,Active,2025-04-16,2025,4,16,106
EV13401,Mumbai,DC Fast,Bus,38.86,41.569017177308595,Active,2025-10-22,2025,10,22,295
EV13402,Mumbai,Level 2,Bike,39.35,100.68348096942813,Active,2025-05-13,2025,5,13,133
EV13403,Mumbai,Level 2,Bus,60.32,76.38653133097233,Active,2025-01-22,2025,1,22,22
EV13404,Hyderabad,Super Fast,Car,78.25,106.25268543262544,Inactive,2025-06-05,2025,6,5,156
EV13405,Delhi,Super Fast,Bike,192.99,485.6901076670108,Active,2025-08-02,2025,8,2,214
EV13406,Chennai,Super Fast,Bike,117.66,284.7945194194191,Active,2025-08-14,2025,8,14,226
EV13407,Bangalore,DC Fast,Bus,194.49,244.69394741836487,Active,2025-10-12,2025,10,12,285
EV13408,Hyderabad,DC Fast,Bus,250.0,492.5443390844557,Active,2025-06-20,2025,6,20,171
EV13409,Calicut,Super Fast,Bus,214.32,287.338942333153,Active,2025-02-11,2025,2,11,42
EV13410,Delhi,Level 2,Bus,165.53,337.3366051258518,Active,2025-03-01,2025,3,1,60
EV13411,Hyderabad,DC Fast,Bike,71.35,179.7298621036065,Active,2025-03-18,2025,3,18,77
EV13412,Chennai,Level 2,Car,59.45,203.41513496456892,Inactive,2025-07-21,2025,7,21,202
EV13413,Bangalore,Level 2,Car,109.04,305.3165042283551,Active,2025-08-08,2025,8,8,220
EV13414,Mumbai,Fast,Car,22.11,53.49717632022308,Active,2025-07-06,2025,7,6,187
EV13415,Delhi,Super Fast,Car,104.22,142.82378530149208,Active,2025-04-06,2025,4,6,96
EV13416,Trivandrum,Fast,Bus,74.82,114.46963974094741,Active,2025-12-08,2025,12,8,342
EV13417,Bangalore,Super Fast,Bike,15.86,27.628828707201727,Inactive,2025-07-31,2025,7,31,212
EV13418,Calicut,Super Fast,Bike,87.83,277.7126098498025,Inactive,2025-12-06,2025,12,6,340
EV13419,Hyderabad,Level 2,Bike,77.83,289.30536297146193,Active,2025-09-19,2025,9,19,262
EV13420,Chennai,Super Fast,Bus,181.49,204.2908270578843,Active,2025-11-25,2025,11,25,329
EV13421,Trivandrum,Level 2,Bike,33.97,148.98918534309962,Inactive,2025-03-18,2025,3,18,77
EV13422,Chennai,Level 2,Bus,167.35,332.9887404774199,Active,2025-01-31,2025,1,31,31
EV13423,Trivandrum,Super Fast,Bike,39.98,84.6363974645393,Active,2025-02-08,2025,2,8,39
EV13424,Delhi,Level 2,Car,99.92,268.9352151849604,Active,2025-11-02,2025,11,2,306
EV13425,Trivandrum,Level 2,Bus,191.48,388.67551318909756,Active,2025-11-30,2025,11,30,334
EV13426,Calicut,Level 2,Bike,34.84,98.8630322971867,Inactive,2025-08-02,2025,8,2,214
EV13427,Calicut,DC Fast,Car,171.88,381.564578525993,Active,2025-05-06,2025,5,6,126
EV13428,Kochi,Level 2,Car,118.9,385.18136439363104,Active,2025-06-14,2025,6,14,165
EV13429,Calicut,DC Fast,Car,39.81,48.76479115061835,Active,2025-09-03,2025,9,3,246
EV13430,Bangalore,DC Fast,Bus,38.51,29.01647652184728,Inactive,2025-04-19,2025,4,19,109
EV13431,Trivandrum,Level 2,Bus,212.54,487.4889948743335,Active,2025-03-29,2025,3,29,88
EV13432,Calicut,Level 2,Bike,43.17,112.82367655943597,Inactive,2025-07-19,2025,7,19,200
EV13433,Delhi,DC Fast,Car,216.6,414.62682036804944,Active,2025-09-28,2025,9,28,271
EV13434,Chennai,DC Fast,Bike,81.44,289.6883134617433,Inactive,2025-02-20,2025,2,20,51
EV13435,Mumbai,Level 2,Bike,53.82,146.9466356177585,Active,2025-07-17,2025,7,17,198
EV13436,Chennai,Level 2,Car,42.22,82.38580957703005,Active,2025-01-23,2025,1,23,23
EV13437,Kochi,Super Fast,Bike,103.02,258.4050913173092,Active,2025-06-02,2025,6,2,153
EV13438,Chennai,DC Fast,Bus,136.94,215.53030958213594,Inactive,2025-08-11,2025,8,11,223
EV13439,Trivandrum,DC Fast,Bike,114.85,355.4653208561926,Active,2025-08-09,2025,8,9,221
EV13440,Kochi,Super Fast,Car,244.18,454.00090378290884,Active,2025-05-31,2025,5,31,151
EV13441,Trivandrum,DC Fast,Bus,250.0,406.51908174245045,Active,2025-09-23,2025,9,23,266
EV13442,Delhi,Fast,Bus,116.09,151.7369840983097,Active,2025-03-14,2025,3,14,73
EV13443,Kochi,DC Fast,Bike,117.5,441.8879448571068,Inactive,2025-03-18,2025,3,18,77
EV13444,Hyderabad,Super Fast,Bike,163.78,420.02783077020996,Active,2025-02-01,2025,2,1,32
EV13445,Bangalore,Fast,Bus,232.85,465.98539218644873,Inactive,2025-03-06,2025,3,6,65
EV13446,Bangalore,Level 2,Bike,74.0,240.15719409823407,Active,2025-12-23,2025,12,23,357
EV13447,Trivandrum,Super Fast,Car,166.47,388.91608275651123,Inactive,2025-01-18,2025,1,18,18
EV13448,Chennai,Super Fast,Bike,111.48,303.9958714513618,Active,2025-06-13,2025,6,13,164
EV13449,Mumbai,Level 2,Bike,50.31,169.041321223752,Active,2025-10-14,2025,10,14,287
EV13450,Mumbai,Super Fast,Bus,250.0,497.32688122052645,Active,2025-02-23,2025,2,23,54
EV13451,Hyderabad,DC Fast,Bike,30.75,38.38758408303745,Inactive,2025-03-04,2025,3,4,63
EV13452,Kochi,Level 2,Bike,41.34,97.89083482835585,Active,2025-09-14,2025,9,14,257
EV13453,Hyderabad,Super Fast,Bike,159.32,448.42033401530955,Active,2025-08-27,2025,8,27,239
EV13454,Hyderabad,Level 2,Car,35.04,49.07016483806409,Inactive,2025-01-09,2025,1,9,9
EV13455,Chennai,Level 2,Bike,87.34,445.67392032489045,Inactive,2025-04-30,2025,4,30,120
EV13456,Mumbai,Level 2,Car,94.54,363.3063085079364,Inactive,2025-12-14,2025,12,14,348
EV13457,Kochi,Fast,Car,34.56,37.60832258938031,Active,2025-03-31,2025,3,31,90
EV13458,Delhi,Super Fast,Car,150.38,226.07362057000475,Active,2025-11-08,2025,11,8,312
EV13459,Chennai,Fast,Car,128.22,382.1463080010738,Inactive,2025-06-24,2025,6,24,175
EV13460,Hyderabad,Super Fast,Bus,250.0,299.88813662278386,Active,2025-01-03,2025,1,3,3
EV13461,Hyderabad,DC Fast,Car,231.28,469.2182201429398,Active,2025-05-10,2025,5,10,130
EV13462,Delhi,DC Fast,Bike,144.99,436.4691357977599,Active,2025-02-23,2025,2,23,54
EV13463,Hyderabad,DC Fast,Car,80.4,179.67086496039008,Inactive,2025-10-20,2025,10,20,293
EV13464,Hyderabad,Super Fast,Bike,44.05,60.62105384964337,Active,2025-07-03,2025,7,3,184
EV13465,Hyderabad,Level 2,Car,132.73,473.24337902991266,Inactive,2025-12-19,2025,12,19,353
EV13466,Bangalore,Level 2,Bus,141.33,268.2976485286048,Active,2025-08-12,2025,8,12,224
EV13467,Chennai,Fast,Car,46.91,55.71085969853529,Inactive,2025-01-12,2025,1,12,12
EV13468,Calicut,Fast,Car,162.14,411.95629441245416,Active,2025-07-14,2025,7,14,195
EV13469,Chennai,DC Fast,Bus,250.0,436.88310592898773,Active,2025-09-04,2025,9,4,247
EV13470,Delhi,Fast,Car,141.79,326.92382728475405,Active,2025-06-03,2025,6,3,154
EV13471,Hyderabad,Super Fast,Bike,90.01,234.80430352944316,Inactive,2025-03-19,2025,3,19,78
EV13472,Chennai,Super Fast,Car,208.92,337.8430459153149,Active,2025-05-20,2025,5,20,140
EV13473,Bangalore,Fast,Car,130.01,359.2081739384593,Inactive,2025-03-31,2025,3,31,90
EV13474,Mumbai,Fast,Car,198.82,448.6543798812646,Active,2025-05-24,2025,5,24,144
EV13475,Delhi,Fast,Bus,250.0,478.81360657987426,Active,2025-03-13,2025,3,13,72
EV13476,Trivandrum,Fast,Car,103.51,266.8740475476375,Active,2025-06-26,2025,6,26,177
EV13477,Chennai,DC Fast,Car,206.11,403.27737609275,Active,2025-12-14,2025,12,14,348
EV13478,Trivandrum,DC Fast,Bike,134.21,482.96458687599437,Inactive,2025-09-20,2025,9,20,263
EV13479,Hyderabad,Fast,Car,52.6,92.59680231054368,Active,2025-09-28,2025,9,28,271
EV13480,Bangalore,Super Fast,Car,34.57,28.76863117264481,Inactive,2025-04-15,2025,4,15,105
EV13481,Bangalore,DC Fast,Car,185.3,437.1026109671811,Inactive,2025-03-13,2025,3,13,72
EV13482,Chennai,Super Fast,Car,88.53,113.73119995863718,Active,2025-03-15,2025,3,15,74
EV13483,Delhi,Level 2,Bike,28.16,40.389807983264454,Active,2025-05-23,2025,5,23,143
EV13484,Delhi,Super Fast,Bike,50.0,96.84614607557339,Active,2025-03-03,2025,3,3,62
EV13485,Bangalore,Fast,Bus,103.98,204.37515739700925,Inactive,2025-05-26,2025,5,26,146
EV13486,Delhi,Level 2,Car,58.56,125.24753676443844,Active,2025-02-15,2025,2,15,46
EV13487,Bangalore,DC Fast,Bus,136.94,166.52174196821267,Active,2025-08-17,2025,8,17,229
EV13488,Chennai,DC Fast,Bus,250.0,488.14114468642225,Inactive,2025-04-15,2025,4,15,105
EV13489,Calicut,Level 2,Car,101.25,358.114661198036,Active,2025-04-19,2025,4,19,109
EV13490,Bangalore,Super Fast,Bike,134.37,361.8520295615379,Active,2025-11-13,2025,11,13,317
EV13491,Trivandrum,DC Fast,Bike,32.54,65.44897986940296,Active,2025-05-01,2025,5,1,121
EV13492,Delhi,Fast,Car,169.27,371.407217514892,Active,2025-02-12,2025,2,12,43
EV13493,Bangalore,Level 2,Car,129.34,374.88527981854634,Active,2025-04-09,2025,4,9,99
EV13494,Bangalore,Fast,Bike,98.68,336.6776088351835,Active,2025-07-13,2025,7,13,194
EV13495,Chennai,Level 2,Car,67.48,129.64942207898002,Inactive,2025-11-07,2025,11,7,311
EV13496,Delhi,DC Fast,Car,124.21,223.05736595944876,Active,2025-08-02,2025,8,2,214
EV13497,Calicut,Super Fast,Car,211.45,426.2126982414201,Active,2025-08-17,2025,8,17,229
EV13498,Chennai,Level 2,Bike,90.66,341.69678208350064,Active,2025-07-04,2025,7,4,185
EV13499,Calicut,Level 2,Bus,170.76,371.7290407999531,Active,2025-04-22,2025,4,22,112
EV13500,Mumbai,Fast,Bus,198.39,301.9397120603883,Active,2025-12-13,2025,12,13,347
EV13501,Chennai,DC Fast,Car,136.67,235.80156757365364,Active,2025-09-29,2025,9,29,272
EV13502,Delhi,Fast,Bike,98.05,384.34496483221193,Active,2025-11-09,2025,11,9,313
EV13503,Kochi,DC Fast,Car,65.06,52.604390895826384,Active,2025-04-12,2025,4,12,102
EV13504,Delhi,Fast,Bike,117.13,343.1171517345268,Active,2025-07-29,2025,7,29,210
EV13505,Delhi,Level 2,Car,174.79,498.658163768326,Active,2025-08-15,2025,8,15,227
EV13506,Calicut,Fast,Bike,105.57,394.4921261446552,Active,2025-10-08,2025,10,8,281
EV13507,Calicut,Super Fast,Bike,68.09,159.47048555717853,Active,2025-01-22,2025,1,22,22
EV13508,Delhi,DC Fast,Bus,125.83,153.35335745858268,Active,2025-09-05,2025,9,5,248
EV13509,Delhi,DC Fast,Car,193.91,340.2649330848603,Active,2025-06-08,2025,6,8,159
EV13510,Delhi,Level 2,Bus,234.62,450.0100433640946,Active,2025-08-17,2025,8,17,229
EV13511,Calicut,DC Fast,Bus,192.19,297.4158756069646,Active,2025-12-09,2025,12,9,343
EV13512,Delhi,Super Fast,Bike,93.63,273.153097841628,Inactive,2025-07-06,2025,7,6,187
EV13513,Delhi,Fast,Car,49.17,96.98438424496224,Active,2025-05-23,2025,5,23,143
EV13514,Mumbai,Level 2,Bike,87.16,363.419338572712,Active,2025-12-04,2025,12,4,338
EV13515,Hyderabad,Super Fast,Bike,133.35,357.1033374261876,Active,2025-12-24,2025,12,24,358
EV13516,Kochi,DC Fast,Bike,127.62,484.1366683202469,Inactive,2025-01-24,2025,1,24,24
EV13517,Trivandrum,DC Fast,Car,105.17,164.09224846671893,Active,2025-05-21,2025,5,21,141
EV13518,Kochi,Super Fast,Car,161.66,383.09382865641527,Inactive,2025-08-28,2025,8,28,240
EV13519,Hyderabad,Fast,Bike,68.35,228.35132537486191,Inactive,2025-10-19,2025,10,19,292
EV13520,Trivandrum,Fast,Car,132.9,288.0669399757448,Active,2025-11-01,2025,11,1,305
EV13521,Chennai,Level 2,Bike,76.08,411.8978506882679,Active,2025-03-23,2025,3,23,82
EV13522,Delhi,DC Fast,Car,88.85,126.55762160910828,Active,2025-02-17,2025,2,17,48
EV13523,Hyderabad,Super Fast,Car,107.66,184.57699497315917,Active,2025-12-19,2025,12,19,353
EV13524,Mumbai,Fast,Bus,250.0,391.18816169484654,Active,2025-12-24,2025,12,24,358
EV13525,Chennai,Level 2,Bike,52.77,293.81979933817325,Inactive,2025-06-20,2025,6,20,171
EV13526,Delhi,DC Fast,Bus,54.06,64.3630001144337,Active,2025-09-19,2025,9,19,262
EV13527,Calicut,DC Fast,Bus,164.38,226.48921605368625,Active,2025-03-09,2025,3,9,68
EV13528,Bangalore,Level 2,Bike,55.02,301.5839902270478,Inactive,2025-01-14,2025,1,14,14
EV13529,Hyderabad,Level 2,Bike,95.93,456.56831189362526,Active,2025-01-30,2025,1,30,30
EV13530,Calicut,Fast,Car,49.33,110.47426397054656,Inactive,2025-04-20,2025,4,20,110
EV13531,Hyderabad,Super Fast,Bike,157.52,406.8574248211918,Active,2025-07-31,2025,7,31,212
EV13532,Mumbai,DC Fast,Bus,73.73,82.69975187676386,Active,2025-09-21,2025,9,21,264
EV13533,Hyderabad,Super Fast,Bus,134.08,136.27311683638746,Active,2025-11-18,2025,11,18,322
EV13534,Calicut,DC Fast,Bike,44.35,136.80506407525905,Inactive,2025-07-21,2025,7,21,202
EV13535,Mumbai,DC Fast,Bus,250.0,441.19001403623963,Active,2025-03-25,2025,3,25,84
EV13536,Trivandrum,Super Fast,Car,75.72,115.5284921671938,Inactive,2025-02-22,2025,2,22,53
EV13537,Kochi,Level 2,Bus,193.24,397.74114895299635,Active,2025-12-21,2025,12,21,355
EV13538,Delhi,Fast,Car,99.45,241.66713632941756,Inactive,2025-09-13,2025,9,13,256
EV13539,Hyderabad,DC Fast,Bus,250.0,499.56356854270916,Inactive,2025-03-15,2025,3,15,74
EV13540,Delhi,Level 2,Car,116.21,422.7639193530106,Inactive,2025-08-08,2025,8,8,220
EV13541,Bangalore,DC Fast,Car,202.88,375.0575045349526,Active,2025-05-23,2025,5,23,143
EV13542,Calicut,Fast,Bike,107.48,437.9486271930539,Active,2025-04-10,2025,4,10,100
EV13543,Delhi,DC Fast,Car,168.15,324.3345884504161,Active,2025-05-09,2025,5,9,129
EV13544,Calicut,Fast,Bike,91.23,424.9530831336789,Active,2025-08-07,2025,8,7,219
EV13545,Delhi,Fast,Bus,110.8,145.34088673349882,Active,2025-09-28,2025,9,28,271
EV13546,Kochi,DC Fast,Bus,43.59,66.89754132851597,Inactive,2025-01-22,2025,1,22,22
EV13547,Kochi,DC Fast,Bus,215.64,315.647363401601,Active,2025-06-27,2025,6,27,178
EV13548,Mumbai,Fast,Car,108.58,228.65138847852128,Inactive,2025-02-17,2025,2,17,48
EV13549,Kochi,Level 2,Bus,101.82,224.69158174036733,Active,2025-04-27,2025,4,27,117
EV13550,Mumbai,Super Fast,Bus,250.0,272.8389691664222,Active,2025-11-25,2025,11,25,329
EV13551,Kochi,Fast,Bike,52.46,193.46365355146042,Active,2025-06-28,2025,6,28,179
EV13552,Kochi,DC Fast,Bike,91.61,320.508575092558,Inactive,2025-09-30,2025,9,30,273
EV13553,Kochi,DC Fast,Bus,46.44,34.67281632686236,Active,2025-12-28,2025,12,28,362
EV13554,Calicut,Level 2,Bus,169.21,485.5478441032464,Inactive,2025-12-05,2025,12,5,339
EV13555,Hyderabad,Super Fast,Car,250.0,463.8603161818738,Active,2025-12-26,2025,12,26,360
EV13556,Mumbai,Fast,Car,180.03,468.92967803932817,Inactive,2025-12-13,2025,12,13,347
EV13557,Delhi,Fast,Bus,140.85,195.2016778801848,Active,2025-06-28,2025,6,28,179
EV13558,Kochi,Super Fast,Bike,116.04,275.3076596763679,Active,2025-02-18,2025,2,18,49
EV13559,Calicut,Fast,Bus,250.0,477.98268946763613,Active,2025-11-11,2025,11,11,315
EV13560,Calicut,Super Fast,Car,199.03,453.1261070852416,Inactive,2025-09-12,2025,9,12,255
EV13561,Calicut,DC Fast,Bike,108.39,399.3173484325507,Active,2025-01-30,2025,1,30,30
EV13562,Mumbai,Super Fast,Bike,77.9,215.51916312684438,Inactive,2025-03-26,2025,3,26,85
EV13563,Hyderabad,Fast,Car,126.88,290.88282712744325,Active,2025-10-04,2025,10,4,277
EV13564,Mumbai,Super Fast,Bus,250.0,400.5979876239909,Inactive,2025-02-03,2025,2,3,34
EV13565,Delhi,Level 2,Bus,87.14,151.04575785921523,Active,2025-11-25,2025,11,25,329
EV13566,Hyderabad,DC Fast,Bus,250.0,320.69569674949344,Active,2025-04-08,2025,4,8,98
EV13567,Trivandrum,DC Fast,Car,207.73,417.4084759288913,Active,2025-03-17,2025,3,17,76
EV13568,Chennai,Super Fast,Bike,121.21,359.57830003179265,Inactive,2025-06-24,2025,6,24,175
EV13569,Calicut,Fast,Car,86.66,250.15070297168035,Inactive,2025-12-07,2025,12,7,341
EV13570,Mumbai,Level 2,Bus,169.93,300.612012586476,Active,2025-09-06,2025,9,6,249
EV13571,Trivandrum,DC Fast,Car,196.3,494.56426070998117,Inactive,2025-12-06,2025,12,6,340
EV13572,Bangalore,DC Fast,Bike,100.89,308.95414143066085,Active,2025-05-14,2025,5,14,134
EV13573,Mumbai,Fast,Car,159.65,397.096521928949,Inactive,2025-06-27,2025,6,27,178
EV13574,Kochi,Fast,Bus,225.48,368.77028690127804,Active,2025-12-31,2025,12,31,365
EV13575,Chennai,Level 2,Bike,85.78,356.71549545409437,Active,2025-08-16,2025,8,16,228
EV13576,Kochi,Super Fast,Car,204.94,363.8571464547409,Active,2025-03-04,2025,3,4,63
EV13577,Hyderabad,Fast,Car,121.91,238.11668061510267,Active,2025-09-25,2025,9,25,268
EV13578,Chennai,Super Fast,Bike,96.46,247.59688376870014,Active,2025-09-15,2025,9,15,258
EV13579,Mumbai,Level 2,Bike,50.62,244.5741139331755,Inactive,2025-05-24,2025,5,24,144
EV13580,Delhi,Super Fast,Bus,53.3,35.96221146205188,Active,2025-10-30,2025,10,30,303
EV13581,Trivandrum,DC Fast,Bike,62.54,135.71135855951525,Inactive,2025-02-21,2025,2,21,52
EV13582,Delhi,Super Fast,Bus,86.1,94.19072319194373,Inactive,2025-10-30,2025,10,30,303
EV13583,Mumbai,Level 2,Car,163.03,445.4936054706835,Active,2025-04-09,2025,4,9,99
EV13584,Hyderabad,Level 2,Bus,86.43,151.9852958974155,Active,2025-11-02,2025,11,2,306
EV13585,Kochi,Level 2,Car,45.05,86.45246454345939,Active,2025-02-14,2025,2,14,45
EV13586,Chennai,Super Fast,Bike,35.46,77.48812731722478,Inactive,2025-02-11,2025,2,11,42
EV13587,Delhi,DC Fast,Car,161.94,355.99512058503615,Inactive,2025-11-23,2025,11,23,327
EV13588,Mumbai,Fast,Bike,31.57,22.919989239180456,Inactive,2025-02-26,2025,2,26,57
EV13589,Delhi,DC Fast,Car,126.91,246.22611284312396,Active,2025-02-02,2025,2,2,33
EV13590,Mumbai,Super Fast,Car,43.63,77.0581306871342,Inactive,2025-04-24,2025,4,24,114
EV13591,Kochi,Super Fast,Car,215.61,427.8384212652345,Active,2025-10-27,2025,10,27,300
EV13592,Chennai,Fast,Car,213.26,480.05617109717997,Active,2025-04-24,2025,4,24,114
EV13593,Trivandrum,Super Fast,Bus,250.0,480.20221578315375,Active,2025-02-25,2025,2,25,56
EV13594,Kochi,Level 2,Car,71.56,232.14277229444926,Inactive,2025-02-13,2025,2,13,44
EV13595,Delhi,Level 2,Bus,153.59,329.3671157287023,Inactive,2025-07-31,2025,7,31,212
EV13596,Trivandrum,Level 2,Bike,73.57,307.8579855251574,Active,2025-12-18,2025,12,18,352
EV13597,Mumbai,Level 2,Bike,52.07,188.0186726652574,Inactive,2025-11-25,2025,11,25,329
EV13598,Trivandrum,Level 2,Bus,90.37,233.15095588185497,Inactive,2025-02-03,2025,2,3,34
EV13599,Mumbai,Super Fast,Bike,40.32,50.87537467197713,Active,2025-09-27,2025,9,27,270
EV13600,Kochi,Fast,Bike,96.45,401.93553568231385,Active,2025-07-15,2025,7,15,196
EV13601,Delhi,Fast,Car,59.35,135.58568583421714,Active,2025-05-05,2025,5,5,125
EV13602,Hyderabad,Level 2,Car,90.02,241.0531189454606,Active,2025-03-20,2025,3,20,79
EV13603,Delhi,Super Fast,Car,163.83,250.69795213598908,Active,2025-09-12,2025,9,12,255
EV13604,Mumbai,DC Fast,Bus,230.72,289.1416347926328,Active,2025-05-25,2025,5,25,145
EV13605,Calicut,DC Fast,Bus,211.57,412.58078618628315,Inactive,2025-03-24,2025,3,24,83
EV13606,Chennai,Super Fast,Bike,130.09,352.1029021681999,Active,2025-08-18,2025,8,18,230
EV13607,Bangalore,Level 2,Car,113.64,338.27026358201215,Active,2025-05-17,2025,5,17,137
EV13608,Hyderabad,Fast,Bus,183.5,272.8378379863711,Active,2025-01-27,2025,1,27,27
EV13609,Trivandrum,Super Fast,Bus,74.56,66.05876237436317,Active,2025-06-26,2025,6,26,177
EV13610,Hyderabad,DC Fast,Car,111.74,212.96406639241349,Inactive,2025-07-26,2025,7,26,207
EV13611,Chennai,DC Fast,Bus,250.0,479.51208861946503,Active,2025-11-02,2025,11,2,306
EV13612,Trivandrum,DC Fast,Car,240.12,497.8630761383612,Active,2025-11-07,2025,11,7,311
EV13613,Chennai,Level 2,Bike,71.83,370.63911012844073,Inactive,2025-08-01,2025,8,1,213
EV13614,Trivandrum,DC Fast,Bike,51.2,129.2071822758296,Active,2025-12-20,2025,12,20,354
EV13615,Hyderabad,Super Fast,Bike,21.96,68.90751008163005,Inactive,2025-02-06,2025,2,6,37
EV13616,Trivandrum,Super Fast,Car,136.27,219.08689234217564,Active,2025-10-20,2025,10,20,293
EV13617,Trivandrum,DC Fast,Bus,250.0,431.1545131324811,Active,2025-06-28,2025,6,28,179
EV13618,Calicut,Super Fast,Bike,109.88,366.49483514960025,Inactive,2025-06-09,2025,6,9,160
EV13619,Delhi,DC Fast,Bike,164.41,444.26827401973037,Active,2025-01-12,2025,1,12,12
EV13620,Delhi,DC Fast,Bike,118.63,315.5726310548731,Active,2025-06-18,2025,6,18,169
EV13621,Bangalore,Fast,Bus,67.33,82.55761500305232,Active,2025-11-08,2025,11,8,312
EV13622,Bangalore,Level 2,Bus,57.93,75.10206415911875,Active,2025-03-21,2025,3,21,80
EV13623,Mumbai,Level 2,Car,39.22,43.041105262462054,Inactive,2025-01-14,2025,1,14,14
EV13624,Mumbai,Fast,Bike,65.12,292.1983858752949,Inactive,2025-02-23,2025,2,23,54
EV13625,Mumbai,Fast,Bus,108.17,136.58539357989872,Active,2025-09-11,2025,9,11,254
EV13626,Calicut,Level 2,Car,112.11,372.5041478503762,Active,2025-03-06,2025,3,6,65
EV13627,Bangalore,DC Fast,Bike,110.71,349.3999692116035,Inactive,2025-02-27,2025,2,27,58
EV13628,Chennai,DC Fast,Bus,116.98,172.69315635599213,Inactive,2025-04-06,2025,4,6,96
EV13629,Mumbai,Level 2,Bus,49.04,104.86479990275089,Active,2025-01-21,2025,1,21,21
EV13630,Mumbai,DC Fast,Car,50.94,69.15216790208058,Inactive,2025-09-17,2025,9,17,260
EV13631,Hyderabad,Fast,Bike,89.88,373.91133143028657,Active,2025-03-14,2025,3,14,73
EV13632,Kochi,DC Fast,Bike,89.72,236.21167780444793,Active,2025-09-05,2025,9,5,248
EV13633,Chennai,DC Fast,Bus,109.27,175.29435880550668,Inactive,2025-05-07,2025,5,7,127
EV13634,Mumbai,Super Fast,Bike,160.54,431.1934475870298,Active,2025-02-15,2025,2,15,46
EV13635,Mumbai,Super Fast,Car,190.14,304.93434395330434,Active,2025-09-25,2025,9,25,268
EV13636,Mumbai,Super Fast,Bus,245.84,268.64112147036053,Active,2025-05-08,2025,5,8,128
EV13637,Kochi,DC Fast,Bus,250.0,376.82199918829554,Active,2025-01-30,2025,1,30,30
EV13638,Kochi,Level 2,Car,121.13,411.4799073129384,Active,2025-04-04,2025,4,4,94
EV13639,Calicut,Fast,Bus,156.97,349.3151146029054,Inactive,2025-08-12,2025,8,12,224
EV13640,Chennai,DC Fast,Bike,70.59,231.2030329276893,Active,2025-11-12,2025,11,12,316
EV13641,Calicut,Level 2,Bike,48.22,202.06342048264997,Active,2025-04-10,2025,4,10,100
EV13642,Trivandrum,DC Fast,Bus,250.0,390.3991703708971,Active,2025-03-12,2025,3,12,71
EV13643,Kochi,Fast,Car,110.42,268.5954371073373,Active,2025-03-22,2025,3,22,81
EV13644,Hyderabad,DC Fast,Car,190.44,358.1053176883406,Active,2025-10-27,2025,10,27,300
EV13645,Bangalore,Fast,Bike,115.18,447.39141875866494,Active,2025-04-18,2025,4,18,108
EV13646,Hyderabad,DC Fast,Car,236.99,459.6275046736175,Active,2025-04-12,2025,4,12,102
EV13647,Bangalore,Fast,Bus,101.21,153.30350683547488,Inactive,2025-04-01,2025,4,1,91
EV13648,Kochi,DC Fast,Bus,100.82,110.18717613080676,Active,2025-12-31,2025,12,31,365
EV13649,Kochi,Fast,Bike,46.04,145.41793296168217,Inactive,2025-01-16,2025,1,16,16
EV13650,Kochi,Super Fast,Bike,137.29,380.6584498570413,Active,2025-04-20,2025,4,20,110
EV13651,Calicut,DC Fast,Bike,47.61,197.62785730215688,Inactive,2025-09-20,2025,9,20,263
EV13652,Chennai,DC Fast,Car,63.76,103.22685480383828,Active,2025-06-09,2025,6,9,160
EV13653,Bangalore,Level 2,Bus,37.31,67.22503640334524,Inactive,2025-09-10,2025,9,10,253
EV13654,Chennai,Level 2,Bus,97.94,177.11033063825016,Active,2025-03-30,2025,3,30,89
EV13655,Calicut,Fast,Bus,49.83,85.34549136824543,Inactive,2025-04-05,2025,4,5,95
EV13656,Calicut,DC Fast,Bike,48.25,95.05933401598733,Active,2025-09-29,2025,9,29,272
EV13657,Delhi,Fast,Bus,207.96,348.26430725420965,Inactive,2025-09-04,2025,9,4,247
EV13658,Hyderabad,Super Fast,Car,37.68,29.471405920834535,Inactive,2025-12-27,2025,12,27,361
EV13659,Hyderabad,Level 2,Car,48.95,76.42556558021025,Inactive,2025-07-25,2025,7,25,206
EV13660,Trivandrum,Fast,Bus,244.97,425.2954357822863,Active,2025-12-11,2025,12,11,345
EV13661,Mumbai,Fast,Bike,124.77,425.5587608087615,Active,2025-11-14,2025,11,14,318
EV13662,Calicut,Level 2,Bus,75.01,178.03686980651693,Inactive,2025-10-13,2025,10,13,286
EV13663,Bangalore,DC Fast,Car,49.79,62.217444016989916,Active,2025-09-05,2025,9,5,248
EV13664,Delhi,Fast,Car,179.0,358.38576022745883,Active,2025-03-08,2025,3,8,67
EV13665,Delhi,Level 2,Car,72.27,192.8632101314597,Active,2025-02-15,2025,2,15,46
EV13666,Mumbai,DC Fast,Bus,53.68,41.823021058364404,Active,2025-02-12,2025,2,12,43
EV13667,Chennai,Super Fast,Car,51.25,95.7569510239033,Active,2025-08-17,2025,8,17,229
EV13668,Mumbai,Level 2,Bike,39.36,85.86310974273167,Active,2025-10-28,2025,10,28,301
EV13669,Mumbai,Fast,Bus,211.62,302.77584503727786,Active,2025-08-22,2025,8,22,234
EV13670,Mumbai,Super Fast,Bus,250.0,451.09644012970944,Active,2025-07-18,2025,7,18,199
EV13671,Hyderabad,DC Fast,Car,208.27,400.67457599525954,Active,2025-12-02,2025,12,2,336
EV13672,Calicut,DC Fast,Car,105.6,282.32770160827044,Inactive,2025-02-01,2025,2,1,32
EV13673,Trivandrum,Level 2,Bike,47.05,222.63447916519044,Active,2025-09-21,2025,9,21,264
EV13674,Calicut,Level 2,Bus,130.66,316.9648203530552,Active,2025-04-23,2025,4,23,113
EV13675,Chennai,Level 2,Car,79.24,233.0301156704388,Active,2025-11-14,2025,11,14,318
EV13676,Kochi,DC Fast,Bike,37.51,138.12757883663164,Inactive,2025-10-03,2025,10,3,276
EV13677,Mumbai,Super Fast,Car,209.41,346.01477856909423,Active,2025-05-26,2025,5,26,146
EV13678,Calicut,DC Fast,Bus,250.0,439.1570939558341,Active,2025-12-23,2025,12,23,357
EV13679,Chennai,Fast,Car,92.36,198.97775872681305,Active,2025-01-06,2025,1,6,6
EV13680,Kochi,DC Fast,Bus,250.0,423.9384644918417,Active,2025-12-06,2025,12,6,340
EV13681,Kochi,Fast,Car,89.63,226.9193823120754,Active,2025-04-18,2025,4,18,108
EV13682,Mumbai,Super Fast,Bus,160.07,212.6412526877245,Inactive,2025-09-17,2025,9,17,260
EV13683,Trivandrum,Level 2,Bike,20.64,33.595691622573284,Active,2025-03-12,2025,3,12,71
EV13684,Bangalore,Level 2,Bus,179.49,353.73387265635694,Active,2025-12-06,2025,12,6,340
EV13685,Hyderabad,DC Fast,Bike,123.43,407.601212054635,Active,2025-06-11,2025,6,11,162
EV13686,Calicut,Level 2,Bus,117.16,338.5073213881093,Inactive,2025-04-10,2025,4,10,100
EV13687,Kochi,Super Fast,Bike,55.02,92.65325666813288,Active,2025-11-23,2025,11,23,327
EV13688,Calicut,Level 2,Car,30.99,69.5808644252687,Active,2025-02-02,2025,2,2,33
EV13689,Bangalore,DC Fast,Bus,218.15,294.97220077689894,Active,2025-05-23,2025,5,23,143
EV13690,Hyderabad,Super Fast,Car,133.96,212.7278020086089,Active,2025-09-01,2025,9,1,244
EV13691,Bangalore,Fast,Bike,55.87,225.966936073083,Inactive,2025-08-12,2025,8,12,224
EV13692,Hyderabad,DC Fast,Bus,250.0,484.5441184366437,Active,2025-08-02,2025,8,2,214
EV13693,Delhi,Fast,Bus,243.46,367.4828821726714,Active,2025-04-30,2025,4,30,120
EV13694,Hyderabad,Super Fast,Car,144.28,217.6581148197232,Active,2025-06-17,2025,6,17,168
EV13695,Mumbai,DC Fast,Bus,41.5,29.167654324023147,Active,2025-12-15,2025,12,15,349
EV13696,Trivandrum,DC Fast,Bus,52.4,36.36593496956973,Active,2025-08-05,2025,8,5,217
EV13697,Bangalore,Super Fast,Car,178.25,348.705773910011,Inactive,2025-12-21,2025,12,21,355
EV13698,Kochi,Level 2,Bus,179.37,422.11460456852666,Active,2025-11-18,2025,11,18,322
EV13699,Mumbai,DC Fast,Car,214.66,359.69726218384824,Active,2025-08-05,2025,8,5,217
EV13700,Delhi,DC Fast,Car,126.33,214.82612125026822,Active,2025-02-23,2025,2,23,54
EV13701,Trivandrum,Fast,Car,33.7,34.945154206673394,Inactive,2025-07-27,2025,7,27,208
EV13702,Calicut,Level 2,Car,132.84,484.35278251291027,Active,2025-03-21,2025,3,21,80
EV13703,Mumbai,Fast,Car,170.67,493.4413098358816,Inactive,2025-05-31,2025,5,31,151
EV13704,Bangalore,Fast,Bike,78.06,283.69498469324895,Active,2025-02-24,2025,2,24,55
EV13705,Chennai,Level 2,Bike,36.53,53.92206305365068,Active,2025-01-05,2025,1,5,5
EV13706,Chennai,Level 2,Car,112.97,279.6668028389441,Active,2025-02-04,2025,2,4,35
EV13707,Kochi,Super Fast,Bike,154.12,448.322465705988,Active,2025-12-15,2025,12,15,349
EV13708,Hyderabad,Level 2,Bike,80.75,346.3930448615425,Active,2025-04-29,2025,4,29,119
EV13709,Kochi,DC Fast,Bus,250.0,365.5948308957077,Active,2025-07-16,2025,7,16,197
EV13710,Chennai,Level 2,Car,48.28,60.78552196747965,Active,2025-02-23,2025,2,23,54
EV13711,Calicut,Super Fast,Bike,28.25,71.1255857752647,Active,2025-09-16,2025,9,16,259
EV13712,Delhi,Super Fast,Bus,101.6,81.12741266042492,Active,2025-09-19,2025,9,19,262
EV13713,Delhi,Super Fast,Bus,250.0,454.1008801572765,Active,2025-12-09,2025,12,9,343
EV13714,Bangalore,Level 2,Car,92.74,272.4078254066304,Inactive,2025-11-08,2025,11,8,312
EV13715,Delhi,Level 2,Car,132.2,399.95604626863576,Active,2025-01-02,2025,1,2,2
EV13716,Bangalore,Fast,Bus,63.71,75.33980474412812,Inactive,2025-03-23,2025,3,23,82
EV13717,Mumbai,Fast,Car,200.69,465.2684986441256,Active,2025-12-16,2025,12,16,350
EV13718,Bangalore,DC Fast,Car,223.79,414.1482039186609,Active,2025-01-05,2025,1,5,5
EV13719,Mumbai,Fast,Bus,88.53,127.88678949217093,Inactive,2025-06-23,2025,6,23,174
EV13720,Bangalore,DC Fast,Bus,250.0,439.60747198109766,Active,2025-05-19,2025,5,19,139
EV13721,Chennai,Super Fast,Car,107.71,146.45252451046844,Active,2025-07-12,2025,7,12,193
EV13722,Chennai,Fast,Bike,39.08,118.56314208274712,Active,2025-05-18,2025,5,18,138
EV13723,Hyderabad,Level 2,Car,71.54,146.83708966986194,Active,2025-10-24,2025,10,24,297
EV13724,Mumbai,Fast,Bike,111.71,456.7784303708525,Inactive,2025-04-26,2025,4,26,116
EV13725,Trivandrum,DC Fast,Bus,250.0,459.4841530471374,Inactive,2025-02-13,2025,2,13,44
EV13726,Mumbai,Fast,Bike,55.98,177.91797185022503,Active,2025-12-12,2025,12,12,346
EV13727,Bangalore,Super Fast,Bus,250.0,358.6084088453846,Active,2025-10-16,2025,10,16,289
EV13728,Bangalore,Level 2,Car,119.45,344.35772247880794,Inactive,2025-08-07,2025,8,7,219
EV13729,Trivandrum,DC Fast,Car,197.87,407.1500634225936,Active,2025-02-25,2025,2,25,56
EV13730,Kochi,Level 2,Bus,87.31,162.32456006822292,Active,2025-08-30,2025,8,30,242
EV13731,Bangalore,Level 2,Bus,146.43,264.8665001169929,Active,2025-09-15,2025,9,15,258
EV13732,Hyderabad,DC Fast,Bus,245.62,340.4834964839777,Active,2025-01-01,2025,1,1,1
EV13733,Delhi,Level 2,Car,33.39,32.6032730287549,Inactive,2025-10-16,2025,10,16,289
EV13734,Delhi,Level 2,Car,88.52,200.83459775885822,Active,2025-04-13,2025,4,13,103
EV13735,Calicut,Fast,Bike,93.52,354.0264116857131,Active,2025-10-19,2025,10,19,292
EV13736,Calicut,Level 2,Bus,83.96,141.24564469718405,Active,2025-05-29,2025,5,29,149
EV13737,Delhi,Level 2,Bike,90.73,479.6979713631139,Inactive,2025-03-25,2025,3,25,84
EV13738,Delhi,Level 2,Car,39.25,34.4774583232827,Active,2025-01-26,2025,1,26,26
EV13739,Chennai,Level 2,Bike,87.19,479.88185004196293,Inactive,2025-06-24,2025,6,24,175
EV13740,Hyderabad,DC Fast,Bike,35.24,124.04665664499203,Inactive,2025-08-11,2025,8,11,223
EV13741,Trivandrum,Super Fast,Car,49.86,43.43458012417759,Active,2025-05-09,2025,5,9,129
EV13742,Calicut,Fast,Car,83.74,160.38753594730758,Active,2025-05-22,2025,5,22,142
EV13743,Chennai,Level 2,Bus,187.79,397.41550749930815,Active,2025-12-12,2025,12,12,346
EV13744,Chennai,Level 2,Bike,61.16,381.1721630950655,Inactive,2025-10-29,2025,10,29,302
EV13745,Trivandrum,DC Fast,Car,69.37,120.24339988294018,Inactive,2025-10-25,2025,10,25,298
EV13746,Chennai,Super Fast,Car,83.1,114.45926412406372,Active,2025-05-15,2025,5,15,135
EV13747,Mumbai,Level 2,Bike,83.42,328.43835958617956,Active,2025-02-24,2025,2,24,55
EV13748,Hyderabad,DC Fast,Car,132.34,239.87969104435064,Active,2025-02-25,2025,2,25,56
EV13749,Delhi,Fast,Bus,221.41,400.29917759883307,Inactive,2025-03-17,2025,3,17,76
EV13750,Bangalore,Fast,Bus,40.87,31.583733772425724,Active,2025-11-15,2025,11,15,319
EV13751,Trivandrum,Level 2,Bike,67.96,312.9976931650741,Active,2025-12-05,2025,12,5,339
EV13752,Delhi,Level 2,Bus,174.95,370.72256587514045,Active,2025-12-21,2025,12,21,355
EV13753,Delhi,Super Fast,Car,250.0,496.82533377376114,Active,2025-05-12,2025,5,12,132
EV13754,Kochi,Super Fast,Car,196.73,345.8152132336865,Active,2025-02-11,2025,2,11,42
EV13755,Mumbai,Level 2,Car,57.99,131.28567514398384,Active,2025-12-18,2025,12,18,352
EV13756,Trivandrum,DC Fast,Car,58.98,71.92937354241862,Active,2025-04-20,2025,4,20,110
EV13757,Chennai,Super Fast,Bike,112.72,327.64005182915616,Active,2025-03-11,2025,3,11,70
EV13758,Bangalore,Level 2,Bus,107.56,271.12787240874366,Inactive,2025-10-11,2025,10,11,284
EV13759,Trivandrum,Super Fast,Bus,250.0,451.5897384536079,Active,2025-05-06,2025,5,6,126
EV13760,Chennai,Level 2,Car,125.63,368.771850167012,Active,2025-12-14,2025,12,14,348
EV13761,Delhi,Fast,Bike,98.26,264.6763760204579,Active,2025-10-23,2025,10,23,296
EV13762,Bangalore,Level 2,Car,100.79,213.72294596727085,Active,2025-06-28,2025,6,28,179
EV13763,Chennai,Fast,Car,109.39,214.09985579399373,Active,2025-10-25,2025,10,25,298
EV13764,Hyderabad,Super Fast,Bike,37.61,128.62605735259257,Inactive,2025-07-16,2025,7,16,197
EV13765,Chennai,Level 2,Bike,18.8,28.316466442734587,Active,2025-09-18,2025,9,18,261
EV13766,Kochi,Super Fast,Car,140.71,295.95708233941093,Active,2025-04-11,2025,4,11,101
EV13767,Mumbai,Fast,Bus,96.88,121.95907161114329,Active,2025-03-02,2025,3,2,61
EV13768,Delhi,Level 2,Car,69.22,119.9969205094599,Active,2025-07-02,2025,7,2,183
EV13769,Chennai,Super Fast,Bus,90.17,80.18298976471064,Active,2025-10-24,2025,10,24,297
EV13770,Mumbai,Fast,Bus,60.89,111.00583528481252,Inactive,2025-01-09,2025,1,9,9
EV13771,Calicut,Super Fast,Bike,40.96,35.258791786466084,Active,2025-07-25,2025,7,25,206
EV13772,Calicut,DC Fast,Bike,111.9,343.63109587929534,Active,2025-11-14,2025,11,14,318
EV13773,Mumbai,Fast,Car,102.61,212.67061583009325,Inactive,2025-02-23,2025,2,23,54
EV13774,Mumbai,Fast,Bus,208.24,289.53180741110964,Active,2025-06-29,2025,6,29,180
EV13775,Kochi,Fast,Bus,186.8,325.7396566499838,Active,2025-04-14,2025,4,14,104
EV13776,Hyderabad,Level 2,Car,145.72,486.7925898925564,Active,2025-05-06,2025,5,6,126
EV13777,Delhi,Level 2,Car,45.3,52.767615610640476,Active,2025-02-03,2025,2,3,34
EV13778,Trivandrum,Level 2,Car,87.02,220.60048871909024,Active,2025-06-14,2025,6,14,165
EV13779,Kochi,DC Fast,Bike,32.05,138.0310080927109,Inactive,2025-10-25,2025,10,25,298
EV13780,Hyderabad,DC Fast,Car,104.25,248.8217272912708,Inactive,2025-09-27,2025,9,27,270
EV13781,Mumbai,Fast,Car,165.1,461.82670429466634,Inactive,2025-10-16,2025,10,16,289
EV13782,Trivandrum,DC Fast,Bus,250.0,367.5124473191126,Active,2025-04-28,2025,4,28,118
EV13783,Mumbai,Super Fast,Car,176.1,337.7358015103488,Inactive,2025-12-20,2025,12,20,354
EV13784,Mumbai,Fast,Bus,161.49,231.79802068696515,Active,2025-04-02,2025,4,2,92
EV13785,Calicut,Fast,Bus,187.28,342.1339992197292,Active,2025-04-10,2025,4,10,100
EV13786,Calicut,Super Fast,Bike,20.92,35.54018109171588,Active,2025-03-28,2025,3,28,87
EV13787,Trivandrum,Fast,Car,138.49,301.3945625743493,Active,2025-08-22,2025,8,22,234
EV13788,Kochi,DC Fast,Car,110.22,285.81275004763916,Inactive,2025-05-04,2025,5,4,124
EV13789,Calicut,Level 2,Bus,99.02,186.38740734233255,Active,2025-07-22,2025,7,22,203
EV13790,Delhi,Super Fast,Bike,40.43,116.72678020357203,Inactive,2025-02-01,2025,2,1,32
EV13791,Mumbai,DC Fast,Bike,137.28,407.6266644796645,Active,2025-12-23,2025,12,23,357
EV13792,Bangalore,Super Fast,Car,60.88,45.853814938446305,Active,2025-02-08,2025,2,8,39
EV13793,Chennai,Super Fast,Bus,64.3,53.44297492332213,Active,2025-04-04,2025,4,4,94
EV13794,Trivandrum,Fast,Car,101.13,231.45043711239035,Active,2025-01-10,2025,1,10,10
EV13795,Trivandrum,Fast,Car,56.5,141.2261827561304,Inactive,2025-08-03,2025,8,3,215
EV13796,Calicut,DC Fast,Car,163.79,377.8171584833698,Active,2025-04-10,2025,4,10,100
EV13797,Kochi,Super Fast,Car,150.8,324.41123692217167,Inactive,2025-09-01,2025,9,1,244
EV13798,Mumbai,Fast,Bus,250.0,390.8167021407831,Active,2025-02-27,2025,2,27,58
EV13799,Delhi,Fast,Bike,64.48,175.8458990421445,Active,2025-12-23,2025,12,23,357
EV13800,Kochi,Super Fast,Car,203.5,375.44909101657635,Active,2025-11-16,2025,11,16,320
EV13801,Hyderabad,DC Fast,Car,185.18,433.90555329267147,Inactive,2025-01-19,2025,1,19,19
EV13802,Hyderabad,DC Fast,Car,94.57,185.73175732091443,Active,2025-12-23,2025,12,23,357
EV13803,Bangalore,Super Fast,Car,123.54,183.14999415768003,Active,2025-04-27,2025,4,27,117
EV13804,Calicut,DC Fast,Bike,131.68,451.9766738750846,Active,2025-05-16,2025,5,16,136
EV13805,Calicut,Fast,Bike,30.9,43.89932153010038,Active,2025-11-23,2025,11,23,327
EV13806,Calicut,Super Fast,Bike,68.09,188.09091475080527,Active,2025-10-23,2025,10,23,296
EV13807,Bangalore,Fast,Bike,31.9,76.96279619446597,Active,2025-01-13,2025,1,13,13
EV13808,Hyderabad,Level 2,Car,19.39,33.91068331998859,Active,2025-04-11,2025,4,11,101
EV13809,Kochi,Level 2,Bus,60.97,74.17732047047463,Active,2025-06-04,2025,6,4,155
EV13810,Bangalore,DC Fast,Bike,83.62,226.99797976653292,Active,2025-03-23,2025,3,23,82
EV13811,Bangalore,Level 2,Bike,78.3,349.7389132293396,Active,2025-03-29,2025,3,29,88
EV13812,Kochi,Fast,Car,71.43,158.85556373214223,Active,2025-04-15,2025,4,15,105
EV13813,Calicut,Level 2,Car,119.04,427.8441475525399,Active,2025-05-10,2025,5,10,130
EV13814,Delhi,Fast,Car,108.31,230.055501794408,Active,2025-09-29,2025,9,29,272
EV13815,Kochi,DC Fast,Car,233.28,484.74946446163693,Active,2025-01-14,2025,1,14,14
EV13816,Hyderabad,DC Fast,Bus,250.0,477.994721332976,Active,2025-05-08,2025,5,8,128
EV13817,Trivandrum,Fast,Bus,242.26,391.1725868800712,Active,2025-03-01,2025,3,1,60
EV13818,Mumbai,Level 2,Bike,114.57,467.5546381503767,Active,2025-08-15,2025,8,15,227
EV13819,Trivandrum,DC Fast,Bus,250.0,359.4061165573336,Active,2025-01-17,2025,1,17,17
EV13820,Chennai,Super Fast,Bike,163.07,449.879931195767,Active,2025-02-14,2025,2,14,45
EV13821,Chennai,DC Fast,Bike,45.64,133.5073843358271,Inactive,2025-02-07,2025,2,7,38
EV13822,Bangalore,Level 2,Bus,105.44,185.80169608486335,Active,2025-05-04,2025,5,4,124
EV13823,Mumbai,Super Fast,Bike,157.51,381.40643168233356,Active,2025-12-26,2025,12,26,360
EV13824,Trivandrum,Level 2,Car,81.41,223.7893943391474,Active,2025-03-05,2025,3,5,64
EV13825,Delhi,Fast,Bike,114.74,421.9171682357686,Active,2025-09-10,2025,9,10,253
EV13826,Calicut,Super Fast,Car,226.9,441.26665836213203,Active,2025-09-19,2025,9,19,262
EV13827,Hyderabad,Level 2,Bus,81.14,163.87015266604394,Inactive,2025-04-22,2025,4,22,112
EV13828,Chennai,Super Fast,Bus,250.0,415.2563879309953,Active,2025-04-12,2025,4,12,102
EV13829,Delhi,Level 2,Bike,18.93,94.04685011127202,Inactive,2025-02-18,2025,2,18,49
EV13830,Hyderabad,Super Fast,Car,104.52,180.41442153768753,Active,2025-10-04,2025,10,4,277
EV13831,Hyderabad,Level 2,Bike,62.97,268.6231765382667,Inactive,2025-08-15,2025,8,15,227
EV13832,Calicut,Fast,Bus,68.37,128.69300580986823,Inactive,2025-01-23,2025,1,23,23
EV13833,Mumbai,Super Fast,Bike,141.2,298.04855819609566,Active,2025-11-28,2025,11,28,332
EV13834,Bangalore,Super Fast,Bike,128.78,297.77363778447034,Active,2025-07-04,2025,7,4,185
EV13835,Trivandrum,Super Fast,Car,71.24,119.31338952843475,Active,2025-03-05,2025,3,5,64
EV13836,Calicut,Super Fast,Bus,250.0,401.9078455450192,Inactive,2025-06-06,2025,6,6,157
EV13837,Delhi,Fast,Bike,110.85,323.1893549175185,Active,2025-10-10,2025,10,10,283
EV13838,Bangalore,Super Fast,Car,111.12,172.52504327597805,Active,2025-05-29,2025,5,29,149
EV13839,Delhi,DC Fast,Bike,57.4,131.44869606574014,Active,2025-11-23,2025,11,23,327
EV13840,Bangalore,Fast,Car,188.8,441.80006664055685,Active,2025-12-29,2025,12,29,363
EV13841,Mumbai,DC Fast,Car,178.0,421.1562777078333,Inactive,2025-06-18,2025,6,18,169
EV13842,Chennai,Super Fast,Bike,73.98,130.28512393065262,Active,2025-05-13,2025,5,13,133
EV13843,Delhi,Level 2,Bus,16.08,37.09050872792421,Active,2025-11-10,2025,11,10,314
EV13844,Calicut,DC Fast,Bus,250.0,406.17564595669944,Active,2025-05-12,2025,5,12,132
EV13845,Bangalore,Super Fast,Car,189.74,315.4441065272207,Active,2025-07-16,2025,7,16,197
EV13846,Bangalore,DC Fast,Bus,59.88,68.42337346566066,Inactive,2025-05-15,2025,5,15,135
EV13847,Hyderabad,Super Fast,Car,140.28,301.9319389850697,Inactive,2025-02-04,2025,2,4,35
EV13848,Hyderabad,Super Fast,Bus,222.49,237.04768897361325,Active,2025-08-08,2025,8,8,220
EV13849,Kochi,Super Fast,Bike,120.5,391.78415718737193,Active,2025-07-04,2025,7,4,185
EV13850,Delhi,Level 2,Bus,49.03,120.3607242361904,Inactive,2025-01-05,2025,1,5,5
EV13851,Hyderabad,DC Fast,Car,130.2,237.51523726641273,Active,2025-03-12,2025,3,12,71
EV13852,Kochi,Fast,Car,42.95,94.99717484092004,Active,2025-12-08,2025,12,8,342
EV13853,Chennai,Fast,Bus,250.0,479.6130693492064,Active,2025-08-29,2025,8,29,241
EV13854,Chennai,Fast,Bike,103.39,393.79431532407875,Active,2025-12-17,2025,12,17,351
EV13855,Hyderabad,Fast,Car,170.31,373.62676472067034,Active,2025-10-24,2025,10,24,297
EV13856,Delhi,Super Fast,Car,170.94,351.2991992099849,Inactive,2025-11-27,2025,11,27,331
EV13857,Bangalore,DC Fast,Car,136.55,223.2014923838632,Active,2025-07-12,2025,7,12,193
EV13858,Trivandrum,DC Fast,Car,229.3,463.17555953750946,Active,2025-06-17,2025,6,17,168
EV13859,Mumbai,Level 2,Car,30.97,55.000165724962585,Active,2025-12-05,2025,12,5,339
EV13860,Delhi,DC Fast,Bike,119.02,405.5643544058969,Inactive,2025-08-24,2025,8,24,236
EV13861,Mumbai,DC Fast,Bus,112.84,123.31171141075168,Active,2025-10-21,2025,10,21,294
EV13862,Calicut,DC Fast,Bike,68.31,175.53341870424705,Active,2025-10-25,2025,10,25,298
EV13863,Chennai,Level 2,Bike,70.61,269.326269904308,Active,2025-09-05,2025,9,5,248
EV13864,Hyderabad,Fast,Car,144.74,395.6744053066782,Inactive,2025-06-14,2025,6,14,165
EV13865,Hyderabad,DC Fast,Bike,137.63,422.4967556737936,Active,2025-11-08,2025,11,8,312
EV13866,Mumbai,Level 2,Car,120.22,300.19148007685993,Active,2025-03-12,2025,3,12,71
EV13867,Bangalore,Level 2,Bike,67.02,213.4570346886489,Active,2025-08-19,2025,8,19,231
EV13868,Mumbai,Super Fast,Car,250.0,474.32116227354084,Active,2025-02-24,2025,2,24,55
EV13869,Calicut,Level 2,Car,52.45,138.3302220028968,Inactive,2025-07-01,2025,7,1,182
EV13870,Bangalore,Fast,Bike,122.87,405.485396422705,Active,2025-01-22,2025,1,22,22
EV13871,Calicut,DC Fast,Bike,107.98,313.7838182951135,Active,2025-10-10,2025,10,10,283
EV13872,Trivandrum,Level 2,Bus,114.52,200.90960810490262,Active,2025-04-15,2025,4,15,105
EV13873,Chennai,Fast,Bus,39.95,20.656632494497664,Active,2025-06-24,2025,6,24,175
EV13874,Hyderabad,Level 2,Bus,118.2,234.36766464734086,Active,2025-10-21,2025,10,21,294
EV13875,Hyderabad,Level 2,Bike,30.68,152.82559882030364,Inactive,2025-02-08,2025,2,8,39
EV13876,Trivandrum,Level 2,Bike,36.06,70.0863743962691,Active,2025-03-01,2025,3,1,60
EV13877,Kochi,Level 2,Car,39.13,56.07611136228073,Active,2025-10-27,2025,10,27,300
EV13878,Chennai,Level 2,Bus,80.38,186.82799710956894,Inactive,2025-10-26,2025,10,26,299
EV13879,Bangalore,Fast,Car,132.84,315.0835465955113,Active,2025-07-31,2025,7,31,212
EV13880,Trivandrum,DC Fast,Car,219.35,422.0092713750914,Active,2025-06-04,2025,6,4,155
EV13881,Bangalore,DC Fast,Car,74.26,108.11035757471691,Active,2025-06-22,2025,6,22,173
EV13882,Mumbai,DC Fast,Car,99.08,223.82910622834382,Inactive,2025-01-23,2025,1,23,23
EV13883,Delhi,DC Fast,Bus,169.78,208.13894726823304,Active,2025-08-28,2025,8,28,240
EV13884,Hyderabad,Fast,Car,111.83,266.42912442008753,Active,2025-07-28,2025,7,28,209
EV13885,Bangalore,Super Fast,Bike,160.0,408.60188998858536,Active,2025-05-02,2025,5,2,122
EV13886,Calicut,Super Fast,Bike,114.61,285.74970463963274,Active,2025-09-10,2025,9,10,253
EV13887,Bangalore,Fast,Bike,118.8,426.3943584811012,Active,2025-05-21,2025,5,21,141
EV13888,Delhi,Fast,Bus,181.61,268.9048429131093,Active,2025-12-06,2025,12,6,340
EV13889,Chennai,Level 2,Car,105.63,309.8467352870103,Active,2025-12-28,2025,12,28,362
EV13890,Hyderabad,Level 2,Bus,117.8,229.9439563966351,Active,2025-11-16,2025,11,16,320
EV13891,Mumbai,Level 2,Car,116.65,415.08587854190415,Inactive,2025-06-02,2025,6,2,153
EV13892,Trivandrum,DC Fast,Bus,250.0,463.4370590550333,Active,2025-08-02,2025,8,2,214
EV13893,Mumbai,Level 2,Bus,173.39,326.7894742991099,Active,2025-11-04,2025,11,4,308
EV13894,Delhi,Super Fast,Car,250.0,413.97557560299384,Active,2025-02-17,2025,2,17,48
EV13895,Hyderabad,DC Fast,Bus,51.68,48.32160031956814,Active,2025-11-13,2025,11,13,317
EV13896,Bangalore,Level 2,Car,143.57,454.93364069439565,Active,2025-01-17,2025,1,17,17
EV13897,Chennai,DC Fast,Bike,57.63,110.6840320827798,Active,2025-10-23,2025,10,23,296
EV13898,Kochi,Super Fast,Bike,73.46,143.12980511638781,Active,2025-11-27,2025,11,27,331
EV13899,Chennai,Level 2,Bike,12.86,45.59843273923819,Active,2025-12-11,2025,12,11,345
EV13900,Kochi,Super Fast,Bus,250.0,483.3920561475483,Active,2025-03-10,2025,3,10,69
EV13901,Calicut,Super Fast,Bike,146.71,428.96520775442065,Active,2025-03-26,2025,3,26,85
EV13902,Chennai,Super Fast,Car,250.0,458.3286099637202,Active,2025-10-09,2025,10,9,282
EV13903,Hyderabad,Level 2,Bike,103.56,426.6637605248072,Active,2025-07-27,2025,7,27,208
EV13904,Kochi,Fast,Bike,93.62,250.17466530621866,Active,2025-02-09,2025,2,9,40
EV13905,Trivandrum,Level 2,Bus,176.52,463.55932836356646,Inactive,2025-04-06,2025,4,6,96
EV13906,Hyderabad,Super Fast,Car,237.22,485.34695380505036,Inactive,2025-09-07,2025,9,7,250
EV13907,Trivandrum,Level 2,Bus,128.1,261.2321488589108,Active,2025-05-16,2025,5,16,136
EV13908,Chennai,Super Fast,Bus,96.37,104.29989503784233,Active,2025-03-14,2025,3,14,73
EV13909,Trivandrum,Fast,Car,149.2,336.1388043022853,Active,2025-10-28,2025,10,28,301
EV13910,Kochi,DC Fast,Bus,250.0,488.2103791297139,Active,2025-09-30,2025,9,30,273
EV13911,Hyderabad,Fast,Car,157.83,438.63049273226,Inactive,2025-06-18,2025,6,18,169
EV13912,Bangalore,Fast,Bike,108.72,433.67128455003564,Active,2025-11-29,2025,11,29,333
EV13913,Delhi,DC Fast,Car,234.56,468.2326480674954,Active,2025-07-17,2025,7,17,198
EV13914,Kochi,Level 2,Car,120.45,449.0970850652226,Inactive,2025-12-13,2025,12,13,347
EV13915,Kochi,DC Fast,Car,181.97,392.61519872878057,Active,2025-04-16,2025,4,16,106
EV13916,Bangalore,Level 2,Bus,183.71,364.7709594376771,Active,2025-04-11,2025,4,11,101
EV13917,Hyderabad,Level 2,Car,66.33,147.08824339748207,Active,2025-12-25,2025,12,25,359
EV13918,Hyderabad,Super Fast,Car,190.62,318.24321028565566,Active,2025-08-23,2025,8,23,235
EV13919,Mumbai,Super Fast,Car,174.25,270.31453841882694,Active,2025-10-07,2025,10,7,280
EV13920,Chennai,DC Fast,Bike,113.39,433.73316395887576,Inactive,2025-11-25,2025,11,25,329
EV13921,Trivandrum,Fast,Car,118.82,256.02203527523454,Active,2025-04-16,2025,4,16,106
EV13922,Chennai,DC Fast,Bus,79.17,81.31652650049077,Active,2025-02-04,2025,2,4,35
EV13923,Bangalore,Level 2,Car,18.87,22.386792954727603,Inactive,2025-06-06,2025,6,6,157
EV13924,Chennai,Super Fast,Car,202.66,345.37909782495933,Active,2025-09-30,2025,9,30,273
EV13925,Bangalore,DC Fast,Bike,91.66,283.95602582103754,Active,2025-08-28,2025,8,28,240
EV13926,Hyderabad,DC Fast,Car,106.75,178.8621940920552,Active,2025-07-26,2025,7,26,207
EV13927,Trivandrum,Super Fast,Bus,94.3,101.10663201818737,Active,2025-09-02,2025,9,2,245
EV13928,Chennai,Super Fast,Car,154.9,244.023354753873,Active,2025-04-03,2025,4,3,93
EV13929,Kochi,Super Fast,Bus,58.14,68.13750678987472,Inactive,2025-04-19,2025,4,19,109
EV13930,Calicut,Level 2,Bike,56.28,181.3320748261487,Active,2025-11-02,2025,11,2,306
EV13931,Mumbai,Super Fast,Car,147.47,202.0217149931045,Active,2025-04-24,2025,4,24,114
EV13932,Delhi,Fast,Bike,82.36,243.49697352222182,Active,2025-01-24,2025,1,24,24
EV13933,Kochi,DC Fast,Car,99.04,243.97796064264648,Inactive,2025-10-20,2025,10,20,293
EV13934,Hyderabad,Super Fast,Bus,128.41,143.36270886765305,Active,2025-09-09,2025,9,9,252
EV13935,Delhi,Super Fast,Bike,143.49,428.10127116895404,Inactive,2025-09-24,2025,9,24,267
EV13936,Calicut,Level 2,Car,67.02,190.66088300323787,Active,2025-12-21,2025,12,21,355
EV13937,Calicut,Level 2,Bus,59.35,130.20190826840783,Inactive,2025-07-28,2025,7,28,209
EV13938,Trivandrum,DC Fast,Bike,38.99,104.38874403708331,Inactive,2025-02-24,2025,2,24,55
EV13939,Delhi,Fast,Car,65.24,174.83762936160107,Inactive,2025-01-27,2025,1,27,27
EV13940,Trivandrum,DC Fast,Bike,42.47,52.4253838292165,Active,2025-11-19,2025,11,19,323
EV13941,Kochi,Super Fast,Car,36.86,35.7956110308664,Active,2025-01-02,2025,1,2,2
EV13942,Bangalore,Fast,Bus,187.66,310.4682544653765,Active,2025-03-09,2025,3,9,68
EV13943,Bangalore,Fast,Bus,205.4,317.1906253036112,Active,2025-05-28,2025,5,28,148
EV13944,Bangalore,Fast,Bike,60.76,274.202337266379,Inactive,2025-11-15,2025,11,15,319
EV13945,Delhi,Fast,Bike,117.92,385.8968937112277,Active,2025-11-24,2025,11,24,328
EV13946,Bangalore,DC Fast,Car,41.87,38.792261252997434,Active,2025-05-10,2025,5,10,130
EV13947,Kochi,Level 2,Bus,216.84,469.2670919405445,Active,2025-03-24,2025,3,24,83
EV13948,Trivandrum,Level 2,Car,26.28,65.63125916338905,Active,2025-02-11,2025,2,11,42
EV13949,Delhi,Super Fast,Bus,250.0,343.5310373089249,Active,2025-06-05,2025,6,5,156
EV13950,Trivandrum,Level 2,Bike,38.05,84.03036269158846,Active,2025-06-06,2025,6,6,157
EV13951,Delhi,Level 2,Car,115.89,442.35460798774034,Inactive,2025-04-17,2025,4,17,107
EV13952,Trivandrum,Level 2,Car,107.7,265.14237773361504,Active,2025-10-11,2025,10,11,284
EV13953,Calicut,Level 2,Bus,41.26,59.50089968862849,Active,2025-07-07,2025,7,7,188
EV13954,Trivandrum,Super Fast,Bus,250.0,316.0275740960353,Active,2025-04-15,2025,4,15,105
EV13955,Bangalore,DC Fast,Bus,42.07,24.372773063456794,Inactive,2025-04-22,2025,4,22,112
EV13956,Calicut,Fast,Bike,89.59,392.4906456513174,Active,2025-05-13,2025,5,13,133
EV13957,Trivandrum,Level 2,Car,120.83,332.28079359013924,Active,2025-09-28,2025,9,28,271
EV13958,Delhi,DC Fast,Bus,106.9,122.0598796944835,Active,2025-04-20,2025,4,20,110
EV13959,Delhi,Level 2,Bike,53.41,199.88043976452497,Active,2025-03-14,2025,3,14,73
EV13960,Mumbai,Level 2,Bus,20.62,23.747213354667327,Active,2025-12-12,2025,12,12,346
EV13961,Delhi,Fast,Car,125.31,352.9682311861784,Inactive,2025-10-20,2025,10,20,293
EV13962,Hyderabad,Fast,Bus,122.28,174.88070600466523,Active,2025-05-23,2025,5,23,143
EV13963,Kochi,Fast,Car,109.91,294.3626793424252,Active,2025-09-17,2025,9,17,260
EV13964,Delhi,Level 2,Bike,112.31,479.2292613989422,Active,2025-09-02,2025,9,2,245
EV13965,Calicut,Level 2,Bike,40.3,163.74402221484078,Active,2025-12-06,2025,12,6,340
EV13966,Mumbai,Level 2,Bus,246.96,495.3141843619128,Active,2025-06-04,2025,6,4,155
EV13967,Delhi,Fast,Car,128.9,323.7096252836319,Inactive,2025-05-29,2025,5,29,149
EV13968,Hyderabad,Super Fast,Car,91.78,136.20255981704238,Active,2025-03-01,2025,3,1,60
EV13969,Bangalore,DC Fast,Car,137.87,229.6533838502037,Active,2025-03-27,2025,3,27,86
EV13970,Calicut,Super Fast,Bus,250.0,375.41749874412307,Active,2025-07-11,2025,7,11,192
EV13971,Hyderabad,Level 2,Car,80.53,234.309395687879,Inactive,2025-11-23,2025,11,23,327
EV13972,Bangalore,Level 2,Car,35.74,52.88363232394515,Active,2025-07-01,2025,7,1,182
EV13973,Chennai,Super Fast,Car,68.15,100.92975746362032,Active,2025-10-14,2025,10,14,287
EV13974,Chennai,Level 2,Car,140.94,399.82291797629387,Active,2025-09-30,2025,9,30,273
EV13975,Calicut,DC Fast,Bus,183.28,331.2190763446695,Inactive,2025-09-12,2025,9,12,255
EV13976,Trivandrum,Level 2,Bus,143.18,293.51622911942417,Active,2025-01-07,2025,1,7,7
EV13977,Kochi,DC Fast,Car,60.17,100.45854596259262,Active,2025-05-06,2025,5,6,126
EV13978,Mumbai,Super Fast,Car,209.61,422.1235737681629,Inactive,2025-03-24,2025,3,24,83
EV13979,Kochi,Super Fast,Bike,152.83,481.15525260140004,Active,2025-01-28,2025,1,28,28
EV13980,Hyderabad,Level 2,Bike,37.79,39.625806795521385,Active,2025-09-23,2025,9,23,266
EV13981,Bangalore,DC Fast,Car,53.64,57.45529791385054,Active,2025-10-10,2025,10,10,283
EV13982,Kochi,Level 2,Car,141.27,444.66776159099106,Active,2025-09-08,2025,9,8,251
EV13983,Bangalore,Fast,Bike,113.36,411.46508193542155,Active,2025-07-07,2025,7,7,188
EV13984,Bangalore,Fast,Bike,95.84,316.60853864542094,Inactive,2025-10-26,2025,10,26,299
EV13985,Hyderabad,Fast,Car,160.31,473.5833003133462,Inactive,2025-03-10,2025,3,10,69
EV13986,Hyderabad,Fast,Bus,169.57,330.28667743616154,Inactive,2025-11-15,2025,11,15,319
EV13987,Hyderabad,Level 2,Bus,88.07,123.6729323501616,Active,2025-11-22,2025,11,22,326
EV13988,Kochi,Fast,Car,148.99,369.74831538411206,Active,2025-04-09,2025,4,9,99
EV13989,Chennai,DC Fast,Car,183.57,329.9409654779059,Active,2025-07-12,2025,7,12,193
EV13990,Hyderabad,Super Fast,Bike,182.52,493.1574569648141,Active,2025-08-15,2025,8,15,227
EV13991,Mumbai,Super Fast,Bike,58.44,122.66995345990004,Active,2025-07-01,2025,7,1,182
EV13992,Kochi,Fast,Bus,179.6,306.9847694540475,Active,2025-11-23,2025,11,23,327
EV13993,Hyderabad,Fast,Car,166.14,394.4804106680588,Active,2025-04-03,2025,4,3,93
EV13994,Delhi,Fast,Bike,69.67,182.711882882322,Active,2025-05-23,2025,5,23,143
EV13995,Bangalore,Level 2,Bus,101.14,202.2461998871541,Inactive,2025-07-22,2025,7,22,203
EV13996,Mumbai,Super Fast,Bus,250.0,446.19288239759396,Active,2025-05-12,2025,5,12,132
EV13997,Hyderabad,Fast,Bus,145.86,214.01354221226305,Active,2025-09-24,2025,9,24,267
EV13998,Calicut,DC Fast,Bike,88.26,319.8717689098949,Active,2025-05-14,2025,5,14,134
EV13999,Bangalore,Fast,Bike,133.84,446.83430601287625,Active,2025-06-28,2025,6,28,179
EV14000,Bangalore,Super Fast,Car,92.97,120.71675988346945,Active,2025-07-05,2025,7,5,186
EV14001,Hyderabad,Fast,Car,211.38,491.3011022492508,Active,2025-01-18,2025,1,18,18
EV14002,Chennai,Super Fast,Bus,250.0,356.9376963057564,Active,2025-11-19,2025,11,19,323
EV14003,Trivandrum,Fast,Bus,162.65,258.1384131878935,Active,2025-04-07,2025,4,7,97
EV14004,Chennai,DC Fast,Bike,62.11,226.8418708884789,Inactive,2025-02-03,2025,2,3,34
EV14005,Hyderabad,Fast,Bike,118.65,478.09501546472217,Active,2025-10-27,2025,10,27,300
EV14006,Bangalore,DC Fast,Car,73.46,118.74791721423986,Active,2025-12-17,2025,12,17,351
EV14007,Mumbai,DC Fast,Car,97.18,169.60796328606142,Active,2025-07-06,2025,7,6,187
EV14008,Calicut,Fast,Car,71.71,167.74052266300387,Active,2025-12-13,2025,12,13,347
EV14009,Mumbai,DC Fast,Bike,53.85,158.72304067254245,Inactive,2025-04-21,2025,4,21,111
EV14010,Mumbai,Level 2,Bus,133.16,244.8982617035308,Active,2025-09-04,2025,9,4,247
EV14011,Bangalore,Fast,Car,212.81,494.8060319685599,Active,2025-03-12,2025,3,12,71
EV14012,Chennai,Fast,Car,164.4,446.61764802378434,Active,2025-11-05,2025,11,5,309
EV14013,Calicut,DC Fast,Bike,56.76,177.41579279431335,Inactive,2025-11-23,2025,11,23,327
EV14014,Kochi,DC Fast,Car,114.7,222.97765555046607,Active,2025-07-31,2025,7,31,212
EV14015,Delhi,Fast,Bus,192.56,341.35075826524707,Inactive,2025-11-05,2025,11,5,309
EV14016,Bangalore,Level 2,Bike,23.27,28.23280673437477,Active,2025-04-18,2025,4,18,108
EV14017,Hyderabad,DC Fast,Car,181.57,413.67375616911096,Inactive,2025-06-26,2025,6,26,177
EV14018,Kochi,DC Fast,Car,167.39,442.30306750972136,Inactive,2025-08-16,2025,8,16,228
EV14019,Delhi,Super Fast,Bike,168.6,431.4561604757763,Active,2025-01-19,2025,1,19,19
EV14020,Hyderabad,Level 2,Bike,47.32,200.02610570505735,Active,2025-11-18,2025,11,18,322
EV14021,Mumbai,Level 2,Car,103.97,241.7597635348199,Active,2025-09-05,2025,9,5,248
EV14022,Trivandrum,Fast,Bus,44.7,25.946394513802797,Active,2025-07-28,2025,7,28,209
EV14023,Hyderabad,Level 2,Bike,71.75,211.7097670609044,Active,2025-08-04,2025,8,4,216
EV14024,Calicut,Fast,Bus,135.86,241.0048747359687,Active,2025-07-20,2025,7,20,201
EV14025,Calicut,Super Fast,Car,236.2,455.3476606728698,Active,2025-09-14,2025,9,14,257
EV14026,Trivandrum,Level 2,Bus,194.16,449.11408340347873,Active,2025-04-16,2025,4,16,106
EV14027,Kochi,DC Fast,Car,208.07,483.72659076219657,Active,2025-11-07,2025,11,7,311
EV14028,Delhi,Super Fast,Car,250.0,444.85039284344975,Active,2025-09-28,2025,9,28,271
EV14029,Hyderabad,Fast,Car,28.31,23.936340525269895,Active,2025-09-28,2025,9,28,271
EV14030,Calicut,Super Fast,Car,131.83,327.9012091194655,Inactive,2025-05-01,2025,5,1,121
EV14031,Kochi,Fast,Bus,43.59,52.75408788945958,Inactive,2025-09-02,2025,9,2,245
EV14032,Trivandrum,Super Fast,Car,89.56,150.845257462393,Inactive,2025-03-07,2025,3,7,66
EV14033,Chennai,Fast,Car,132.99,297.58766214587854,Active,2025-08-16,2025,8,16,228
EV14034,Bangalore,Level 2,Bus,186.95,356.29463283561864,Active,2025-05-17,2025,5,17,137
EV14035,Chennai,DC Fast,Bike,105.68,334.2233724402057,Active,2025-07-13,2025,7,13,194
EV14036,Chennai,Fast,Bus,53.35,43.54801635614875,Active,2025-07-13,2025,7,13,194
EV14037,Calicut,Super Fast,Bus,65.62,69.72985739338498,Active,2025-05-26,2025,5,26,146
EV14038,Mumbai,Fast,Bus,80.47,81.72167020701123,Active,2025-05-25,2025,5,25,145
EV14039,Mumbai,Fast,Car,30.94,63.87890084945173,Inactive,2025-03-13,2025,3,13,72
EV14040,Trivandrum,Fast,Car,60.64,105.55252316927468,Active,2025-12-20,2025,12,20,354
EV14041,Hyderabad,Super Fast,Car,210.73,350.4741398295485,Active,2025-07-11,2025,7,11,192
EV14042,Mumbai,DC Fast,Bike,123.44,418.80188055639337,Inactive,2025-02-13,2025,2,13,44
EV14043,Chennai,Level 2,Car,78.49,216.23066723523695,Active,2025-06-06,2025,6,6,157
EV14044,Mumbai,DC Fast,Bike,128.28,352.53512308560494,Active,2025-01-16,2025,1,16,16
EV14045,Chennai,Fast,Car,62.26,116.00780540759672,Active,2025-03-19,2025,3,19,78
EV14046,Delhi,Super Fast,Bus,250.0,487.17447278403586,Inactive,2025-02-21,2025,2,21,52
EV14047,Calicut,DC Fast,Car,106.32,187.99881097165678,Active,2025-01-02,2025,1,2,2
EV14048,Calicut,Fast,Bike,105.61,426.01611497832084,Active,2025-08-20,2025,8,20,232
EV14049,Hyderabad,Level 2,Bike,89.97,473.7758588621058,Active,2025-03-02,2025,3,2,61
EV14050,Mumbai,Level 2,Car,149.38,435.06270218014504,Active,2025-05-12,2025,5,12,132
EV14051,Mumbai,Level 2,Bus,55.86,52.19247273933868,Active,2025-02-21,2025,2,21,52
EV14052,Bangalore,Fast,Car,142.93,332.1474355074829,Active,2025-10-24,2025,10,24,297
EV14053,Kochi,Super Fast,Car,62.37,77.64353915434457,Active,2025-06-29,2025,6,29,180
EV14054,Delhi,DC Fast,Car,25.42,22.718240252382422,Active,2025-01-31,2025,1,31,31
EV14055,Calicut,Level 2,Bus,25.27,44.85605309267237,Active,2025-06-04,2025,6,4,155
EV14056,Delhi,Fast,Bike,134.87,459.7516142945875,Active,2025-05-01,2025,5,1,121
EV14057,Calicut,Fast,Bus,244.83,456.062486844989,Active,2025-02-20,2025,2,20,51
EV14058,Delhi,DC Fast,Bike,69.92,128.39570612673623,Active,2025-04-05,2025,4,5,95
EV14059,Trivandrum,Level 2,Bike,75.74,282.5893831033406,Active,2025-06-25,2025,6,25,176
EV14060,Chennai,Fast,Bike,138.63,478.41356588764455,Active,2025-01-11,2025,1,11,11
EV14061,Calicut,DC Fast,Bus,183.19,258.41894225444605,Active,2025-01-12,2025,1,12,12
EV14062,Delhi,Super Fast,Car,119.7,208.9173536699638,Inactive,2025-12-21,2025,12,21,355
EV14063,Mumbai,Super Fast,Car,125.62,251.9593731414198,Inactive,2025-02-14,2025,2,14,45
EV14064,Kochi,Super Fast,Car,213.79,399.3035655449332,Active,2025-10-17,2025,10,17,290
EV14065,Trivandrum,Level 2,Car,80.29,249.09326361595294,Inactive,2025-07-24,2025,7,24,205
EV14066,Trivandrum,DC Fast,Car,192.3,395.9732870155374,Active,2025-08-07,2025,8,7,219
EV14067,Kochi,DC Fast,Bus,134.28,227.2147739076478,Inactive,2025-11-24,2025,11,24,328
EV14068,Delhi,Fast,Bus,110.9,140.96272218146376,Active,2025-09-13,2025,9,13,256
EV14069,Mumbai,Fast,Bus,137.92,176.7069103129379,Active,2025-09-05,2025,9,5,248
EV14070,Hyderabad,Fast,Bus,45.74,57.35526302583965,Active,2025-01-21,2025,1,21,21
EV14071,Kochi,DC Fast,Bus,188.37,258.74294931645267,Active,2025-02-10,2025,2,10,41
EV14072,Delhi,Fast,Bus,79.52,91.09324394673104,Active,2025-10-05,2025,10,5,278
EV14073,Kochi,DC Fast,Bus,250.0,409.5425630406718,Active,2025-10-04,2025,10,4,277
EV14074,Kochi,DC Fast,Car,109.94,221.8834755953092,Active,2025-07-14,2025,7,14,195
EV14075,Calicut,Super Fast,Bike,107.71,387.2011155160271,Inactive,2025-03-12,2025,3,12,71
EV14076,Delhi,Fast,Bus,250.0,478.1410052185441,Active,2025-09-27,2025,9,27,270
EV14077,Hyderabad,Super Fast,Bike,155.02,427.74941586235326,Active,2025-12-01,2025,12,1,335
EV14078,Chennai,Level 2,Bus,185.52,476.70256627799347,Inactive,2025-03-14,2025,3,14,73
EV14079,Calicut,Level 2,Bus,138.8,292.60953289795054,Active,2025-11-04,2025,11,4,308
EV14080,Kochi,Level 2,Car,55.7,99.3557283106601,Inactive,2025-07-18,2025,7,18,199
EV14081,Chennai,DC Fast,Bike,149.45,468.9900580081763,Active,2025-03-17,2025,3,17,76
EV14082,Bangalore,DC Fast,Car,208.55,436.88210748645,Active,2025-10-02,2025,10,2,275
EV14083,Chennai,DC Fast,Car,224.67,434.9182357121257,Active,2025-10-10,2025,10,10,283
EV14084,Kochi,Fast,Bike,95.77,352.77172515618486,Active,2025-05-26,2025,5,26,146
EV14085,Kochi,Super Fast,Car,170.02,319.9598058493181,Active,2025-01-13,2025,1,13,13
EV14086,Mumbai,DC Fast,Bus,45.81,27.067468093439118,Active,2025-12-29,2025,12,29,363
EV14087,Delhi,Super Fast,Bus,250.0,379.0659531622958,Active,2025-05-09,2025,5,9,129
EV14088,Delhi,Super Fast,Bus,75.71,63.93685639174676,Active,2025-08-18,2025,8,18,230
EV14089,Calicut,Super Fast,Bus,108.05,144.6804493292364,Active,2025-03-26,2025,3,26,85
EV14090,Hyderabad,Fast,Bus,195.98,284.7153417686417,Active,2025-06-11,2025,6,11,162
EV14091,Calicut,Fast,Car,83.18,236.83164074049998,Inactive,2025-12-31,2025,12,31,365
EV14092,Trivandrum,Level 2,Car,33.3,27.571707090294062,Active,2025-02-20,2025,2,20,51
EV14093,Kochi,Level 2,Bus,151.38,415.51282805682195,Inactive,2025-08-03,2025,8,3,215
EV14094,Chennai,Super Fast,Bus,250.0,441.82445988124465,Active,2025-01-01,2025,1,1,1
EV14095,Bangalore,Level 2,Car,107.01,347.2990128784481,Inactive,2025-05-03,2025,5,3,123
EV14096,Kochi,Super Fast,Bike,108.69,279.71257215527476,Active,2025-10-15,2025,10,15,288
EV14097,Kochi,Fast,Car,189.58,481.1541626717463,Active,2025-07-19,2025,7,19,200
EV14098,Calicut,Fast,Car,39.71,77.57897971913212,Active,2025-07-02,2025,7,2,183
EV14099,Bangalore,Fast,Car,168.23,374.1968257591948,Active,2025-08-04,2025,8,4,216
EV14100,Bangalore,DC Fast,Car,64.7,81.61309418969496,Active,2025-08-28,2025,8,28,240
EV14101,Bangalore,Super Fast,Car,125.53,203.28550348323955,Active,2025-12-15,2025,12,15,349
EV14102,Calicut,Fast,Bike,71.2,301.0325644020698,Active,2025-03-09,2025,3,9,68
EV14103,Kochi,Super Fast,Bus,250.0,373.8020914420891,Active,2025-11-15,2025,11,15,319
EV14104,Calicut,Level 2,Bus,41.68,21.783728130552316,Active,2025-03-23,2025,3,23,82
EV14105,Delhi,Level 2,Bike,46.59,145.08698545845255,Active,2025-05-22,2025,5,22,142
EV14106,Delhi,Fast,Bus,192.86,278.3361878767138,Active,2025-02-10,2025,2,10,41
EV14107,Calicut,Super Fast,Bus,177.06,275.7793659975233,Inactive,2025-08-27,2025,8,27,239
EV14108,Bangalore,Fast,Bus,194.28,326.0606887742067,Active,2025-01-03,2025,1,3,3
EV14109,Mumbai,Level 2,Bike,52.48,165.8497188167468,Active,2025-04-04,2025,4,4,94
EV14110,Kochi,Fast,Bike,90.41,279.4540405226891,Active,2025-02-28,2025,2,28,59
EV14111,Calicut,Super Fast,Bus,88.18,111.09765316859666,Active,2025-08-16,2025,8,16,228
EV14112,Calicut,Level 2,Bus,50.91,109.69866291365862,Active,2025-01-18,2025,1,18,18
EV14113,Calicut,DC Fast,Bus,191.76,296.75070244285126,Active,2025-08-27,2025,8,27,239
EV14114,Mumbai,Level 2,Car,102.7,349.0268408217637,Inactive,2025-12-26,2025,12,26,360
EV14115,Mumbai,DC Fast,Car,63.89,77.79198400701821,Active,2025-03-15,2025,3,15,74
EV14116,Trivandrum,Fast,Car,59.58,78.9391529140272,Active,2025-11-28,2025,11,28,332
EV14117,Delhi,Fast,Bike,100.74,291.3452919010162,Active,2025-06-18,2025,6,18,169
EV14118,Chennai,Super Fast,Bus,144.02,149.64596109614988,Active,2025-09-21,2025,9,21,264
EV14119,Bangalore,DC Fast,Bike,66.08,208.35156907573491,Active,2025-06-09,2025,6,9,160
EV14120,Hyderabad,Fast,Bike,56.29,212.3592548708374,Active,2025-12-03,2025,12,3,337
EV14121,Mumbai,DC Fast,Bike,57.31,105.70537245675986,Active,2025-06-18,2025,6,18,169
EV14122,Chennai,Fast,Bus,19.0,20.631024046700688,Active,2025-07-25,2025,7,25,206
EV14123,Mumbai,Level 2,Car,157.48,429.5128687851235,Active,2025-12-23,2025,12,23,357
EV14124,Bangalore,Fast,Bus,193.07,363.2009450708904,Inactive,2025-01-09,2025,1,9,9
EV14125,Hyderabad,Super Fast,Bus,250.0,351.4585078954714,Active,2025-12-12,2025,12,12,346
EV14126,Trivandrum,Level 2,Bike,46.32,282.32246629439345,Active,2025-10-31,2025,10,31,304
EV14127,Calicut,Super Fast,Bike,121.18,356.4654341974978,Active,2025-04-25,2025,4,25,115
EV14128,Trivandrum,Level 2,Bike,101.68,469.1304212228604,Active,2025-06-01,2025,6,1,152
EV14129,Mumbai,DC Fast,Car,150.17,339.52339339005977,Inactive,2025-03-28,2025,3,28,87
EV14130,Trivandrum,Super Fast,Car,71.87,147.243872925176,Inactive,2025-04-05,2025,4,5,95
EV14131,Chennai,Fast,Car,133.43,293.868824835631,Active,2025-08-19,2025,8,19,231
EV14132,Kochi,DC Fast,Bus,154.74,232.31571361578088,Active,2025-07-05,2025,7,5,186
EV14133,Mumbai,Fast,Bike,96.07,287.08118293383177,Active,2025-04-24,2025,4,24,114
EV14134,Mumbai,Level 2,Bus,128.23,268.453029158156,Inactive,2025-10-01,2025,10,1,274
EV14135,Chennai,Level 2,Car,126.85,432.2121369096632,Active,2025-01-29,2025,1,29,29
EV14136,Delhi,Fast,Bike,80.08,332.8640496229122,Inactive,2025-07-22,2025,7,22,203
EV14137,Hyderabad,Fast,Car,62.19,110.6040694083699,Active,2025-01-02,2025,1,2,2
EV14138,Calicut,DC Fast,Bike,31.87,50.248053860178,Active,2025-03-19,2025,3,19,78
EV14139,Chennai,Fast,Bike,53.56,223.69461856704652,Inactive,2025-11-20,2025,11,20,324
EV14140,Hyderabad,Super Fast,Bus,27.09,27.493098683710038,Inactive,2025-08-19,2025,8,19,231
EV14141,Bangalore,Super Fast,Bus,158.55,172.78274520000113,Active,2025-04-08,2025,4,8,98
EV14142,Hyderabad,Fast,Car,85.72,196.6503053308283,Inactive,2025-04-27,2025,4,27,117
EV14143,Bangalore,Super Fast,Bus,156.46,200.2826595247635,Inactive,2025-04-20,2025,4,20,110
EV14144,Chennai,Fast,Bus,246.97,490.0880116754685,Inactive,2025-06-16,2025,6,16,167
EV14145,Mumbai,DC Fast,Bus,128.66,165.87242094678476,Inactive,2025-10-24,2025,10,24,297
EV14146,Mumbai,Super Fast,Bike,62.73,147.3091977817382,Active,2025-12-03,2025,12,3,337
EV14147,Delhi,Super Fast,Bus,86.37,82.10284691241979,Active,2025-03-28,2025,3,28,87
EV14148,Chennai,Fast,Car,98.74,265.2842411276541,Inactive,2025-01-22,2025,1,22,22
EV14149,Bangalore,Super Fast,Bike,27.81,93.76366698253791,Active,2025-07-29,2025,7,29,210
EV14150,Hyderabad,Level 2,Bike,76.51,315.82146211077657,Active,2025-11-01,2025,11,1,305
EV14151,Hyderabad,DC Fast,Bus,85.24,94.47669389040777,Active,2025-09-29,2025,9,29,272
EV14152,Bangalore,DC Fast,Bike,77.92,296.80319252441654,Inactive,2025-11-20,2025,11,20,324
EV14153,Trivandrum,Super Fast,Car,241.32,416.6092348038206,Active,2025-10-05,2025,10,5,278
EV14154,Delhi,Super Fast,Car,49.24,40.41182408916447,Active,2025-05-19,2025,5,19,139
EV14155,Kochi,Level 2,Bike,58.08,221.47854796073884,Active,2025-12-07,2025,12,7,341
EV14156,Mumbai,Level 2,Bus,118.45,241.30350426504103,Active,2025-08-20,2025,8,20,232
EV14157,Calicut,Super Fast,Bus,250.0,399.71462886949394,Active,2025-08-21,2025,8,21,233
EV14158,Hyderabad,Super Fast,Bike,101.54,244.5995033338612,Active,2025-03-21,2025,3,21,80
EV14159,Calicut,Level 2,Car,88.63,292.4171774990337,Active,2025-02-24,2025,2,24,55
EV14160,Kochi,Fast,Bike,85.32,399.7780417222741,Inactive,2025-10-18,2025,10,18,291
EV14161,Chennai,Level 2,Bus,133.95,288.68407660605953,Active,2025-02-03,2025,2,3,34
EV14162,Calicut,Fast,Bus,98.14,191.98371848939954,Inactive,2025-11-25,2025,11,25,329
EV14163,Kochi,DC Fast,Bike,47.46,61.20429325787949,Active,2025-11-29,2025,11,29,333
EV14164,Mumbai,DC Fast,Car,169.43,370.35950216603726,Inactive,2025-09-09,2025,9,9,252
EV14165,Bangalore,Level 2,Bike,105.06,438.14631207783447,Active,2025-05-05,2025,5,5,125
EV14166,Trivandrum,Fast,Car,205.49,485.63097776967874,Active,2025-01-11,2025,1,11,11
EV14167,Mumbai,Level 2,Car,161.1,464.76794277035276,Active,2025-11-13,2025,11,13,317
EV14168,Hyderabad,Level 2,Bike,88.29,402.7605962399594,Active,2025-05-02,2025,5,2,122
EV14169,Kochi,Fast,Bike,100.83,328.86652747794955,Active,2025-02-04,2025,2,4,35
EV14170,Calicut,Level 2,Car,124.39,395.1008699987064,Active,2025-03-10,2025,3,10,69
EV14171,Hyderabad,DC Fast,Car,111.73,227.40018216899261,Inactive,2025-11-09,2025,11,9,313
EV14172,Trivandrum,Super Fast,Car,178.51,305.4925830996008,Active,2025-05-19,2025,5,19,139
EV14173,Bangalore,Super Fast,Car,99.13,187.3759083868089,Inactive,2025-01-12,2025,1,12,12
EV14174,Chennai,Level 2,Bus,93.03,176.8204231905837,Active,2025-05-05,2025,5,5,125
EV14175,Hyderabad,Fast,Bike,101.84,383.2120511724962,Inactive,2025-10-26,2025,10,26,299
EV14176,Chennai,Fast,Car,109.92,237.88773550570963,Active,2025-05-27,2025,5,27,147
EV14177,Kochi,DC Fast,Bike,60.68,121.83740620689403,Active,2025-03-18,2025,3,18,77
EV14178,Trivandrum,Fast,Car,74.21,116.93031773209562,Active,2025-03-09,2025,3,9,68
EV14179,Calicut,Fast,Bike,96.38,432.4027335535681,Inactive,2025-07-25,2025,7,25,206
EV14180,Trivandrum,DC Fast,Bike,117.8,345.32503729408216,Active,2025-08-24,2025,8,24,236
EV14181,Trivandrum,Level 2,Car,111.33,282.1021152118956,Active,2025-02-28,2025,2,28,59
EV14182,Delhi,Super Fast,Car,132.95,212.45059327825254,Active,2025-09-15,2025,9,15,258
EV14183,Trivandrum,DC Fast,Bike,76.71,226.79234757782038,Active,2025-09-11,2025,9,11,254
EV14184,Trivandrum,Level 2,Bike,17.79,47.56889321357303,Active,2025-08-31,2025,8,31,243
EV14185,Mumbai,DC Fast,Bike,78.9,238.35686953656452,Active,2025-10-04,2025,10,4,277
EV14186,Hyderabad,Level 2,Bus,158.88,401.8183570985993,Inactive,2025-08-08,2025,8,8,220
EV14187,Calicut,DC Fast,Car,104.44,206.23351044575472,Active,2025-08-13,2025,8,13,225
EV14188,Mumbai,Level 2,Bus,99.91,204.1190012207638,Inactive,2025-04-11,2025,4,11,101
EV14189,Mumbai,DC Fast,Bus,34.9,27.543959849258144,Active,2025-12-08,2025,12,8,342
EV14190,Hyderabad,Level 2,Car,85.93,239.76092602787293,Active,2025-05-02,2025,5,2,122
EV14191,Hyderabad,DC Fast,Car,38.66,32.162073415024096,Inactive,2025-08-06,2025,8,6,218
EV14192,Kochi,Super Fast,Bus,224.24,293.7677254442053,Active,2025-03-16,2025,3,16,75
EV14193,Hyderabad,Super Fast,Car,162.0,263.25602315951073,Active,2025-11-27,2025,11,27,331
EV14194,Delhi,Fast,Bike,112.21,423.2040794835195,Inactive,2025-08-25,2025,8,25,237
EV14195,Delhi,Level 2,Bike,72.08,299.2546932443462,Active,2025-12-05,2025,12,5,339
EV14196,Mumbai,DC Fast,Bus,146.91,175.24513055466332,Active,2025-08-28,2025,8,28,240
EV14197,Chennai,Level 2,Bus,143.82,267.79088452011877,Active,2025-06-14,2025,6,14,165
EV14198,Kochi,Super Fast,Car,183.06,355.859050759961,Active,2025-11-30,2025,11,30,334
EV14199,Chennai,Level 2,Car,32.02,65.10262179698374,Active,2025-06-06,2025,6,6,157
EV14200,Chennai,DC Fast,Bus,230.32,318.11556246580824,Active,2025-07-30,2025,7,30,211
EV14201,Mumbai,Level 2,Bus,239.27,459.98061534942997,Active,2025-10-04,2025,10,4,277
EV14202,Bangalore,DC Fast,Bike,44.1,163.5825419029973,Inactive,2025-08-04,2025,8,4,216
EV14203,Mumbai,Super Fast,Bike,141.15,320.78004554067786,Active,2025-08-06,2025,8,6,218
EV14204,Calicut,Super Fast,Car,212.61,414.2381361681169,Active,2025-08-21,2025,8,21,233
EV14205,Calicut,Super Fast,Bike,102.57,265.66707077053957,Active,2025-01-12,2025,1,12,12
EV14206,Hyderabad,Fast,Car,142.23,364.6301763297847,Inactive,2025-03-24,2025,3,24,83
EV14207,Hyderabad,Super Fast,Car,86.71,169.28496247484483,Inactive,2025-04-23,2025,4,23,113
EV14208,Bangalore,Level 2,Car,59.4,166.9080574040695,Inactive,2025-09-28,2025,9,28,271
EV14209,Hyderabad,Fast,Bike,81.09,340.4403304633091,Inactive,2025-07-14,2025,7,14,195
EV14210,Calicut,Super Fast,Bus,250.0,358.59625950727224,Active,2025-05-21,2025,5,21,141
EV14211,Chennai,Level 2,Bus,215.21,469.764655765829,Active,2025-05-04,2025,5,4,124
EV14212,Mumbai,Level 2,Bike,52.69,127.92251586462777,Active,2025-05-21,2025,5,21,141
EV14213,Trivandrum,Level 2,Bus,119.7,244.74444612222516,Active,2025-07-27,2025,7,27,208
EV14214,Delhi,DC Fast,Car,85.07,140.24646711866785,Active,2025-04-25,2025,4,25,115
EV14215,Trivandrum,Fast,Bus,61.21,58.44423722251779,Active,2025-07-25,2025,7,25,206
EV14216,Trivandrum,Level 2,Bike,62.01,213.5506534147941,Active,2025-10-15,2025,10,15,288
EV14217,Calicut,DC Fast,Bus,117.85,199.55875869833758,Inactive,2025-12-21,2025,12,21,355
EV14218,Trivandrum,Super Fast,Car,93.94,149.8083775914502,Active,2025-12-09,2025,12,9,343
EV14219,Mumbai,Level 2,Car,82.07,162.5575477469199,Active,2025-05-29,2025,5,29,149
EV14220,Bangalore,DC Fast,Bike,66.02,192.9976670486135,Active,2025-07-29,2025,7,29,210
EV14221,Kochi,Level 2,Bike,106.49,494.6420637344449,Active,2025-04-22,2025,4,22,112
EV14222,Hyderabad,Fast,Bike,116.45,395.8197276642944,Active,2025-05-22,2025,5,22,142
EV14223,Kochi,Fast,Car,28.86,54.27257652171534,Active,2025-01-24,2025,1,24,24
EV14224,Chennai,Super Fast,Bus,250.0,438.75832471361684,Active,2025-02-18,2025,2,18,49
EV14225,Mumbai,Level 2,Bus,159.97,323.98559667136226,Active,2025-10-15,2025,10,15,288
EV14226,Mumbai,DC Fast,Bike,150.28,447.4850048585164,Active,2025-11-27,2025,11,27,331
EV14227,Delhi,Super Fast,Bus,177.78,184.02064982250954,Active,2025-12-31,2025,12,31,365
EV14228,Mumbai,Level 2,Bus,124.78,242.969055109625,Active,2025-01-11,2025,1,11,11
EV14229,Hyderabad,Super Fast,Bike,146.81,450.188987507892,Active,2025-07-07,2025,7,7,188
EV14230,Mumbai,DC Fast,Bike,63.83,150.8351052385671,Active,2025-03-09,2025,3,9,68
EV14231,Trivandrum,Super Fast,Car,210.82,459.44042059779935,Inactive,2025-03-31,2025,3,31,90
EV14232,Delhi,Super Fast,Car,250.0,417.6798618292492,Active,2025-04-20,2025,4,20,110
EV14233,Hyderabad,Super Fast,Car,231.45,490.66781163646084,Inactive,2025-06-13,2025,6,13,164
EV14234,Bangalore,Level 2,Car,59.87,175.6436417678543,Inactive,2025-07-25,2025,7,25,206
EV14235,Bangalore,DC Fast,Bus,87.03,133.16152640229603,Inactive,2025-02-01,2025,2,1,32
EV14236,Bangalore,Fast,Bus,119.69,178.81611058194952,Inactive,2025-11-23,2025,11,23,327
EV14237,Bangalore,Level 2,Car,135.02,478.2319020745929,Inactive,2025-03-15,2025,3,15,74
EV14238,Trivandrum,Fast,Car,82.7,179.87518210541194,Active,2025-09-08,2025,9,8,251
EV14239,Mumbai,Fast,Bike,85.59,291.3016735794743,Active,2025-12-21,2025,12,21,355
EV14240,Kochi,Level 2,Bus,100.99,213.7660556415268,Active,2025-01-21,2025,1,21,21
EV14241,Hyderabad,Level 2,Bus,108.12,210.18566935125483,Active,2025-10-23,2025,10,23,296
EV14242,Trivandrum,DC Fast,Car,70.06,112.82173274194649,Active,2025-10-25,2025,10,25,298
EV14243,Bangalore,DC Fast,Bus,225.18,277.7981795828432,Active,2025-11-24,2025,11,24,328
EV14244,Chennai,Super Fast,Bike,122.21,427.7140423842593,Inactive,2025-10-29,2025,10,29,302
EV14245,Mumbai,Fast,Bike,32.26,43.75280650585799,Active,2025-12-04,2025,12,4,338
EV14246,Kochi,DC Fast,Bus,250.0,446.8287649584424,Active,2025-03-14,2025,3,14,73
EV14247,Chennai,Super Fast,Car,194.23,339.42702326590376,Active,2025-02-10,2025,2,10,41
EV14248,Delhi,DC Fast,Bus,243.53,316.0342786759534,Active,2025-04-04,2025,4,4,94
EV14249,Chennai,Level 2,Bike,62.43,320.43211180351625,Active,2025-05-12,2025,5,12,132
EV14250,Delhi,DC Fast,Car,111.8,162.20952125814532,Active,2025-04-09,2025,4,9,99
EV14251,Delhi,Fast,Bus,156.45,219.26936185677812,Active,2025-02-22,2025,2,22,53
EV14252,Bangalore,DC Fast,Car,205.32,403.659202834023,Active,2025-08-17,2025,8,17,229
EV14253,Delhi,Fast,Car,82.33,167.062897729419,Active,2025-05-08,2025,5,8,128
EV14254,Calicut,Level 2,Bike,48.5,245.60970059489443,Active,2025-07-31,2025,7,31,212
EV14255,Hyderabad,Fast,Car,32.58,29.4234902660736,Active,2025-10-12,2025,10,12,285
EV14256,Hyderabad,DC Fast,Bus,250.0,372.1080094090432,Active,2025-10-06,2025,10,6,279
EV14257,Bangalore,Super Fast,Car,133.67,220.49704480573072,Active,2025-12-07,2025,12,7,341
EV14258,Calicut,Level 2,Car,81.7,272.1722088673298,Active,2025-06-08,2025,6,8,159
EV14259,Chennai,DC Fast,Bus,76.87,75.05087254916415,Active,2025-12-18,2025,12,18,352
EV14260,Trivandrum,Level 2,Bike,98.98,496.0228298179697,Active,2025-08-21,2025,8,21,233
EV14261,Chennai,Level 2,Bike,38.27,165.18455695272607,Active,2025-03-12,2025,3,12,71
EV14262,Mumbai,DC Fast,Bus,213.68,324.7950375662962,Inactive,2025-07-24,2025,7,24,205
EV14263,Trivandrum,DC Fast,Bus,212.29,298.9934455301434,Active,2025-07-08,2025,7,8,189
EV14264,Delhi,Super Fast,Bike,132.51,396.8442578839954,Inactive,2025-05-31,2025,5,31,151
EV14265,Kochi,Level 2,Car,74.33,161.04173869854105,Active,2025-01-08,2025,1,8,8
EV14266,Trivandrum,Level 2,Bus,162.78,382.84512559867386,Active,2025-11-28,2025,11,28,332
EV14267,Kochi,DC Fast,Car,82.75,203.60083072915248,Inactive,2025-04-10,2025,4,10,100
EV14268,Hyderabad,Fast,Bus,121.53,217.35726360624756,Inactive,2025-01-16,2025,1,16,16
EV14269,Kochi,DC Fast,Bike,88.52,342.9020127136497,Inactive,2025-06-03,2025,6,3,154
EV14270,Hyderabad,Level 2,Car,144.49,396.457170435425,Active,2025-06-06,2025,6,6,157
EV14271,Calicut,DC Fast,Car,155.54,340.09598533786834,Active,2025-04-03,2025,4,3,93
EV14272,Calicut,Super Fast,Bus,250.0,451.94216987415297,Inactive,2025-09-19,2025,9,19,262
EV14273,Bangalore,Fast,Car,84.94,156.87633416483231,Active,2025-02-06,2025,2,6,37
EV14274,Bangalore,DC Fast,Bus,250.0,452.2960314089357,Inactive,2025-06-10,2025,6,10,161
EV14275,Delhi,Super Fast,Bike,52.12,82.81449245282177,Active,2025-12-17,2025,12,17,351
EV14276,Trivandrum,Level 2,Car,97.46,336.57455313439067,Inactive,2025-06-23,2025,6,23,174
EV14277,Delhi,DC Fast,Bus,184.77,282.8627126624852,Inactive,2025-11-13,2025,11,13,317
EV14278,Hyderabad,Level 2,Car,78.99,257.42525139948293,Active,2025-01-18,2025,1,18,18
EV14279,Delhi,Super Fast,Bus,156.96,169.23777385384557,Active,2025-12-17,2025,12,17,351
EV14280,Kochi,Level 2,Bus,124.57,261.7917177479524,Active,2025-01-16,2025,1,16,16
EV14281,Hyderabad,Super Fast,Bus,98.19,97.65121106465756,Active,2025-12-26,2025,12,26,360
EV14282,Bangalore,Super Fast,Bike,90.95,197.27405322160428,Active,2025-09-27,2025,9,27,270
EV14283,Calicut,Super Fast,Car,57.42,67.36684039226117,Active,2025-12-25,2025,12,25,359
EV14284,Bangalore,DC Fast,Bike,89.25,294.4863678974334,Inactive,2025-03-09,2025,3,9,68
EV14285,Trivandrum,Level 2,Bus,47.88,65.96858537582094,Inactive,2025-01-30,2025,1,30,30
EV14286,Hyderabad,Level 2,Bus,66.0,96.96542907447952,Active,2025-11-12,2025,11,12,316
EV14287,Hyderabad,Fast,Bike,29.89,61.02406471399103,Active,2025-11-05,2025,11,5,309
EV14288,Kochi,Fast,Bike,54.06,203.0291071769974,Inactive,2025-08-13,2025,8,13,225
EV14289,Trivandrum,Fast,Car,135.91,424.1400581208073,Inactive,2025-06-13,2025,6,13,164
EV14290,Calicut,Fast,Bus,213.62,455.3102679842373,Inactive,2025-11-16,2025,11,16,320
EV14291,Chennai,Level 2,Bike,19.24,54.50693820800643,Active,2025-01-14,2025,1,14,14
EV14292,Hyderabad,Super Fast,Bus,213.27,324.58406761358094,Inactive,2025-10-06,2025,10,6,279
EV14293,Hyderabad,Super Fast,Bus,250.0,348.5050038041952,Active,2025-06-05,2025,6,5,156
EV14294,Kochi,DC Fast,Car,112.06,276.2095723673716,Inactive,2025-05-02,2025,5,2,122
EV14295,Delhi,Super Fast,Car,180.5,340.15273350538206,Inactive,2025-09-20,2025,9,20,263
EV14296,Mumbai,Level 2,Car,58.62,132.17154341268574,Inactive,2025-06-19,2025,6,19,170
EV14297,Calicut,Level 2,Bike,66.52,255.02922167312772,Active,2025-01-10,2025,1,10,10
EV14298,Bangalore,Level 2,Bus,97.98,207.62040753719768,Inactive,2025-06-21,2025,6,21,172
EV14299,Trivandrum,DC Fast,Bike,41.46,63.05981669102291,Active,2025-12-24,2025,12,24,358
EV14300,Hyderabad,Fast,Bike,75.26,320.2670910667947,Active,2025-01-13,2025,1,13,13
EV14301,Hyderabad,Super Fast,Car,123.41,257.7032924823422,Inactive,2025-08-01,2025,8,1,213
EV14302,Bangalore,Level 2,Bus,66.05,152.08353291323994,Active,2025-06-10,2025,6,10,161
EV14303,Calicut,Level 2,Bus,105.97,247.3689249936183,Active,2025-08-20,2025,8,20,232
EV14304,Mumbai,Fast,Car,145.3,392.14304883080143,Inactive,2025-06-09,2025,6,9,160
EV14305,Delhi,Level 2,Bus,165.7,404.79572614787065,Inactive,2025-05-07,2025,5,7,127
EV14306,Hyderabad,Super Fast,Car,155.48,331.7725417996972,Inactive,2025-02-17,2025,2,17,48
EV14307,Mumbai,DC Fast,Bike,89.89,244.5189600320786,Active,2025-09-18,2025,9,18,261
EV14308,Calicut,Level 2,Bike,51.33,296.3598268178471,Inactive,2025-03-02,2025,3,2,61
EV14309,Bangalore,Super Fast,Car,135.16,204.80737825069622,Active,2025-05-02,2025,5,2,122
EV14310,Kochi,Level 2,Bike,36.25,80.74704463723435,Inactive,2025-03-31,2025,3,31,90
EV14311,Delhi,Fast,Bike,71.24,205.0978867453241,Active,2025-12-25,2025,12,25,359
EV14312,Trivandrum,Level 2,Car,85.58,274.5597229134245,Inactive,2025-09-12,2025,9,12,255
EV14313,Hyderabad,Level 2,Bike,74.79,307.4403270322803,Active,2025-03-31,2025,3,31,90
EV14314,Calicut,DC Fast,Bus,250.0,469.184468506218,Inactive,2025-01-03,2025,1,3,3
EV14315,Kochi,Fast,Bike,117.47,393.1200536146958,Active,2025-10-07,2025,10,7,280
EV14316,Trivandrum,Fast,Car,34.59,92.95642949344511,Active,2025-04-27,2025,4,27,117
EV14317,Chennai,DC Fast,Bus,99.56,103.60745919340546,Active,2025-04-08,2025,4,8,98
EV14318,Calicut,Level 2,Bus,30.1,68.23748443508194,Inactive,2025-06-11,2025,6,11,162
EV14319,Calicut,Super Fast,Bike,126.04,374.32722906604056,Active,2025-12-06,2025,12,6,340
EV14320,Trivandrum,Fast,Bus,219.96,358.93869367609136,Active,2025-10-25,2025,10,25,298
EV14321,Kochi,Fast,Car,197.58,493.45419281450296,Active,2025-10-24,2025,10,24,297
EV14322,Chennai,Level 2,Bus,111.64,270.5712404788874,Inactive,2025-03-23,2025,3,23,82
EV14323,Mumbai,Level 2,Bike,97.4,416.6791658474633,Active,2025-12-24,2025,12,24,358
EV14324,Mumbai,Fast,Bike,96.27,296.69113214853803,Active,2025-05-28,2025,5,28,148
EV14325,Bangalore,Level 2,Bus,211.08,439.5616220131698,Active,2025-01-06,2025,1,6,6
EV14326,Kochi,Super Fast,Car,148.31,366.0900988653207,Inactive,2025-07-04,2025,7,4,185
EV14327,Delhi,Fast,Car,152.24,328.5843271958014,Active,2025-09-09,2025,9,9,252
EV14328,Hyderabad,Super Fast,Bike,89.36,291.25888207186415,Inactive,2025-01-25,2025,1,25,25
EV14329,Trivandrum,Super Fast,Bike,103.97,367.0258517326279,Inactive,2025-02-10,2025,2,10,41
EV14330,Bangalore,Level 2,Car,77.65,221.43384448208502,Active,2025-06-18,2025,6,18,169
EV14331,Chennai,Super Fast,Bus,56.9,66.35675873871877,Active,2025-01-03,2025,1,3,3
EV14332,Trivandrum,Level 2,Bus,29.77,39.19334182296359,Inactive,2025-12-30,2025,12,30,364
EV14333,Trivandrum,DC Fast,Bus,152.27,249.93139117240347,Inactive,2025-06-20,2025,6,20,171
EV14334,Kochi,Level 2,Bus,123.06,307.65995946566784,Inactive,2025-02-26,2025,2,26,57
EV14335,Hyderabad,Super Fast,Car,46.45,57.8475346739002,Active,2025-03-24,2025,3,24,83
EV14336,Delhi,DC Fast,Bike,78.33,157.71370347780908,Active,2025-11-26,2025,11,26,330
EV14337,Mumbai,Level 2,Bike,57.11,174.5754588682338,Active,2025-06-28,2025,6,28,179
EV14338,Calicut,Super Fast,Bus,213.62,290.1418568999606,Active,2025-05-13,2025,5,13,133
EV14339,Calicut,Fast,Car,67.19,153.67157890053878,Active,2025-03-27,2025,3,27,86
EV14340,Trivandrum,Fast,Car,60.39,65.9113277868832,Active,2025-12-19,2025,12,19,353
EV14341,Mumbai,Level 2,Bus,72.14,99.13123565434405,Active,2025-09-28,2025,9,28,271
EV14342,Mumbai,Level 2,Bus,63.87,103.49494477001274,Active,2025-12-10,2025,12,10,344
EV14343,Hyderabad,Fast,Bus,250.0,424.4935732269255,Active,2025-04-04,2025,4,4,94
EV14344,Chennai,Super Fast,Bike,59.59,156.4734497495799,Active,2025-12-22,2025,12,22,356
EV14345,Chennai,Super Fast,Bus,246.13,363.05203227908333,Inactive,2025-09-07,2025,9,7,250
EV14346,Bangalore,Super Fast,Bike,97.7,292.5625982428668,Active,2025-10-22,2025,10,22,295
EV14347,Kochi,Level 2,Car,153.19,488.97860173589214,Active,2025-07-17,2025,7,17,198
EV14348,Hyderabad,DC Fast,Car,80.42,150.95488106249707,Active,2025-03-20,2025,3,20,79
EV14349,Hyderabad,DC Fast,Bike,45.97,96.0190498540161,Active,2025-06-15,2025,6,15,166
EV14350,Kochi,DC Fast,Bike,18.96,44.97816209338899,Active,2025-02-08,2025,2,8,39
EV14351,Mumbai,DC Fast,Bike,61.94,135.66063789501464,Active,2025-11-04,2025,11,4,308
EV14352,Chennai,DC Fast,Bike,114.21,348.35402547938844,Active,2025-08-02,2025,8,2,214
EV14353,Chennai,Level 2,Bus,28.94,60.92394782569309,Inactive,2025-05-11,2025,5,11,131
EV14354,Mumbai,Level 2,Car,58.76,137.4568856718361,Active,2025-06-06,2025,6,6,157
EV14355,Chennai,DC Fast,Bus,250.0,430.54801672832576,Active,2025-06-08,2025,6,8,159
EV14356,Trivandrum,Level 2,Bike,63.23,299.8174156949697,Inactive,2025-11-18,2025,11,18,322
EV14357,Hyderabad,Level 2,Bus,55.78,53.37033932153382,Active,2025-08-15,2025,8,15,227
EV14358,Calicut,DC Fast,Bus,50.28,42.88790923988637,Inactive,2025-02-14,2025,2,14,45
EV14359,Kochi,Super Fast,Car,38.62,49.3389801563681,Active,2025-07-20,2025,7,20,201
EV14360,Chennai,Level 2,Bus,215.1,472.1000240706813,Active,2025-01-22,2025,1,22,22
EV14361,Bangalore,Super Fast,Car,243.41,427.93828570930623,Active,2025-12-05,2025,12,5,339
EV14362,Chennai,Level 2,Bike,69.83,425.57122016901184,Inactive,2025-08-30,2025,8,30,242
EV14363,Chennai,Level 2,Bus,224.04,463.624045876902,Active,2025-08-17,2025,8,17,229
EV14364,Delhi,DC Fast,Bike,83.37,262.5225873204369,Active,2025-08-26,2025,8,26,238
EV14365,Trivandrum,Level 2,Car,57.0,138.72544214880514,Active,2025-05-29,2025,5,29,149
EV14366,Kochi,Fast,Bike,62.24,212.6470420344887,Active,2025-09-30,2025,9,30,273
EV14367,Delhi,Fast,Bike,84.47,365.0547549842292,Inactive,2025-03-08,2025,3,8,67
EV14368,Delhi,DC Fast,Car,222.34,440.49577833020726,Active,2025-01-07,2025,1,7,7
EV14369,Bangalore,Super Fast,Bike,65.13,228.84364481577168,Inactive,2025-08-21,2025,8,21,233
EV14370,Hyderabad,Super Fast,Bike,99.23,276.9828585833894,Active,2025-12-23,2025,12,23,357
EV14371,Bangalore,Super Fast,Bike,142.42,467.2558367726016,Inactive,2025-10-19,2025,10,19,292
EV14372,Hyderabad,Fast,Bus,66.13,71.59934581252597,Active,2025-09-13,2025,9,13,256
EV14373,Hyderabad,Super Fast,Bike,145.15,433.9036241475795,Inactive,2025-03-08,2025,3,8,67
EV14374,Kochi,Super Fast,Car,69.94,96.46759148092924,Active,2025-09-07,2025,9,7,250
EV14375,Chennai,DC Fast,Bus,162.05,252.25344813949772,Inactive,2025-03-18,2025,3,18,77
EV14376,Kochi,Super Fast,Bus,124.63,124.8431017582686,Active,2025-03-28,2025,3,28,87
EV14377,Trivandrum,Fast,Car,136.42,309.41486273149,Active,2025-09-09,2025,9,9,252
EV14378,Hyderabad,Fast,Bike,81.11,288.11524241996773,Inactive,2025-08-10,2025,8,10,222
EV14379,Delhi,Fast,Bus,139.16,202.4035348355609,Active,2025-03-13,2025,3,13,72
EV14380,Chennai,DC Fast,Bus,250.0,434.3856871256597,Inactive,2025-07-21,2025,7,21,202
EV14381,Calicut,DC Fast,Bus,223.2,336.71039373826875,Active,2025-02-28,2025,2,28,59
EV14382,Trivandrum,Level 2,Bike,78.62,366.17845998173294,Active,2025-10-03,2025,10,3,276
EV14383,Kochi,Super Fast,Bus,86.66,92.3166743396809,Inactive,2025-08-09,2025,8,9,221
EV14384,Bangalore,DC Fast,Car,219.2,443.9195254282965,Active,2025-06-06,2025,6,6,157
EV14385,Trivandrum,Fast,Bike,35.21,100.17927853760882,Active,2025-06-30,2025,6,30,181
EV14386,Trivandrum,Fast,Car,66.74,126.93678282078089,Inactive,2025-08-01,2025,8,1,213
EV14387,Chennai,DC Fast,Car,64.72,81.46646647850261,Active,2025-05-09,2025,5,9,129
EV14388,Trivandrum,DC Fast,Bus,173.15,231.37241982503147,Active,2025-08-31,2025,8,31,243
EV14389,Trivandrum,DC Fast,Bus,250.0,446.1004312411087,Active,2025-06-21,2025,6,21,172
EV14390,Calicut,Level 2,Bus,66.39,141.1748094127326,Inactive,2025-12-31,2025,12,31,365
EV14391,Mumbai,Fast,Car,88.8,199.40164180301755,Inactive,2025-09-27,2025,9,27,270
EV14392,Bangalore,Level 2,Bike,82.06,426.11188163620255,Inactive,2025-06-12,2025,6,12,163
EV14393,Bangalore,Level 2,Bus,152.88,316.5513342842668,Active,2025-01-24,2025,1,24,24
EV14394,Bangalore,Super Fast,Bus,250.0,380.7758689502129,Active,2025-07-12,2025,7,12,193
EV14395,Hyderabad,Fast,Car,65.61,122.72002372933513,Active,2025-10-21,2025,10,21,294
EV14396,Delhi,Fast,Bike,99.96,363.9151343996362,Active,2025-05-09,2025,5,9,129
EV14397,Mumbai,DC Fast,Car,85.13,129.25307774805077,Active,2025-02-10,2025,2,10,41
EV14398,Bangalore,DC Fast,Bus,250.0,493.9107114611173,Active,2025-01-31,2025,1,31,31
EV14399,Trivandrum,Super Fast,Car,142.01,288.7453549408339,Inactive,2025-02-05,2025,2,5,36
EV14400,Trivandrum,Level 2,Bus,144.84,353.90684386070575,Inactive,2025-12-27,2025,12,27,361
EV14401,Bangalore,DC Fast,Bike,38.65,76.83276038792135,Active,2025-09-10,2025,9,10,253
EV14402,Chennai,DC Fast,Car,70.4,140.31487041995337,Inactive,2025-12-31,2025,12,31,365
EV14403,Bangalore,Fast,Bus,54.21,87.07551659089008,Inactive,2025-08-03,2025,8,3,215
EV14404,Trivandrum,Fast,Bus,136.13,207.28194333042708,Active,2025-10-14,2025,10,14,287
EV14405,Hyderabad,DC Fast,Bus,121.51,156.38521481859127,Active,2025-09-13,2025,9,13,256
EV14406,Kochi,Fast,Bus,210.48,371.8026846226732,Active,2025-07-05,2025,7,5,186
EV14407,Kochi,Super Fast,Car,63.24,72.18031022151257,Active,2025-03-02,2025,3,2,61
EV14408,Mumbai,DC Fast,Bus,250.0,380.98849685617677,Active,2025-09-19,2025,9,19,262
EV14409,Mumbai,Fast,Car,48.72,41.938315826522,Active,2025-10-03,2025,10,3,276
EV14410,Bangalore,Super Fast,Bus,106.44,116.96856191474836,Inactive,2025-04-21,2025,4,21,111
EV14411,Calicut,Fast,Car,154.77,400.1431961430094,Active,2025-11-13,2025,11,13,317
EV14412,Bangalore,Fast,Car,170.43,376.53278773178954,Active,2025-05-21,2025,5,21,141
EV14413,Chennai,Fast,Bus,159.07,248.63653468105443,Active,2025-08-21,2025,8,21,233
EV14414,Bangalore,DC Fast,Bus,59.39,43.99170323722487,Active,2025-01-23,2025,1,23,23
EV14415,Mumbai,Level 2,Bus,168.22,312.74899600126366,Active,2025-03-20,2025,3,20,79
EV14416,Kochi,Fast,Bus,140.27,215.22756990756724,Active,2025-01-31,2025,1,31,31
EV14417,Trivandrum,Super Fast,Bike,57.29,171.9335120950255,Inactive,2025-01-04,2025,1,4,4
EV14418,Bangalore,DC Fast,Bus,240.12,327.39710567673643,Active,2025-04-28,2025,4,28,118
EV14419,Trivandrum,DC Fast,Bus,145.51,229.57498985682864,Inactive,2025-03-07,2025,3,7,66
EV14420,Trivandrum,Super Fast,Bus,75.29,64.36212821752575,Active,2025-10-14,2025,10,14,287
EV14421,Calicut,Fast,Car,173.44,459.6562258459253,Active,2025-06-25,2025,6,25,176
EV14422,Trivandrum,Level 2,Bus,187.39,393.67668773762193,Active,2025-05-03,2025,5,3,123
EV14423,Kochi,Fast,Car,26.36,47.06153181946517,Inactive,2025-08-19,2025,8,19,231
EV14424,Hyderabad,Super Fast,Car,144.81,272.03065769153386,Inactive,2025-02-12,2025,2,12,43
EV14425,Hyderabad,DC Fast,Car,57.1,60.02123019134159,Active,2025-01-04,2025,1,4,4
EV14426,Delhi,Level 2,Car,155.53,421.8991323480728,Active,2025-07-09,2025,7,9,190
EV14427,Chennai,DC Fast,Bike,106.52,314.24670130494644,Active,2025-10-31,2025,10,31,304
EV14428,Bangalore,Super Fast,Bus,97.18,102.77558411507286,Inactive,2025-09-07,2025,9,7,250
EV14429,Chennai,Fast,Car,22.18,29.95584454697637,Active,2025-05-24,2025,5,24,144
EV14430,Kochi,Level 2,Bus,38.43,35.158885830281896,Active,2025-12-11,2025,12,11,345
EV14431,Trivandrum,DC Fast,Car,141.95,263.53542659111827,Active,2025-11-29,2025,11,29,333
EV14432,Hyderabad,DC Fast,Bike,127.27,372.4992697648514,Active,2025-06-07,2025,6,7,158
EV14433,Chennai,DC Fast,Car,40.78,78.0034166403004,Inactive,2025-03-06,2025,3,6,65
EV14434,Kochi,Fast,Bus,88.1,126.2163516391796,Active,2025-11-21,2025,11,21,325
EV14435,Hyderabad,Level 2,Bus,94.65,177.08477368137548,Active,2025-09-27,2025,9,27,270
EV14436,Trivandrum,Fast,Bike,31.83,124.67685538935343,Active,2025-03-16,2025,3,16,75
EV14437,Chennai,Fast,Bus,128.42,207.84155008983615,Active,2025-01-29,2025,1,29,29
EV14438,Hyderabad,Fast,Bus,195.97,288.61520276723655,Active,2025-12-01,2025,12,1,335
EV14439,Bangalore,Super Fast,Car,169.94,348.76963915582843,Inactive,2025-08-26,2025,8,26,238
EV14440,Mumbai,Super Fast,Bus,250.0,482.61208745946965,Active,2025-06-02,2025,6,2,153
EV14441,Bangalore,Super Fast,Car,250.0,466.80496144793335,Active,2025-04-04,2025,4,4,94
EV14442,Delhi,Level 2,Bike,77.56,293.66094791787896,Active,2025-08-25,2025,8,25,237
EV14443,Delhi,Fast,Bus,194.95,372.39202709905027,Inactive,2025-11-18,2025,11,18,322
EV14444,Hyderabad,Fast,Car,210.98,476.4186582202054,Active,2025-04-25,2025,4,25,115
EV14445,Mumbai,Super Fast,Bus,63.39,60.066533379874315,Inactive,2025-10-23,2025,10,23,296
EV14446,Kochi,Fast,Car,28.3,22.704684733485987,Active,2025-08-07,2025,8,7,219
EV14447,Bangalore,Fast,Bike,19.16,34.303886590199966,Inactive,2025-09-03,2025,9,3,246
EV14448,Kochi,DC Fast,Car,137.96,290.40769393902264,Active,2025-02-01,2025,2,1,32
EV14449,Mumbai,Fast,Bus,250.0,386.1600441452164,Active,2025-01-20,2025,1,20,20
EV14450,Kochi,DC Fast,Car,110.08,196.19597635761662,Active,2025-02-22,2025,2,22,53
EV14451,Mumbai,Fast,Bus,171.89,281.7148038692569,Inactive,2025-07-25,2025,7,25,206
EV14452,Hyderabad,Level 2,Bike,64.51,267.8558329032977,Inactive,2025-08-07,2025,8,7,219
EV14453,Kochi,Super Fast,Car,47.26,65.4900279641694,Inactive,2025-07-14,2025,7,14,195
EV14454,Bangalore,DC Fast,Bus,115.97,174.3623668275435,Inactive,2025-11-01,2025,11,1,305
EV14455,Trivandrum,Super Fast,Bus,46.45,29.328874487504955,Active,2025-07-14,2025,7,14,195
EV14456,Delhi,DC Fast,Bus,69.65,73.13873062712523,Active,2025-12-11,2025,12,11,345
EV14457,Trivandrum,DC Fast,Car,164.29,409.69194699669333,Inactive,2025-03-23,2025,3,23,82
EV14458,Kochi,DC Fast,Car,153.92,418.11847867919306,Inactive,2025-01-01,2025,1,1,1
EV14459,Trivandrum,Level 2,Car,136.82,404.93423362163344,Active,2025-06-16,2025,6,16,167
EV14460,Bangalore,Fast,Bike,112.37,368.87294765707355,Active,2025-11-13,2025,11,13,317
EV14461,Bangalore,DC Fast,Bus,250.0,400.79016627195284,Active,2025-07-02,2025,7,2,183
EV14462,Kochi,Level 2,Bus,159.15,342.07152380936884,Active,2025-12-16,2025,12,16,350
EV14463,Hyderabad,DC Fast,Bike,118.57,341.5200026318185,Active,2025-09-30,2025,9,30,273
EV14464,Trivandrum,Fast,Bike,86.69,340.33366279606787,Active,2025-06-06,2025,6,6,157
EV14465,Hyderabad,DC Fast,Car,134.55,266.74053904553796,Active,2025-12-28,2025,12,28,362
EV14466,Hyderabad,Level 2,Car,67.56,194.4066720631253,Inactive,2025-07-20,2025,7,20,201
EV14467,Mumbai,Fast,Car,151.22,370.49372775754637,Inactive,2025-07-11,2025,7,11,192
EV14468,Calicut,Level 2,Car,50.45,163.35008652163597,Inactive,2025-12-07,2025,12,7,341
EV14469,Kochi,Fast,Car,98.61,280.5930231092572,Inactive,2025-10-26,2025,10,26,299
EV14470,Delhi,Fast,Car,111.9,228.01069770458304,Active,2025-03-17,2025,3,17,76
EV14471,Bangalore,Super Fast,Bike,45.5,152.77869300497653,Inactive,2025-05-20,2025,5,20,140
EV14472,Bangalore,Super Fast,Bike,182.56,487.8511618171824,Active,2025-11-02,2025,11,2,306
EV14473,Kochi,Super Fast,Bike,49.52,144.20078969687336,Inactive,2025-07-15,2025,7,15,196
EV14474,Mumbai,Fast,Bus,129.25,168.4606705870544,Active,2025-03-02,2025,3,2,61
EV14475,Chennai,DC Fast,Bus,72.85,97.56200084387275,Inactive,2025-12-26,2025,12,26,360
EV14476,Chennai,Level 2,Car,136.23,415.03070015085945,Active,2025-11-03,2025,11,3,307
EV14477,Chennai,Level 2,Bike,70.04,301.5629122661549,Active,2025-11-29,2025,11,29,333
EV14478,Mumbai,Level 2,Bus,163.4,314.25884310674513,Active,2025-12-20,2025,12,20,354
EV14479,Delhi,Super Fast,Bus,250.0,413.86947766356695,Active,2025-03-24,2025,3,24,83
EV14480,Bangalore,Fast,Bike,71.05,184.6014361423421,Active,2025-11-30,2025,11,30,334
EV14481,Kochi,Super Fast,Bus,97.94,112.94404418250261,Active,2025-01-05,2025,1,5,5
EV14482,Mumbai,DC Fast,Bus,84.79,115.2345747170739,Inactive,2025-08-07,2025,8,7,219
EV14483,Bangalore,Fast,Bike,108.05,371.6575143018845,Active,2025-09-11,2025,9,11,254
EV14484,Hyderabad,Level 2,Bus,147.41,314.77527414197476,Active,2025-03-29,2025,3,29,88
EV14485,Trivandrum,Super Fast,Bike,52.76,119.04266171940266,Active,2025-07-28,2025,7,28,209
EV14486,Trivandrum,Super Fast,Bus,104.5,89.6313894274033,Active,2025-06-29,2025,6,29,180
EV14487,Mumbai,DC Fast,Bike,45.87,77.92990647774694,Active,2025-07-27,2025,7,27,208
EV14488,Bangalore,DC Fast,Bus,239.88,321.3433508974581,Active,2025-09-30,2025,9,30,273
EV14489,Calicut,Super Fast,Bus,14.55,20.056949557208004,Inactive,2025-03-06,2025,3,6,65
EV14490,Delhi,DC Fast,Bike,36.36,28.79328444970099,Active,2025-01-21,2025,1,21,21
EV14491,Chennai,Level 2,Bus,82.32,206.98550510052573,Inactive,2025-06-26,2025,6,26,177
EV14492,Delhi,DC Fast,Bike,97.23,351.84793485255796,Inactive,2025-12-29,2025,12,29,363
EV14493,Delhi,DC Fast,Bike,98.65,353.6189007187539,Inactive,2025-01-22,2025,1,22,22
EV14494,Mumbai,Super Fast,Bus,209.1,226.4567713316915,Active,2025-11-21,2025,11,21,325
EV14495,Hyderabad,Super Fast,Car,208.96,351.7153311701934,Active,2025-02-05,2025,2,5,36
EV14496,Delhi,Fast,Bus,178.68,270.1261661984602,Active,2025-09-07,2025,9,7,250
EV14497,Trivandrum,Fast,Car,168.63,488.92708006271135,Inactive,2025-05-29,2025,5,29,149
EV14498,Hyderabad,Super Fast,Car,73.94,97.98090264167988,Active,2025-03-14,2025,3,14,73
EV14499,Kochi,DC Fast,Bus,186.85,308.32028849869073,Inactive,2025-04-01,2025,4,1,91
EV14500,Delhi,DC Fast,Car,155.17,255.79461245648173,Active,2025-06-25,2025,6,25,176
EV14501,Delhi,Fast,Bike,39.73,113.34384543569331,Active,2025-05-06,2025,5,6,126
EV14502,Kochi,Fast,Bike,97.18,379.99540742801764,Active,2025-07-23,2025,7,23,204
EV14503,Delhi,Fast,Car,98.51,152.24384956735773,Active,2025-09-03,2025,9,3,246
EV14504,Kochi,Level 2,Bike,36.34,203.2207131649,Inactive,2025-04-09,2025,4,9,99
EV14505,Hyderabad,Level 2,Bus,112.97,199.9186734020144,Active,2025-09-28,2025,9,28,271
EV14506,Trivandrum,Fast,Bike,54.64,137.2181471302154,Active,2025-02-13,2025,2,13,44
EV14507,Kochi,DC Fast,Car,108.44,226.7385592152345,Active,2025-08-10,2025,8,10,222
EV14508,Calicut,Fast,Bus,136.89,247.2060228452568,Active,2025-04-07,2025,4,7,97
EV14509,Mumbai,Level 2,Bike,104.87,377.2264029484676,Active,2025-02-05,2025,2,5,36
EV14510,Mumbai,DC Fast,Bus,250.0,387.2329157009778,Active,2025-06-17,2025,6,17,168
EV14511,Kochi,Level 2,Car,48.67,96.10686477999779,Active,2025-01-30,2025,1,30,30
EV14512,Mumbai,DC Fast,Bike,99.47,304.5307036772154,Active,2025-10-09,2025,10,9,282
EV14513,Delhi,Level 2,Bus,233.9,450.17494317410984,Active,2025-03-26,2025,3,26,85
EV14514,Chennai,DC Fast,Bus,58.01,72.2175722645892,Active,2025-12-23,2025,12,23,357
EV14515,Chennai,DC Fast,Bike,92.94,246.9987413763865,Active,2025-05-01,2025,5,1,121
EV14516,Mumbai,DC Fast,Bus,233.14,380.1694987560045,Inactive,2025-10-14,2025,10,14,287
EV14517,Hyderabad,DC Fast,Bus,193.87,313.51584050352477,Inactive,2025-09-05,2025,9,5,248
EV14518,Bangalore,Super Fast,Car,57.06,68.28111516637946,Inactive,2025-07-03,2025,7,3,184
EV14519,Hyderabad,Level 2,Car,45.99,210.37094016846675,Inactive,2025-09-10,2025,9,10,253
EV14520,Bangalore,Level 2,Car,93.23,263.4749591440947,Active,2025-09-30,2025,9,30,273
EV14521,Chennai,Super Fast,Car,250.0,498.005888823811,Active,2025-07-28,2025,7,28,209
EV14522,Chennai,DC Fast,Car,65.21,105.73179647535333,Active,2025-12-20,2025,12,20,354
EV14523,Kochi,DC Fast,Car,221.09,491.563408236854,Active,2025-01-24,2025,1,24,24
EV14524,Trivandrum,Level 2,Bike,52.1,200.55189643013307,Active,2025-05-02,2025,5,2,122
EV14525,Calicut,Super Fast,Car,71.56,116.15383331543426,Inactive,2025-08-13,2025,8,13,225
EV14526,Hyderabad,DC Fast,Bus,182.56,218.77235941951807,Active,2025-05-03,2025,5,3,123
EV14527,Delhi,DC Fast,Bike,116.85,314.71765953671223,Active,2025-10-21,2025,10,21,294
EV14528,Bangalore,DC Fast,Bus,118.85,122.47874907727802,Active,2025-06-22,2025,6,22,173
EV14529,Mumbai,Fast,Car,81.76,159.89075998502133,Active,2025-05-23,2025,5,23,143
EV14530,Delhi,Super Fast,Car,250.0,430.1823208329391,Active,2025-06-18,2025,6,18,169
EV14531,Trivandrum,DC Fast,Bus,250.0,499.52454160105657,Inactive,2025-02-26,2025,2,26,57
EV14532,Bangalore,Fast,Bus,145.01,172.7228919192447,Active,2025-02-11,2025,2,11,42
EV14533,Hyderabad,Super Fast,Bus,79.95,91.45126589597133,Inactive,2025-11-05,2025,11,5,309
EV14534,Kochi,DC Fast,Bike,107.22,400.72199359713994,Inactive,2025-04-29,2025,4,29,119
EV14535,Delhi,Level 2,Car,98.94,308.2187298920697,Active,2025-05-01,2025,5,1,121
EV14536,Trivandrum,Fast,Bus,63.84,68.19254882028855,Active,2025-11-08,2025,11,8,312
EV14537,Hyderabad,Fast,Car,167.04,474.45031108929004,Inactive,2025-09-08,2025,9,8,251
EV14538,Chennai,DC Fast,Bus,62.81,57.46377363194816,Active,2025-12-09,2025,12,9,343
EV14539,Chennai,DC Fast,Car,165.34,320.1710727841477,Active,2025-11-28,2025,11,28,332
EV14540,Hyderabad,Fast,Bike,60.34,223.4898828289191,Inactive,2025-12-07,2025,12,7,341
EV14541,Hyderabad,Level 2,Car,100.46,287.1794807551692,Active,2025-12-07,2025,12,7,341
EV14542,Hyderabad,Level 2,Bus,72.27,122.34281391686933,Active,2025-12-03,2025,12,3,337
EV14543,Bangalore,Super Fast,Car,223.99,350.2929916403128,Active,2025-07-01,2025,7,1,182
EV14544,Hyderabad,DC Fast,Bike,150.3,480.66545078400304,Active,2025-06-14,2025,6,14,165
EV14545,Delhi,Level 2,Bike,81.55,240.0444195415595,Active,2025-09-21,2025,9,21,264
EV14546,Trivandrum,Super Fast,Car,159.93,271.01997323274907,Active,2025-07-29,2025,7,29,210
EV14547,Bangalore,Level 2,Bus,90.78,135.109601873063,Active,2025-01-11,2025,1,11,11
EV14548,Hyderabad,DC Fast,Bike,153.36,448.0966322005189,Active,2025-07-01,2025,7,1,182
EV14549,Calicut,Super Fast,Bike,116.12,486.16371446717994,Inactive,2025-09-08,2025,9,8,251
EV14550,Mumbai,Super Fast,Car,193.02,397.4225048413061,Inactive,2025-05-18,2025,5,18,138
EV14551,Calicut,Super Fast,Bike,92.93,280.53128103670593,Active,2025-08-06,2025,8,6,218
EV14552,Trivandrum,Level 2,Bike,86.91,479.2624757641427,Active,2025-08-27,2025,8,27,239
EV14553,Chennai,DC Fast,Bus,80.55,93.84802657629287,Active,2025-12-03,2025,12,3,337
EV14554,Kochi,Super Fast,Bus,203.74,249.67561274970484,Active,2025-03-28,2025,3,28,87
EV14555,Kochi,Fast,Bus,141.97,278.05073922867825,Inactive,2025-10-25,2025,10,25,298
EV14556,Mumbai,DC Fast,Car,148.38,256.11988148114085,Active,2025-10-20,2025,10,20,293
EV14557,Chennai,Fast,Bike,111.93,405.16077784577755,Active,2025-04-02,2025,4,2,92
EV14558,Bangalore,Fast,Car,162.17,341.79338768785476,Active,2025-07-27,2025,7,27,208
EV14559,Bangalore,Super Fast,Bike,48.4,80.79606364076561,Inactive,2025-07-23,2025,7,23,204
EV14560,Bangalore,Super Fast,Bike,84.34,186.296627524669,Inactive,2025-07-05,2025,7,5,186
EV14561,Kochi,Level 2,Bike,50.28,182.75688722570544,Active,2025-03-26,2025,3,26,85
EV14562,Calicut,Level 2,Bus,109.75,291.50345254060574,Active,2025-11-11,2025,11,11,315
EV14563,Kochi,Level 2,Car,65.39,159.90004047579052,Active,2025-06-01,2025,6,1,152
EV14564,Delhi,DC Fast,Car,75.0,76.2904493858771,Active,2025-06-05,2025,6,5,156
EV14565,Hyderabad,Level 2,Bike,86.03,333.767679515425,Active,2025-10-20,2025,10,20,293
EV14566,Bangalore,Fast,Car,164.42,428.4977304968108,Inactive,2025-01-21,2025,1,21,21
EV14567,Calicut,Level 2,Bus,195.51,467.1718858236435,Active,2025-06-10,2025,6,10,161
EV14568,Trivandrum,Super Fast,Car,227.69,486.8376404765484,Inactive,2025-12-05,2025,12,5,339
EV14569,Mumbai,Level 2,Bike,89.18,394.9360861803267,Inactive,2025-06-05,2025,6,5,156
EV14570,Trivandrum,DC Fast,Bus,74.91,87.05716558011304,Active,2025-05-23,2025,5,23,143
EV14571,Hyderabad,DC Fast,Bus,250.0,429.49367563362773,Active,2025-09-14,2025,9,14,257
EV14572,Calicut,Fast,Bike,57.47,211.98083522358752,Inactive,2025-04-17,2025,4,17,107
EV14573,Kochi,DC Fast,Car,183.3,370.3574306203345,Active,2025-10-11,2025,10,11,284
EV14574,Kochi,Level 2,Bike,41.27,275.0086423812012,Active,2025-02-19,2025,2,19,50
EV14575,Delhi,Super Fast,Car,250.0,417.73094415141617,Active,2025-02-04,2025,2,4,35
EV14576,Delhi,DC Fast,Car,112.68,224.24275176305053,Active,2025-08-12,2025,8,12,224
EV14577,Kochi,Fast,Bus,45.09,49.661029155209974,Active,2025-06-05,2025,6,5,156
EV14578,Trivandrum,Level 2,Bike,81.03,287.275381223586,Active,2025-07-10,2025,7,10,191
EV14579,Mumbai,Fast,Bus,78.33,102.21946624048313,Active,2025-07-03,2025,7,3,184
EV14580,Bangalore,DC Fast,Bike,154.16,483.4484635294029,Active,2025-08-25,2025,8,25,237
EV14581,Trivandrum,DC Fast,Bike,97.52,272.94227159623597,Active,2025-10-24,2025,10,24,297
EV14582,Mumbai,Fast,Bus,204.95,285.70822104188505,Active,2025-11-19,2025,11,19,323
EV14583,Delhi,Level 2,Bike,110.15,455.4875421511125,Active,2025-10-31,2025,10,31,304
EV14584,Hyderabad,DC Fast,Bike,108.95,319.8009176725639,Active,2025-12-08,2025,12,8,342
EV14585,Mumbai,Super Fast,Car,120.15,165.31010105105943,Active,2025-02-27,2025,2,27,58
EV14586,Kochi,DC Fast,Bike,56.9,162.12541611841814,Inactive,2025-02-08,2025,2,8,39
EV14587,Delhi,Level 2,Bike,52.15,260.75775195509897,Inactive,2025-08-29,2025,8,29,241
EV14588,Delhi,DC Fast,Bus,250.0,435.97194988599625,Inactive,2025-01-25,2025,1,25,25
EV14589,Bangalore,Fast,Bus,201.68,401.4700835534137,Inactive,2025-11-12,2025,11,12,316
EV14590,Kochi,DC Fast,Bike,153.0,482.1154813072855,Active,2025-04-27,2025,4,27,117
EV14591,Bangalore,DC Fast,Car,63.35,54.505338969057746,Active,2025-12-08,2025,12,8,342
EV14592,Kochi,Level 2,Car,58.33,148.79651310288256,Active,2025-08-28,2025,8,28,240
EV14593,Bangalore,Fast,Bus,58.72,58.499699750588476,Inactive,2025-06-24,2025,6,24,175
EV14594,Mumbai,Level 2,Bike,74.2,380.5180130731694,Inactive,2025-12-06,2025,12,6,340
EV14595,Trivandrum,DC Fast,Bike,45.97,87.60017079218414,Active,2025-08-16,2025,8,16,228
EV14596,Hyderabad,Super Fast,Car,51.71,67.94543263885123,Active,2025-09-10,2025,9,10,253
EV14597,Hyderabad,DC Fast,Car,161.91,289.60265940778766,Active,2025-04-21,2025,4,21,111
EV14598,Kochi,Level 2,Car,71.99,217.5126618171961,Active,2025-08-29,2025,8,29,241
EV14599,Calicut,Super Fast,Bus,250.0,363.2486426059842,Active,2025-08-12,2025,8,12,224
EV14600,Chennai,Level 2,Bike,54.91,253.76738801613104,Inactive,2025-10-25,2025,10,25,298
EV14601,Delhi,Level 2,Bus,128.04,224.16060605141732,Active,2025-02-21,2025,2,21,52
EV14602,Delhi,Fast,Bike,64.63,224.24021539854604,Inactive,2025-08-09,2025,8,9,221
EV14603,Kochi,Super Fast,Bus,250.0,438.50066259145024,Active,2025-10-31,2025,10,31,304
EV14604,Mumbai,DC Fast,Bike,75.16,209.70831234678388,Active,2025-10-15,2025,10,15,288
EV14605,Bangalore,Level 2,Car,48.85,180.03062132942406,Inactive,2025-06-01,2025,6,1,152
EV14606,Calicut,DC Fast,Car,89.17,182.49683697091007,Active,2025-04-28,2025,4,28,118
EV14607,Trivandrum,Fast,Car,60.81,114.36838247114734,Active,2025-10-06,2025,10,6,279
EV14608,Bangalore,Fast,Bus,228.18,433.13064827551494,Inactive,2025-05-15,2025,5,15,135
EV14609,Bangalore,Super Fast,Car,50.34,90.38279121323916,Inactive,2025-07-28,2025,7,28,209
EV14610,Kochi,Fast,Bike,121.13,456.13315414381054,Active,2025-05-07,2025,5,7,127
EV14611,Kochi,Fast,Bus,97.18,156.06450651728298,Active,2025-10-20,2025,10,20,293
EV14612,Mumbai,DC Fast,Bike,150.21,451.72487464344647,Active,2025-01-07,2025,1,7,7
EV14613,Delhi,Fast,Bus,222.99,399.593915270997,Inactive,2025-08-10,2025,8,10,222
EV14614,Kochi,Fast,Bike,50.47,299.35401005617217,Inactive,2025-03-18,2025,3,18,77
EV14615,Kochi,Level 2,Bike,63.95,341.3456018809276,Active,2025-12-04,2025,12,4,338
EV14616,Kochi,Fast,Bus,112.98,176.4051635959653,Active,2025-12-17,2025,12,17,351
EV14617,Mumbai,Level 2,Bus,129.85,295.62973487727794,Inactive,2025-10-05,2025,10,5,278
EV14618,Delhi,Fast,Car,70.93,160.3533923488146,Active,2025-11-30,2025,11,30,334
EV14619,Trivandrum,Fast,Car,94.36,213.0909506674216,Active,2025-12-04,2025,12,4,338
EV14620,Trivandrum,Super Fast,Bike,147.14,387.03802651003747,Active,2025-08-15,2025,8,15,227
EV14621,Chennai,Super Fast,Bike,54.23,137.08763062890378,Active,2025-10-02,2025,10,2,275
EV14622,Chennai,Level 2,Bike,100.54,422.6460876020181,Active,2025-12-17,2025,12,17,351
EV14623,Kochi,Fast,Bus,119.49,200.42376975919834,Active,2025-10-22,2025,10,22,295
EV14624,Chennai,DC Fast,Bus,192.43,275.4415812109669,Active,2025-04-27,2025,4,27,117
EV14625,Delhi,Super Fast,Car,239.39,472.1410340301792,Inactive,2025-10-19,2025,10,19,292
EV14626,Mumbai,DC Fast,Bike,125.19,347.0027024896999,Active,2025-09-28,2025,9,28,271
EV14627,Trivandrum,Super Fast,Car,178.0,329.88997416542117,Active,2025-06-06,2025,6,6,157
EV14628,Bangalore,Super Fast,Bus,250.0,361.57170925041396,Inactive,2025-03-01,2025,3,1,60
EV14629,Trivandrum,Fast,Bus,236.97,460.6934426050695,Inactive,2025-07-03,2025,7,3,184
EV14630,Trivandrum,Super Fast,Bus,132.76,139.2865804263252,Active,2025-05-24,2025,5,24,144
EV14631,Delhi,DC Fast,Car,180.76,314.3557787836824,Active,2025-06-10,2025,6,10,161
EV14632,Chennai,Super Fast,Bus,179.33,212.1890501041531,Active,2025-03-30,2025,3,30,89
EV14633,Bangalore,Level 2,Bike,34.33,25.690540740917083,Active,2025-01-16,2025,1,16,16
EV14634,Delhi,Fast,Car,40.87,80.14443027493242,Active,2025-09-06,2025,9,6,249
EV14635,Kochi,Fast,Bus,101.26,175.99610972652243,Active,2025-04-08,2025,4,8,98
EV14636,Mumbai,Level 2,Car,116.88,291.19998616731954,Active,2025-04-14,2025,4,14,104
EV14637,Hyderabad,Level 2,Car,111.71,443.10789281421035,Inactive,2025-10-27,2025,10,27,300
EV14638,Trivandrum,Level 2,Bus,197.41,399.73477673669095,Active,2025-08-23,2025,8,23,235
EV14639,Hyderabad,Super Fast,Bus,240.89,285.6001627629298,Active,2025-11-03,2025,11,3,307
EV14640,Mumbai,Fast,Car,35.13,55.45780059558446,Active,2025-10-01,2025,10,1,274
EV14641,Mumbai,Level 2,Car,77.93,157.23501938958972,Active,2025-09-18,2025,9,18,261
EV14642,Delhi,Super Fast,Bus,180.72,196.02015098827707,Active,2025-08-27,2025,8,27,239
EV14643,Delhi,Level 2,Bike,72.5,318.42424889784445,Inactive,2025-09-19,2025,9,19,262
EV14644,Delhi,DC Fast,Car,30.86,51.16333903032373,Inactive,2025-11-28,2025,11,28,332
EV14645,Hyderabad,DC Fast,Car,119.24,274.4929061602272,Inactive,2025-04-25,2025,4,25,115
EV14646,Delhi,Fast,Bike,135.25,452.70299654945944,Active,2025-09-25,2025,9,25,268
EV14647,Mumbai,Super Fast,Bus,250.0,358.60769393475334,Active,2025-01-12,2025,1,12,12
EV14648,Kochi,DC Fast,Bus,250.0,402.59686715012305,Active,2025-03-14,2025,3,14,73
EV14649,Delhi,DC Fast,Bike,117.74,347.20431121235526,Active,2025-12-28,2025,12,28,362
EV14650,Calicut,Super Fast,Bus,87.53,119.16277384284427,Inactive,2025-11-01,2025,11,1,305
EV14651,Chennai,Level 2,Bus,36.82,73.03223363168895,Inactive,2025-06-27,2025,6,27,178
EV14652,Hyderabad,Super Fast,Car,194.15,418.1555230423563,Inactive,2025-09-17,2025,9,17,260
EV14653,Calicut,Level 2,Car,83.84,353.8421292874536,Inactive,2025-09-16,2025,9,16,259
EV14654,Delhi,DC Fast,Car,129.51,296.0295482318567,Inactive,2025-09-27,2025,9,27,270
EV14655,Mumbai,DC Fast,Bike,65.33,110.85577518475807,Active,2025-11-16,2025,11,16,320
EV14656,Kochi,DC Fast,Bus,185.01,309.6055833496416,Inactive,2025-04-30,2025,4,30,120
EV14657,Trivandrum,Fast,Bus,42.93,35.03445690663669,Active,2025-06-18,2025,6,18,169
EV14658,Bangalore,Fast,Car,38.89,77.04278450910053,Inactive,2025-03-09,2025,3,9,68
EV14659,Chennai,Fast,Car,77.41,169.70727190612376,Active,2025-02-28,2025,2,28,59
EV14660,Bangalore,Super Fast,Bike,88.96,232.9943731573589,Active,2025-05-10,2025,5,10,130
EV14661,Delhi,DC Fast,Bus,62.7,77.87095799456017,Inactive,2025-09-23,2025,9,23,266
EV14662,Chennai,DC Fast,Bike,43.35,77.57128825161718,Active,2025-03-16,2025,3,16,75
EV14663,Chennai,Super Fast,Bus,250.0,368.42895708014504,Inactive,2025-03-31,2025,3,31,90
EV14664,Kochi,Fast,Bike,81.74,293.4653151360731,Active,2025-12-23,2025,12,23,357
EV14665,Chennai,Super Fast,Car,170.69,276.1961507732792,Active,2025-06-03,2025,6,3,154
EV14666,Hyderabad,Fast,Bike,82.27,237.16855765642399,Active,2025-08-06,2025,8,6,218
EV14667,Calicut,DC Fast,Bike,134.03,488.74069104539063,Active,2025-01-28,2025,1,28,28
EV14668,Calicut,Level 2,Car,39.74,43.90413578930085,Active,2025-05-10,2025,5,10,130
EV14669,Calicut,Fast,Bus,65.35,106.70104455755717,Active,2025-03-07,2025,3,7,66
EV14670,Hyderabad,DC Fast,Bus,250.0,330.8037235525939,Active,2025-05-24,2025,5,24,144
EV14671,Bangalore,DC Fast,Car,60.45,85.45551384859584,Active,2025-11-09,2025,11,9,313
EV14672,Kochi,Level 2,Bike,69.11,302.9028502444034,Active,2025-10-04,2025,10,4,277
EV14673,Chennai,DC Fast,Bike,96.67,292.5253882309184,Active,2025-04-13,2025,4,13,103
EV14674,Hyderabad,DC Fast,Bike,137.77,486.08248814702813,Inactive,2025-11-10,2025,11,10,314
EV14675,Calicut,Fast,Bus,236.62,444.0255137835307,Active,2025-02-06,2025,2,6,37
EV14676,Delhi,Fast,Bike,145.54,473.86560500837726,Active,2025-09-06,2025,9,6,249
EV14677,Trivandrum,Level 2,Bus,61.97,74.52913734751021,Active,2025-06-05,2025,6,5,156
EV14678,Chennai,Level 2,Bike,97.89,436.71124988201063,Active,2025-05-12,2025,5,12,132
EV14679,Hyderabad,DC Fast,Car,55.36,81.96351762958686,Active,2025-02-16,2025,2,16,47
EV14680,Mumbai,Fast,Car,147.03,323.8074457011147,Active,2025-07-14,2025,7,14,195
EV14681,Hyderabad,Level 2,Bus,162.41,365.6375171254411,Active,2025-04-13,2025,4,13,103
EV14682,Kochi,Level 2,Bus,62.6,97.20967911165721,Active,2025-11-24,2025,11,24,328
EV14683,Kochi,Super Fast,Car,169.71,323.67650044617903,Active,2025-06-20,2025,6,20,171
EV14684,Hyderabad,Level 2,Car,22.66,45.18103659775715,Inactive,2025-03-30,2025,3,30,89
EV14685,Calicut,DC Fast,Bike,62.9,160.76772115655848,Active,2025-09-03,2025,9,3,246
EV14686,Trivandrum,Fast,Car,186.4,462.156077088376,Active,2025-02-27,2025,2,27,58
EV14687,Chennai,Level 2,Bus,65.3,102.43095819289721,Active,2025-04-15,2025,4,15,105
EV14688,Kochi,Super Fast,Car,48.84,51.3295963761572,Active,2025-06-29,2025,6,29,180
EV14689,Chennai,Fast,Bus,164.93,232.9655358346205,Active,2025-03-10,2025,3,10,69
EV14690,Calicut,Level 2,Bus,181.8,428.29674009309036,Active,2025-10-29,2025,10,29,302
EV14691,Chennai,Super Fast,Bike,33.64,56.80274334477918,Active,2025-06-02,2025,6,2,153
EV14692,Delhi,Level 2,Bike,53.93,190.6569753105961,Active,2025-01-25,2025,1,25,25
EV14693,Kochi,Fast,Bike,110.27,451.8919205884766,Active,2025-02-04,2025,2,4,35
EV14694,Calicut,Fast,Bike,50.34,76.71466397333808,Active,2025-01-15,2025,1,15,15
EV14695,Calicut,Fast,Car,79.21,169.12088283773437,Active,2025-04-16,2025,4,16,106
EV14696,Trivandrum,DC Fast,Bike,128.83,393.64189353713783,Active,2025-08-06,2025,8,6,218
EV14697,Trivandrum,Level 2,Car,108.2,280.74127382662607,Active,2025-03-15,2025,3,15,74
EV14698,Delhi,DC Fast,Bike,134.8,419.5199075041199,Active,2025-12-10,2025,12,10,344
EV14699,Calicut,Fast,Bike,20.33,73.56578866342323,Inactive,2025-10-12,2025,10,12,285
EV14700,Bangalore,Super Fast,Bus,250.0,461.86600226226693,Inactive,2025-02-07,2025,2,7,38
EV14701,Calicut,Level 2,Car,125.51,468.7576613673002,Active,2025-07-16,2025,7,16,197
EV14702,Trivandrum,DC Fast,Bus,66.75,94.55024967041905,Inactive,2025-10-07,2025,10,7,280
EV14703,Bangalore,Level 2,Bike,10.0,36.26022291524002,Active,2025-10-02,2025,10,2,275
EV14704,Kochi,Super Fast,Car,250.0,495.123863338673,Active,2025-06-23,2025,6,23,174
EV14705,Kochi,DC Fast,Bike,93.16,251.48076430516372,Active,2025-11-01,2025,11,1,305
EV14706,Chennai,Fast,Bus,190.27,294.59619393700706,Active,2025-02-13,2025,2,13,44
EV14707,Hyderabad,DC Fast,Car,180.2,315.6342721599566,Active,2025-06-03,2025,6,3,154
EV14708,Trivandrum,Level 2,Bus,184.73,399.0408621346413,Active,2025-06-02,2025,6,2,153
EV14709,Hyderabad,Level 2,Bike,90.43,409.7542251420406,Active,2025-10-18,2025,10,18,291
EV14710,Bangalore,Level 2,Bike,37.68,113.08410767349146,Inactive,2025-05-22,2025,5,22,142
EV14711,Trivandrum,Level 2,Bike,70.8,133.58563550409275,Active,2025-09-13,2025,9,13,256
EV14712,Delhi,Fast,Car,170.38,440.8798538942586,Inactive,2025-11-08,2025,11,8,312
EV14713,Calicut,DC Fast,Bus,250.0,413.3684502802815,Active,2025-05-14,2025,5,14,134
EV14714,Delhi,Fast,Bus,214.32,316.45730314589855,Active,2025-02-01,2025,2,1,32
EV14715,Bangalore,Fast,Bike,138.22,497.4555963799279,Active,2025-01-26,2025,1,26,26
EV14716,Trivandrum,Fast,Bus,231.32,372.88829290463536,Active,2025-09-12,2025,9,12,255
EV14717,Mumbai,Level 2,Car,73.27,123.60164870251947,Active,2025-08-11,2025,8,11,223
EV14718,Bangalore,Level 2,Bike,99.92,426.38915087968553,Active,2025-02-25,2025,2,25,56
EV14719,Mumbai,Level 2,Bike,57.75,219.07166545766722,Active,2025-10-20,2025,10,20,293
EV14720,Calicut,DC Fast,Bike,43.86,37.35327705981881,Active,2025-05-05,2025,5,5,125
EV14721,Kochi,Super Fast,Car,94.95,174.2822133496019,Active,2025-08-18,2025,8,18,230
EV14722,Kochi,Level 2,Bike,78.71,386.50459234850496,Active,2025-02-22,2025,2,22,53
EV14723,Bangalore,DC Fast,Bike,135.79,480.8989794495071,Inactive,2025-04-11,2025,4,11,101
EV14724,Hyderabad,Level 2,Bike,40.1,152.54547982553305,Active,2025-11-30,2025,11,30,334
EV14725,Trivandrum,Level 2,Bike,37.89,138.32783571666323,Inactive,2025-10-19,2025,10,19,292
EV14726,Trivandrum,Fast,Bus,174.55,290.53596108718403,Active,2025-12-23,2025,12,23,357
EV14727,Kochi,Fast,Bike,105.71,409.6082718379745,Active,2025-09-24,2025,9,24,267
EV14728,Chennai,Fast,Car,157.41,378.3323274372544,Active,2025-10-10,2025,10,10,283
EV14729,Delhi,DC Fast,Bike,104.32,288.7802732301519,Active,2025-01-02,2025,1,2,2
EV14730,Chennai,Super Fast,Bike,99.43,323.06704717494966,Inactive,2025-01-22,2025,1,22,22
EV14731,Calicut,Super Fast,Bus,125.72,136.20749951664513,Active,2025-03-07,2025,3,7,66
EV14732,Delhi,DC Fast,Bike,75.86,227.6356472016083,Inactive,2025-07-31,2025,7,31,212
EV14733,Delhi,Level 2,Bus,77.55,142.57550072974396,Inactive,2025-08-24,2025,8,24,236
EV14734,Bangalore,DC Fast,Car,230.26,444.5206279254261,Active,2025-01-17,2025,1,17,17
EV14735,Kochi,Level 2,Bus,45.67,74.02616353544757,Active,2025-01-14,2025,1,14,14
EV14736,Chennai,DC Fast,Bike,116.92,346.27546777105795,Active,2025-01-07,2025,1,7,7
EV14737,Chennai,DC Fast,Car,87.37,144.93593463921127,Active,2025-12-01,2025,12,1,335
EV14738,Kochi,DC Fast,Bike,63.19,248.27715666486387,Active,2025-08-10,2025,8,10,222
EV14739,Chennai,Super Fast,Bus,150.23,163.71813451838372,Active,2025-04-14,2025,4,14,104
EV14740,Mumbai,Fast,Car,97.72,175.1577521885464,Active,2025-01-01,2025,1,1,1
EV14741,Kochi,DC Fast,Car,75.17,144.98864653329053,Active,2025-10-14,2025,10,14,287
EV14742,Bangalore,Super Fast,Bus,250.0,381.3406021738105,Active,2025-09-04,2025,9,4,247
EV14743,Hyderabad,Fast,Bus,113.19,195.5436114459426,Inactive,2025-04-01,2025,4,1,91
EV14744,Delhi,Fast,Car,165.21,368.6513685027597,Active,2025-11-10,2025,11,10,314
EV14745,Bangalore,DC Fast,Car,136.72,238.91356644992612,Active,2025-11-08,2025,11,8,312
EV14746,Trivandrum,Level 2,Bus,133.92,282.6781002081379,Active,2025-08-02,2025,8,2,214
EV14747,Calicut,Level 2,Bike,55.82,280.7779883424739,Inactive,2025-02-12,2025,2,12,43
EV14748,Hyderabad,Level 2,Car,158.95,488.4089980849226,Active,2025-03-15,2025,3,15,74
EV14749,Trivandrum,DC Fast,Bus,128.22,196.18997874125657,Inactive,2025-08-30,2025,8,30,242
EV14750,Delhi,Level 2,Bike,48.12,119.68836579084683,Inactive,2025-02-18,2025,2,18,49
EV14751,Chennai,Super Fast,Car,210.27,457.66013137596906,Inactive,2025-12-30,2025,12,30,364
EV14752,Kochi,Super Fast,Car,78.14,103.92285887147516,Active,2025-11-12,2025,11,12,316
EV14753,Delhi,Super Fast,Bus,250.0,420.52296600528547,Active,2025-08-10,2025,8,10,222
EV14754,Bangalore,Super Fast,Bike,41.93,92.10314982412439,Inactive,2025-12-16,2025,12,16,350
EV14755,Calicut,Fast,Car,106.26,336.187680429155,Inactive,2025-05-24,2025,5,24,144
EV14756,Bangalore,Super Fast,Bike,30.8,92.2595903669773,Inactive,2025-11-25,2025,11,25,329
EV14757,Hyderabad,Level 2,Bike,104.23,463.08119323492616,Active,2025-07-28,2025,7,28,209
EV14758,Hyderabad,DC Fast,Car,156.81,291.20397567335897,Active,2025-04-09,2025,4,9,99
EV14759,Calicut,Level 2,Bike,47.94,178.05144278724202,Active,2025-07-07,2025,7,7,188
EV14760,Mumbai,Super Fast,Car,72.84,87.35493198252556,Inactive,2025-04-24,2025,4,24,114
EV14761,Trivandrum,Fast,Bike,68.27,198.1722733500771,Inactive,2025-06-24,2025,6,24,175
EV14762,Trivandrum,Super Fast,Car,214.87,358.40961673702964,Active,2025-09-28,2025,9,28,271
EV14763,Hyderabad,DC Fast,Bus,160.03,204.77642428570263,Active,2025-03-04,2025,3,4,63
EV14764,Hyderabad,Level 2,Car,57.6,138.12518532581316,Active,2025-10-11,2025,10,11,284
EV14765,Chennai,DC Fast,Car,146.64,297.15653518103227,Active,2025-08-13,2025,8,13,225
EV14766,Kochi,DC Fast,Car,113.13,220.5544893618174,Active,2025-06-10,2025,6,10,161
EV14767,Chennai,DC Fast,Bike,47.17,99.58699329454032,Active,2025-02-05,2025,2,5,36
EV14768,Chennai,Level 2,Bus,64.24,93.91423533317926,Active,2025-05-21,2025,5,21,141
EV14769,Mumbai,Super Fast,Bike,136.2,359.58175530649027,Active,2025-11-14,2025,11,14,318
EV14770,Trivandrum,DC Fast,Bike,120.27,487.8425098478031,Inactive,2025-07-15,2025,7,15,196
EV14771,Mumbai,Level 2,Car,39.12,131.88515401378706,Inactive,2025-05-31,2025,5,31,151
EV14772,Mumbai,Fast,Bike,91.81,391.11132839911517,Inactive,2025-09-26,2025,9,26,269
EV14773,Calicut,Level 2,Car,39.52,62.0512171762233,Inactive,2025-12-10,2025,12,10,344
EV14774,Trivandrum,Fast,Bus,123.18,203.1564411450472,Active,2025-02-09,2025,2,9,40
EV14775,Kochi,Level 2,Bike,67.12,263.21031334796334,Inactive,2025-08-26,2025,8,26,238
EV14776,Bangalore,Super Fast,Bike,67.32,148.99853373908877,Inactive,2025-08-10,2025,8,10,222
EV14777,Hyderabad,DC Fast,Bike,100.02,274.1976399268402,Active,2025-10-08,2025,10,8,281
EV14778,Hyderabad,Super Fast,Car,250.0,443.6549252786501,Active,2025-08-13,2025,8,13,225
EV14779,Kochi,Level 2,Car,118.43,473.3302219303969,Inactive,2025-06-03,2025,6,3,154
EV14780,Mumbai,DC Fast,Bike,30.34,68.26733809906374,Inactive,2025-10-07,2025,10,7,280
EV14781,Chennai,Fast,Bike,53.36,150.4860483124171,Active,2025-12-19,2025,12,19,353
EV14782,Calicut,Level 2,Bus,189.53,489.98428040850797,Active,2025-02-08,2025,2,8,39
EV14783,Mumbai,DC Fast,Bus,118.62,149.80083699307696,Inactive,2025-08-05,2025,8,5,217
EV14784,Hyderabad,Fast,Bus,180.06,352.4995285488517,Inactive,2025-09-01,2025,9,1,244
EV14785,Delhi,Fast,Bus,99.48,141.65777305777505,Active,2025-04-19,2025,4,19,109
EV14786,Chennai,Super Fast,Bus,166.54,191.05548479409836,Active,2025-03-02,2025,3,2,61
EV14787,Hyderabad,Level 2,Car,52.42,111.81391419051079,Active,2025-07-17,2025,7,17,198
EV14788,Delhi,Fast,Bus,250.0,431.0240929746297,Active,2025-10-03,2025,10,3,276
EV14789,Mumbai,DC Fast,Bus,250.0,443.6714066333619,Inactive,2025-06-21,2025,6,21,172
EV14790,Kochi,Fast,Bike,52.92,162.51800379940715,Active,2025-09-29,2025,9,29,272
EV14791,Kochi,Fast,Car,169.76,415.3231156019024,Active,2025-09-28,2025,9,28,271
EV14792,Chennai,Super Fast,Bus,133.11,191.95599201775235,Inactive,2025-02-11,2025,2,11,42
EV14793,Hyderabad,Super Fast,Bus,76.4,67.52932298967599,Active,2025-07-08,2025,7,8,189
EV14794,Trivandrum,DC Fast,Bus,220.6,383.87667070019523,Inactive,2025-09-17,2025,9,17,260
EV14795,Delhi,Super Fast,Bike,107.57,306.29419947144544,Active,2025-06-01,2025,6,1,152
EV14796,Calicut,Fast,Bike,35.55,151.7035729619602,Inactive,2025-05-11,2025,5,11,131
EV14797,Hyderabad,Fast,Bike,39.8,141.4398754456866,Inactive,2025-04-24,2025,4,24,114
EV14798,Calicut,Super Fast,Bus,250.0,488.2992178315142,Active,2025-08-10,2025,8,10,222
EV14799,Hyderabad,Fast,Bike,103.82,434.0004996286838,Inactive,2025-02-23,2025,2,23,54
EV14800,Trivandrum,Fast,Bus,202.41,408.7031980994071,Inactive,2025-12-04,2025,12,4,338
EV14801,Trivandrum,DC Fast,Car,44.84,81.4485001479995,Inactive,2025-10-23,2025,10,23,296
EV14802,Chennai,Super Fast,Bus,250.0,382.489891639165,Active,2025-02-11,2025,2,11,42
EV14803,Chennai,Fast,Bike,38.43,122.97930617757754,Active,2025-04-03,2025,4,3,93
EV14804,Trivandrum,Super Fast,Car,250.0,489.1466927399556,Active,2025-09-17,2025,9,17,260
EV14805,Bangalore,DC Fast,Bus,62.76,45.00281022188369,Active,2025-10-08,2025,10,8,281
EV14806,Trivandrum,Super Fast,Car,106.71,189.02647210891692,Active,2025-12-22,2025,12,22,356
EV14807,Kochi,Fast,Car,94.32,225.7509635737833,Active,2025-07-11,2025,7,11,192
EV14808,Kochi,Super Fast,Car,190.33,415.6173975498821,Inactive,2025-05-05,2025,5,5,125
EV14809,Bangalore,Fast,Bus,250.0,387.78695264194215,Active,2025-10-23,2025,10,23,296
EV14810,Mumbai,Fast,Bike,53.88,199.996229574363,Inactive,2025-12-14,2025,12,14,348
EV14811,Delhi,Fast,Bus,170.09,291.4689408598596,Inactive,2025-12-07,2025,12,7,341
EV14812,Mumbai,DC Fast,Bike,141.74,421.0856785317106,Active,2025-02-04,2025,2,4,35
EV14813,Calicut,Super Fast,Bus,30.87,28.735804232505302,Active,2025-02-16,2025,2,16,47
EV14814,Mumbai,DC Fast,Bus,250.0,405.04548777174665,Inactive,2025-06-02,2025,6,2,153
EV14815,Hyderabad,Super Fast,Bus,250.0,474.5100921641802,Active,2025-08-26,2025,8,26,238
EV14816,Mumbai,DC Fast,Bike,29.18,35.39097031240216,Active,2025-01-05,2025,1,5,5
EV14817,Hyderabad,Level 2,Bus,35.91,41.878873797527646,Inactive,2025-05-05,2025,5,5,125
EV14818,Bangalore,Fast,Car,84.9,185.36672267168964,Active,2025-11-24,2025,11,24,328
EV14819,Kochi,Fast,Bus,41.6,62.129390608483774,Inactive,2025-03-28,2025,3,28,87
EV14820,Chennai,DC Fast,Car,122.23,250.05251854106635,Inactive,2025-01-03,2025,1,3,3
EV14821,Hyderabad,Level 2,Bike,98.94,369.78112884309377,Active,2025-06-14,2025,6,14,165
EV14822,Kochi,Fast,Bike,60.17,292.1116328152725,Inactive,2025-08-11,2025,8,11,223
EV14823,Delhi,Super Fast,Bus,113.49,114.28731635491536,Active,2025-12-15,2025,12,15,349
EV14824,Calicut,DC Fast,Bus,180.1,334.3094240145717,Inactive,2025-10-24,2025,10,24,297
EV14825,Delhi,Fast,Bus,190.04,348.7301500058796,Inactive,2025-12-09,2025,12,9,343
EV14826,Bangalore,Fast,Car,195.69,467.574058728807,Active,2025-12-07,2025,12,7,341
EV14827,Mumbai,DC Fast,Bike,52.1,90.46251074098353,Active,2025-01-25,2025,1,25,25
EV14828,Mumbai,DC Fast,Car,200.42,352.3213591566672,Active,2025-02-08,2025,2,8,39
EV14829,Trivandrum,Super Fast,Car,250.0,457.4850650495108,Active,2025-04-15,2025,4,15,105
EV14830,Trivandrum,Super Fast,Bus,187.01,260.7507935939044,Inactive,2025-01-05,2025,1,5,5
EV14831,Trivandrum,Fast,Bus,127.41,193.66384633426708,Active,2025-05-16,2025,5,16,136
EV14832,Delhi,Fast,Car,68.96,101.95975722615597,Active,2025-01-04,2025,1,4,4
EV14833,Hyderabad,DC Fast,Car,225.81,436.0577055150837,Active,2025-06-18,2025,6,18,169
EV14834,Calicut,Fast,Bus,112.49,209.23825992348532,Active,2025-11-12,2025,11,12,316
EV14835,Trivandrum,Fast,Bus,212.78,463.9435727684923,Inactive,2025-11-06,2025,11,6,310
EV14836,Bangalore,DC Fast,Car,223.29,426.9239831027726,Active,2025-03-19,2025,3,19,78
EV14837,Bangalore,Fast,Bus,124.74,200.78712886265396,Inactive,2025-01-19,2025,1,19,19
EV14838,Trivandrum,Fast,Bus,153.87,295.478868294206,Inactive,2025-07-24,2025,7,24,205
EV14839,Mumbai,Level 2,Car,34.94,33.0435374210823,Active,2025-12-21,2025,12,21,355
EV14840,Trivandrum,Super Fast,Car,86.82,146.34627337622464,Active,2025-11-20,2025,11,20,324
EV14841,Calicut,DC Fast,Bike,106.95,360.9309673132398,Active,2025-02-02,2025,2,2,33
EV14842,Trivandrum,Level 2,Car,124.34,345.3972540062081,Active,2025-05-30,2025,5,30,150
EV14843,Calicut,Super Fast,Bus,155.97,189.6173405800405,Active,2025-07-12,2025,7,12,193
EV14844,Bangalore,Super Fast,Car,200.02,408.13185531653914,Inactive,2025-05-19,2025,5,19,139
EV14845,Trivandrum,Super Fast,Car,79.58,133.20130491193814,Inactive,2025-09-29,2025,9,29,272
EV14846,Delhi,Level 2,Car,94.69,241.40985591309038,Active,2025-07-15,2025,7,15,196
EV14847,Chennai,Level 2,Bike,71.38,246.81470494923238,Active,2025-05-07,2025,5,7,127
EV14848,Delhi,Super Fast,Bike,83.88,183.59204905760822,Active,2025-12-15,2025,12,15,349
EV14849,Bangalore,Fast,Bus,244.72,478.2397285400803,Inactive,2025-08-19,2025,8,19,231
EV14850,Calicut,Fast,Bike,82.33,354.40833608724864,Active,2025-02-13,2025,2,13,44
EV14851,Delhi,Level 2,Car,113.88,278.81568095710475,Active,2025-08-18,2025,8,18,230
EV14852,Calicut,Level 2,Bike,52.13,265.04724482655126,Active,2025-08-04,2025,8,4,216
EV14853,Delhi,Level 2,Car,45.2,96.46212438612635,Inactive,2025-09-01,2025,9,1,244
EV14854,Delhi,Super Fast,Bike,93.57,198.64971059268717,Active,2025-01-09,2025,1,9,9
EV14855,Calicut,Fast,Bike,102.73,342.93119106997153,Active,2025-09-07,2025,9,7,250
EV14856,Hyderabad,Level 2,Bike,102.17,463.79370544963217,Active,2025-07-19,2025,7,19,200
EV14857,Delhi,Level 2,Car,155.47,411.9027485080825,Active,2025-11-30,2025,11,30,334
EV14858,Trivandrum,DC Fast,Bike,54.97,164.18710590078615,Inactive,2025-03-20,2025,3,20,79
EV14859,Chennai,Super Fast,Car,136.33,228.299180331168,Active,2025-09-02,2025,9,2,245
EV14860,Bangalore,DC Fast,Car,70.26,59.80040994214139,Active,2025-07-09,2025,7,9,190
EV14861,Hyderabad,Fast,Bus,42.15,69.04271505707877,Inactive,2025-03-27,2025,3,27,86
EV14862,Calicut,DC Fast,Bike,102.19,245.71058575938326,Active,2025-09-28,2025,9,28,271
EV14863,Hyderabad,DC Fast,Bus,223.26,274.50531527220807,Active,2025-09-19,2025,9,19,262
EV14864,Kochi,DC Fast,Bus,89.36,146.7330059345187,Inactive,2025-01-01,2025,1,1,1
EV14865,Kochi,Super Fast,Car,153.98,328.53569080925183,Inactive,2025-01-20,2025,1,20,20
EV14866,Delhi,Fast,Bike,95.18,357.62272907846614,Active,2025-05-10,2025,5,10,130
EV14867,Delhi,DC Fast,Car,87.95,163.5757431737397,Inactive,2025-11-22,2025,11,22,326
EV14868,Trivandrum,Super Fast,Car,180.65,384.0438683396201,Inactive,2025-09-15,2025,9,15,258
EV14869,Chennai,Fast,Bike,53.85,118.69036113878401,Active,2025-05-11,2025,5,11,131
EV14870,Bangalore,Level 2,Car,99.45,281.24066109227545,Active,2025-01-07,2025,1,7,7
EV14871,Hyderabad,DC Fast,Bike,133.83,406.0549249098432,Active,2025-12-06,2025,12,6,340
EV14872,Kochi,Fast,Bike,70.47,277.76436112762656,Inactive,2025-08-29,2025,8,29,241
EV14873,Delhi,DC Fast,Car,192.22,455.8221048901043,Inactive,2025-07-11,2025,7,11,192
EV14874,Mumbai,Level 2,Car,46.14,48.0805917798252,Active,2025-11-06,2025,11,6,310
EV14875,Mumbai,Fast,Bus,208.37,302.39064583590647,Active,2025-10-24,2025,10,24,297
EV14876,Bangalore,Super Fast,Car,181.71,289.64261722130726,Active,2025-04-25,2025,4,25,115
EV14877,Hyderabad,Fast,Bike,91.18,336.96959770048863,Active,2025-04-12,2025,4,12,102
EV14878,Delhi,Super Fast,Bus,250.0,420.03528256654766,Active,2025-12-04,2025,12,4,338
EV14879,Delhi,Fast,Bike,98.2,368.4094804824296,Active,2025-11-15,2025,11,15,319
EV14880,Kochi,Super Fast,Bus,250.0,399.33571297896407,Active,2025-01-01,2025,1,1,1
EV14881,Kochi,Level 2,Car,55.32,158.63202834445832,Active,2025-01-25,2025,1,25,25
EV14882,Delhi,Level 2,Car,75.58,205.99874171310302,Inactive,2025-07-28,2025,7,28,209
EV14883,Calicut,Level 2,Car,97.25,320.8529475421906,Inactive,2025-05-23,2025,5,23,143
EV14884,Delhi,Fast,Bike,81.36,285.6615065239689,Inactive,2025-07-16,2025,7,16,197
EV14885,Bangalore,Level 2,Bus,235.68,481.3298599858575,Active,2025-05-25,2025,5,25,145
EV14886,Delhi,DC Fast,Bike,50.67,109.6805599685213,Inactive,2025-05-29,2025,5,29,149
EV14887,Trivandrum,Level 2,Bus,91.22,188.613618776548,Inactive,2025-06-30,2025,6,30,181
EV14888,Chennai,Super Fast,Car,178.57,294.9225119767303,Active,2025-02-24,2025,2,24,55
EV14889,Trivandrum,Super Fast,Bike,160.09,436.62260956935296,Active,2025-12-29,2025,12,29,363
EV14890,Trivandrum,Super Fast,Car,207.32,466.087291851676,Inactive,2025-05-18,2025,5,18,138
EV14891,Calicut,Fast,Bike,48.36,181.2974387972473,Active,2025-07-28,2025,7,28,209
EV14892,Calicut,DC Fast,Car,36.79,52.21206153264879,Active,2025-07-04,2025,7,4,185
EV14893,Mumbai,Level 2,Bike,58.72,222.37745500264884,Active,2025-03-06,2025,3,6,65
EV14894,Delhi,DC Fast,Bike,77.71,209.2851887520834,Active,2025-02-06,2025,2,6,37
EV14895,Trivandrum,DC Fast,Bus,250.0,493.513792606251,Active,2025-04-22,2025,4,22,112
EV14896,Calicut,Super Fast,Car,103.9,226.90939725957892,Active,2025-09-20,2025,9,20,263
EV14897,Kochi,Super Fast,Bus,140.85,166.74703966555012,Active,2025-03-17,2025,3,17,76
EV14898,Delhi,Super Fast,Bus,191.09,195.38113977676832,Active,2025-10-23,2025,10,23,296
EV14899,Bangalore,Fast,Car,91.67,210.52461469943066,Inactive,2025-06-27,2025,6,27,178
EV14900,Chennai,DC Fast,Bike,103.66,414.33938345437565,Inactive,2025-09-11,2025,9,11,254
EV14901,Hyderabad,DC Fast,Bus,74.72,58.8871485590068,Active,2025-01-01,2025,1,1,1
EV14902,Delhi,Fast,Car,78.13,171.92338346001281,Active,2025-05-28,2025,5,28,148
EV14903,Hyderabad,Fast,Bike,128.97,483.8328761154078,Active,2025-12-30,2025,12,30,364
EV14904,Trivandrum,Fast,Bus,69.06,93.48920230342398,Active,2025-06-08,2025,6,8,159
EV14905,Chennai,DC Fast,Bus,222.35,376.4486343356432,Inactive,2025-11-20,2025,11,20,324
EV14906,Hyderabad,DC Fast,Bus,163.29,191.06888057517938,Active,2025-09-25,2025,9,25,268
EV14907,Trivandrum,Super Fast,Bike,112.51,299.25705257337216,Active,2025-05-30,2025,5,30,150
EV14908,Kochi,Super Fast,Bus,72.38,67.78305848426339,Active,2025-05-09,2025,5,9,129
EV14909,Hyderabad,DC Fast,Bike,73.35,167.07760032989432,Active,2025-05-06,2025,5,6,126
EV14910,Chennai,Super Fast,Bus,221.6,260.41517199722637,Active,2025-01-01,2025,1,1,1
EV14911,Mumbai,Fast,Car,72.95,131.21631592441202,Active,2025-04-27,2025,4,27,117
EV14912,Delhi,Level 2,Bus,134.87,280.09757266551304,Inactive,2025-05-29,2025,5,29,149
EV14913,Trivandrum,Super Fast,Car,87.59,125.48447075010384,Active,2025-09-26,2025,9,26,269
EV14914,Delhi,DC Fast,Car,171.62,332.0482652722659,Active,2025-07-08,2025,7,8,189
EV14915,Chennai,Super Fast,Car,250.0,454.0900833201508,Active,2025-05-21,2025,5,21,141
EV14916,Calicut,Super Fast,Bike,44.18,61.034545928754284,Active,2025-04-15,2025,4,15,105
EV14917,Trivandrum,Super Fast,Car,74.75,123.97569717252145,Active,2025-09-09,2025,9,9,252
EV14918,Hyderabad,Level 2,Bus,200.43,425.32305308495836,Active,2025-10-08,2025,10,8,281
EV14919,Trivandrum,Fast,Bike,78.63,323.14567301213964,Inactive,2025-12-10,2025,12,10,344
EV14920,Delhi,DC Fast,Car,48.02,57.78028022843131,Active,2025-04-11,2025,4,11,101
EV14921,Kochi,Level 2,Bike,71.78,253.44805525255777,Active,2025-10-09,2025,10,9,282
EV14922,Trivandrum,DC Fast,Bike,32.33,120.68408720544082,Active,2025-12-24,2025,12,24,358
EV14923,Hyderabad,DC Fast,Bike,55.89,115.56626915363347,Active,2025-06-12,2025,6,12,163
EV14924,Calicut,DC Fast,Bus,250.0,471.5097648130514,Active,2025-07-22,2025,7,22,203
EV14925,Mumbai,Level 2,Car,149.96,385.5399430765323,Active,2025-04-10,2025,4,10,100
EV14926,Bangalore,Fast,Bike,101.42,354.190684891589,Active,2025-10-08,2025,10,8,281
EV14927,Kochi,DC Fast,Bike,52.29,134.68583219737212,Active,2025-09-14,2025,9,14,257
EV14928,Mumbai,Fast,Bike,39.03,76.91524785965623,Active,2025-04-04,2025,4,4,94
EV14929,Calicut,Fast,Car,160.35,437.99965821696804,Active,2025-11-20,2025,11,20,324
EV14930,Trivandrum,Super Fast,Bike,22.32,22.822193284376446,Active,2025-10-06,2025,10,6,279
EV14931,Delhi,Level 2,Bike,56.17,206.2862833764894,Active,2025-08-15,2025,8,15,227
EV14932,Chennai,Level 2,Bus,98.33,153.2540014214401,Active,2025-12-28,2025,12,28,362
EV14933,Delhi,Super Fast,Car,181.61,293.78057616743536,Active,2025-05-30,2025,5,30,150
EV14934,Mumbai,Super Fast,Bus,136.13,140.24404922520065,Active,2025-12-17,2025,12,17,351
EV14935,Hyderabad,Fast,Car,82.01,169.37857247758782,Active,2025-03-03,2025,3,3,62
EV14936,Delhi,DC Fast,Car,226.76,428.0191303967329,Active,2025-05-09,2025,5,9,129
EV14937,Kochi,Level 2,Car,99.34,309.530635234169,Inactive,2025-07-06,2025,7,6,187
EV14938,Delhi,DC Fast,Bus,66.01,89.92761311809682,Inactive,2025-03-09,2025,3,9,68
EV14939,Hyderabad,DC Fast,Bus,250.0,368.70634087799914,Active,2025-01-30,2025,1,30,30
EV14940,Bangalore,Super Fast,Bus,122.06,119.58041671034164,Active,2025-10-31,2025,10,31,304
EV14941,Trivandrum,DC Fast,Bus,162.72,227.84236645399045,Active,2025-10-02,2025,10,2,275
EV14942,Chennai,Fast,Bike,90.55,330.3714736828608,Active,2025-05-07,2025,5,7,127
EV14943,Mumbai,Super Fast,Bike,56.73,150.52617797959388,Active,2025-08-01,2025,8,1,213
EV14944,Trivandrum,DC Fast,Bike,64.11,204.37127104438025,Inactive,2025-11-02,2025,11,2,306
EV14945,Delhi,Super Fast,Car,238.26,372.3918067059924,Active,2025-05-14,2025,5,14,134
EV14946,Calicut,Fast,Bike,95.29,470.19725764368485,Inactive,2025-08-07,2025,8,7,219
EV14947,Trivandrum,Fast,Car,127.13,274.03762734054703,Active,2025-11-15,2025,11,15,319
EV14948,Bangalore,DC Fast,Bus,40.92,24.786066347178917,Active,2025-06-06,2025,6,6,157
EV14949,Delhi,Super Fast,Car,111.94,182.46260059607863,Inactive,2025-07-07,2025,7,7,188
EV14950,Chennai,DC Fast,Car,88.85,211.34448072585653,Inactive,2025-06-11,2025,6,11,162
EV14951,Hyderabad,DC Fast,Bike,67.6,182.80333760107715,Inactive,2025-05-09,2025,5,9,129
EV14952,Bangalore,Super Fast,Bus,186.17,229.4090533354701,Inactive,2025-10-31,2025,10,31,304
EV14953,Delhi,DC Fast,Bus,250.0,323.67980183283186,Active,2025-03-30,2025,3,30,89
EV14954,Bangalore,Fast,Bike,49.74,78.14145295892152,Active,2025-06-11,2025,6,11,162
EV14955,Trivandrum,Super Fast,Bus,137.8,150.86264425640263,Active,2025-02-05,2025,2,5,36
EV14956,Chennai,Super Fast,Bus,221.58,263.6710812884598,Active,2025-08-15,2025,8,15,227
EV14957,Hyderabad,Super Fast,Bus,124.38,171.47518792638803,Inactive,2025-05-31,2025,5,31,151
EV14958,Delhi,Super Fast,Bike,152.7,495.7209623049725,Inactive,2025-03-22,2025,3,22,81
EV14959,Kochi,DC Fast,Bus,149.33,227.08710417799435,Inactive,2025-02-16,2025,2,16,47
EV14960,Mumbai,DC Fast,Car,232.58,437.5035937242638,Active,2025-07-23,2025,7,23,204
EV14961,Hyderabad,Fast,Car,194.81,450.32472109465493,Active,2025-05-28,2025,5,28,148
EV14962,Kochi,Level 2,Bus,160.23,421.28335986672795,Inactive,2025-08-19,2025,8,19,231
EV14963,Bangalore,Level 2,Bike,10.0,42.51115565368055,Active,2025-01-27,2025,1,27,27
EV14964,Calicut,Fast,Bike,106.24,474.9184311744087,Active,2025-07-08,2025,7,8,189
EV14965,Hyderabad,Level 2,Bike,46.96,81.79642982392492,Inactive,2025-06-14,2025,6,14,165
EV14966,Bangalore,Fast,Bus,49.81,36.51374130286136,Active,2025-07-31,2025,7,31,212
EV14967,Kochi,DC Fast,Bus,138.72,218.8974117951476,Inactive,2025-11-04,2025,11,4,308
EV14968,Trivandrum,Super Fast,Car,70.84,113.42433572377091,Active,2025-03-16,2025,3,16,75
EV14969,Trivandrum,Super Fast,Bike,65.08,108.41433423835338,Active,2025-04-02,2025,4,2,92
EV14970,Calicut,DC Fast,Car,76.57,158.15341442055228,Active,2025-03-03,2025,3,3,62
EV14971,Mumbai,Super Fast,Car,101.24,139.2346905184903,Active,2025-03-07,2025,3,7,66
EV14972,Hyderabad,Super Fast,Bike,138.33,348.7017930320735,Active,2025-03-21,2025,3,21,80
EV14973,Hyderabad,Level 2,Bus,74.16,109.65310718531363,Active,2025-05-20,2025,5,20,140
EV14974,Hyderabad,DC Fast,Bus,179.57,280.6967864946841,Inactive,2025-05-10,2025,5,10,130
EV14975,Mumbai,Level 2,Car,140.68,493.48474214889427,Inactive,2025-09-11,2025,9,11,254
EV14976,Bangalore,Level 2,Car,72.12,227.54356205901865,Active,2025-11-16,2025,11,16,320
EV14977,Chennai,Super Fast,Car,194.29,328.0990922218095,Active,2025-01-29,2025,1,29,29
EV14978,Chennai,Super Fast,Car,250.0,485.2984053103394,Active,2025-07-21,2025,7,21,202
EV14979,Calicut,DC Fast,Bike,41.02,86.06671905985485,Inactive,2025-08-25,2025,8,25,237
EV14980,Hyderabad,Super Fast,Car,131.25,220.9313644606637,Active,2025-03-28,2025,3,28,87
EV14981,Bangalore,Super Fast,Car,250.0,428.09235209372196,Active,2025-04-06,2025,4,6,96
EV14982,Trivandrum,DC Fast,Bus,250.0,467.5067277175423,Active,2025-10-14,2025,10,14,287
EV14983,Kochi,Super Fast,Bus,250.0,308.59330782027445,Active,2025-12-05,2025,12,5,339
EV14984,Bangalore,Level 2,Bus,52.86,88.84188921930722,Active,2025-10-16,2025,10,16,289
EV14985,Mumbai,DC Fast,Bike,129.74,452.7063602948744,Inactive,2025-09-09,2025,9,9,252
EV14986,Chennai,Super Fast,Bike,47.83,103.73435177165243,Inactive,2025-06-29,2025,6,29,180
EV14987,Chennai,Fast,Bus,127.91,189.3813671994169,Active,2025-04-10,2025,4,10,100
EV14988,Trivandrum,DC Fast,Bus,155.6,200.24382932588563,Active,2025-03-14,2025,3,14,73
EV14989,Trivandrum,DC Fast,Car,113.88,234.69993913886145,Active,2025-05-11,2025,5,11,131
EV14990,Mumbai,Fast,Car,175.58,399.2795916468558,Active,2025-07-01,2025,7,1,182
EV14991,Kochi,Super Fast,Bike,150.55,405.0293014891926,Active,2025-07-13,2025,7,13,194
EV14992,Trivandrum,Super Fast,Bike,120.49,365.4344351734948,Active,2025-01-18,2025,1,18,18
EV14993,Calicut,DC Fast,Car,47.11,30.621763722359177,Inactive,2025-05-06,2025,5,6,126
EV14994,Kochi,DC Fast,Bus,202.31,291.12564906423273,Active,2025-07-30,2025,7,30,211
EV14995,Trivandrum,Super Fast,Car,208.09,378.796618823072,Active,2025-01-07,2025,1,7,7
EV14996,Delhi,Super Fast,Bike,105.81,233.42011522954056,Active,2025-04-24,2025,4,24,114
EV14997,Bangalore,Level 2,Bike,99.04,473.5693017753903,Active,2025-12-06,2025,12,6,340
EV14998,Trivandrum,DC Fast,Car,205.91,415.4290505025685,Active,2025-03-25,2025,3,25,84
EV14999,Calicut,DC Fast,Car,160.14,326.31443143367875,Active,2025-12-05,2025,12,5,339
EV15000,Hyderabad,Fast,Car,44.94,49.96408816760642,Active,2025-12-27,2025,12,27,361
