Station_ID,City,Charger_Type,Vehicle_Type,Energy_Consumed_kWh,Grid_Load_kW,Station_Status,Date
EV10001,Kochi,Fast,Bus,189.5,333.67,Active,2025-09-19
EV10002,Calicut,DC Fast,Bus,112.87,473.04,Active,2025-01-28
EV10003,Trivandrum,DC Fast,Car,135.41,242.44,Active,2025-05-27
EV10004,Hyderabad,DC Fast,Car,33.96,477.68,Active,2025-05-25
EV10005,Kochi,Level 2,Car,185.51,300.7,Active,2025-12-30
EV10006,Kochi,Fast,Bus,136.01,198.43,Active,2025-09-18
EV10007,Hyderabad,Level 2,Car,229.49,44.68,Active,2025-04-26
EV10008,Calicut,Fast,Bike,74.74,95.02,Active,2025-02-16
EV10009,Delhi,Level 2,Car,178.24,329.69,Active,2025-12-10
EV10010,Trivandrum,Fast,Bus,171.45,162.27,Inactive,2025-07-17
EV10011,Trivandrum,Fast,Car,223.24,316.4,Active,2025-01-30
EV10012,Chennai,Slow,Bike,231.35,260.94,Active,2025-09-04
EV10013,Chennai,Slow,Car,169.03,235.63,Inactive,2025-08-04
EV10014,Kochi,Slow,Bus,60.62,37.05,Inactive,2025-08-31
EV10015,Chennai,Level 2,Bus,24.88,288.02,Active,2025-03-15
EV10016,Delhi,Fast,Bus,226.18,107.06,Inactive,2025-09-20
EV10017,Trivandrum,Slow,Bike,235.37,470.47,Inactive,2025-02-27
EV10018,Bengaluru,DC Fast,Car,218.31,101.19,Inactive,2025-05-31
EV10019,Delhi,Level 2,Bus,73.81,103.33,Active,2025-07-19
EV10020,Hyderabad,Fast,Bus,67.65,455.25,Active,2025-04-07
EV10021,Mumbai,Level 2,Car,34.02,74.35,Active,2025-11-10
EV10022,Hyderabad,Slow,Bus,187.4,277.74,Inactive,2025-12-16
EV10023,Trivandrum,DC Fast,Bike,79.71,30.7,Inactive,2025-04-06
EV10024,Hyderabad,Fast,Bike,40.66,382.01,Active,2025-10-15
EV10025,Mumbai,Level 2,Car,28.94,34.95,Active,2025-01-13
EV10026,Bengaluru,Slow,Bus,88.51,432.66,Active,2025-08-21
EV10027,Delhi,Fast,Car,53.97,328.83,Inactive,2025-09-07
EV10028,Calicut,Slow,Car,89.79,179.41,Inactive,2025-12-12
EV10029,Bengaluru,Level 2,Bike,227.79,192.37,Inactive,2025-01-23
EV10030,Chennai,Slow,Bike,38.17,174.81,Inactive,2025-06-12
EV10031,Calicut,Fast,Car,126.93,253.94,Active,2025-10-05
EV10032,Delhi,Fast,Car,195.07,52.42,Inactive,2025-08-18
EV10033,Calicut,Slow,Bike,196.74,368.84,Inactive,2025-06-17
EV10034,Mumbai,Slow,Bus,21.2,227.09,Active,2025-11-30
EV10035,Delhi,Slow,Bus,222.26,398.18,Inactive,2025-11-12
EV10036,Calicut,Fast,Car,17.68,318.15,Active,2025-09-06
EV10037,Hyderabad,Slow,Bus,26.02,351.81,Active,2025-06-01
EV10038,Kochi,Slow,Bike,182.11,423.19,Active,2025-09-29
EV10039,Chennai,Fast,Bus,94.17,468.7,Active,2025-02-22
EV10040,Hyderabad,DC Fast,Bus,48.22,163.58,Active,2025-08-09
EV10041,Trivandrum,Level 2,Car,99.04,460.29,Active,2025-07-01
EV10042,Chennai,DC Fast,Car,51.31,471.47,Active,2025-03-07
EV10043,Hyderabad,Level 2,Car,71.34,406.14,Inactive,2025-09-04
EV10044,Trivandrum,Level 2,Car,66.74,75.73,Active,2025-07-10
EV10045,Bengaluru,DC Fast,Bike,246.39,122.43,Inactive,2025-11-11
EV10046,Kochi,Fast,Bus,162.42,385.57,Active,2025-06-03
EV10047,Mumbai,Fast,Car,133.52,38.44,Inactive,2025-05-02
EV10048,Mumbai,DC Fast,Bike,47.99,499.5,Inactive,2025-05-21
EV10049,Calicut,Slow,Bus,181.77,29.22,Inactive,2025-06-26
EV10050,Calicut,Slow,Bus,128.66,93.33,Inactive,2025-05-04
EV10051,Bengaluru,Slow,Car,218.28,209.48,Inactive,2025-02-28
EV10052,Calicut,Level 2,Bike,148.82,49.02,Active,2025-04-01
EV10053,Delhi,DC Fast,Bike,148.55,372.99,Active,2025-12-28
EV10054,Kochi,DC Fast,Bus,235.68,219.93,Inactive,2025-09-19
EV10055,Bengaluru,Slow,Bike,48.39,181.36,Inactive,2025-08-29
EV10056,Delhi,Slow,Car,187.66,208.57,Active,2025-01-05
EV10057,Trivandrum,Level 2,Car,81.92,401.0,Active,2025-10-22
EV10058,Bengaluru,Slow,Bike,33.73,304.03,Active,2025-06-05
EV10059,Bengaluru,Fast,Bike,92.3,490.67,Active,2025-03-15
EV10060,Calicut,DC Fast,Bus,134.52,306.83,Inactive,2025-07-29
EV10061,Mumbai,Fast,Bus,196.2,127.04,Inactive,2025-02-09
EV10062,Kochi,Level 2,Bike,113.24,199.06,Active,2025-09-27
EV10063,Calicut,Level 2,Bus,225.99,463.77,Inactive,2025-09-22
EV10064,Calicut,Fast,Bike,101.15,192.28,Inactive,2025-11-29
EV10065,Delhi,DC Fast,Car,88.06,214.94,Inactive,2025-11-06
EV10066,Hyderabad,Level 2,Car,129.17,359.54,Inactive,2025-03-22
EV10067,Bengaluru,DC Fast,Bike,221.82,116.15,Inactive,2025-08-26
EV10068,Chennai,Slow,Bike,118.99,371.94,Active,2025-03-16
EV10069,Hyderabad,Level 2,Bus,149.06,403.78,Active,2025-06-27
EV10070,Mumbai,Level 2,Car,79.32,123.11,Inactive,2025-04-27
EV10071,Hyderabad,Slow,Bus,234.58,321.65,Active,2025-01-24
EV10072,Bengaluru,Level 2,Bus,122.11,484.53,Active,2025-06-19
EV10073,Delhi,Slow,Car,40.52,368.44,Active,2025-02-23
EV10074,Delhi,Fast,Bike,209.92,480.51,Inactive,2025-04-20
EV10075,Mumbai,Fast,Bike,27.17,421.16,Active,2025-10-16
EV10076,Calicut,Slow,Bike,118.87,231.11,Active,2025-02-16
EV10077,Hyderabad,Fast,Car,60.37,443.33,Active,2025-04-14
EV10078,Delhi,Fast,Bike,223.15,159.44,Inactive,2025-08-17
EV10079,Kochi,DC Fast,Bike,131.41,437.78,Active,2025-09-19
EV10080,Mumbai,DC Fast,Bus,122.42,269.83,Active,2025-04-10
EV10081,Calicut,Level 2,Car,105.59,20.69,Inactive,2025-06-04
EV10082,Delhi,Slow,Car,57.43,89.39,Active,2025-03-12
EV10083,Bengaluru,Slow,Car,185.68,428.51,Active,2025-04-27
EV10084,Kochi,Level 2,Bike,84.16,310.69,Active,2025-07-25
EV10085,Trivandrum,Slow,Bus,53.67,435.36,Inactive,2025-05-07
EV10086,Chennai,Slow,Bike,138.28,484.01,Inactive,2025-10-14
EV10087,Bengaluru,Slow,Car,97.59,391.48,Inactive,2025-11-06
EV10088,Hyderabad,DC Fast,Bike,42.27,409.56,Inactive,2025-02-06
EV10089,Delhi,DC Fast,Car,202.12,447.39,Inactive,2025-10-17
EV10090,Delhi,DC Fast,Car,123.6,142.42,Active,2025-01-27
EV10091,Trivandrum,DC Fast,Bus,236.65,158.92,Inactive,2025-10-21
EV10092,Hyderabad,Fast,Car,83.54,443.46,Inactive,2025-09-22
EV10093,Chennai,Slow,Bike,37.99,331.04,Active,2025-01-26
EV10094,Trivandrum,Fast,Bike,181.9,494.67,Inactive,2025-06-24
EV10095,Bengaluru,Level 2,Bus,174.49,328.3,Active,2025-01-27
EV10096,Mumbai,Slow,Bike,93.22,425.34,Active,2025-11-25
EV10097,Kochi,Level 2,Car,24.89,135.55,Inactive,2025-12-03
EV10098,Chennai,Slow,Bus,139.86,191.11,Active,2025-05-30
EV10099,Trivandrum,Level 2,Bike,84.05,189.62,Inactive,2025-01-21
EV10100,Chennai,Level 2,Bus,162.61,94.59,Inactive,2025-01-21
EV10101,Kochi,Fast,Bike,10.48,36.2,Inactive,2025-04-17
EV10102,Calicut,DC Fast,Bike,101.85,231.3,Inactive,2025-11-24
EV10103,Bengaluru,Fast,Car,75.56,436.47,Active,2025-04-25
EV10104,Kochi,DC Fast,Car,185.95,263.71,Active,2025-05-02
EV10105,Hyderabad,Fast,Bike,167.95,336.36,Inactive,2025-03-11
EV10106,Hyderabad,Fast,Bus,61.83,212.63,Inactive,2025-12-25
EV10107,Hyderabad,DC Fast,Bus,100.95,64.76,Active,2025-08-10
EV10108,Bengaluru,DC Fast,Bus,61.94,485.9,Active,2025-09-06
EV10109,Chennai,DC Fast,Bike,19.31,392.18,Active,2025-09-04
EV10110,Hyderabad,Level 2,Car,102.74,49.53,Active,2025-01-26
EV10111,Hyderabad,Level 2,Bus,105.95,388.75,Active,2025-08-29
EV10112,Kochi,Level 2,Bike,15.0,288.75,Active,2025-05-27
EV10113,Kochi,DC Fast,Car,245.39,359.02,Inactive,2025-02-17
EV10114,Trivandrum,Fast,Bus,149.31,280.86,Inactive,2025-03-17
EV10115,Mumbai,DC Fast,Bike,99.7,386.94,Inactive,2025-09-21
EV10116,Delhi,Slow,Bus,196.71,457.11,Active,2025-06-10
EV10117,Chennai,DC Fast,Bus,229.38,193.65,Active,2025-11-04
EV10118,Kochi,Slow,Bus,240.44,347.34,Active,2025-01-04
EV10119,Trivandrum,Level 2,Car,210.87,159.58,Active,2025-03-24
EV10120,Bengaluru,Fast,Car,112.89,30.01,Active,2025-05-20
EV10121,Kochi,Slow,Bike,89.02,140.12,Active,2025-05-15
EV10122,Kochi,DC Fast,Bus,95.6,227.29,Active,2025-02-09
EV10123,Hyderabad,DC Fast,Car,92.06,136.21,Inactive,2025-02-17
EV10124,Calicut,DC Fast,Bike,162.55,231.34,Active,2025-07-09
EV10125,Mumbai,DC Fast,Car,57.49,196.68,Active,2025-06-15
EV10126,Delhi,Fast,Bus,236.35,195.15,Inactive,2025-05-14
EV10127,Kochi,Slow,Bike,165.5,222.14,Active,2025-04-26
EV10128,Chennai,Fast,Bus,44.48,59.25,Inactive,2025-07-06
EV10129,Trivandrum,Slow,Bike,41.28,85.0,Active,2025-09-07
EV10130,Delhi,DC Fast,Bike,189.39,354.65,Active,2025-06-22
EV10131,Trivandrum,DC Fast,Bus,142.19,61.93,Inactive,2025-08-17
EV10132,Chennai,Slow,Car,169.63,430.26,Inactive,2025-04-10
EV10133,Trivandrum,DC Fast,Bus,115.43,205.44,Active,2025-02-28
EV10134,Chennai,DC Fast,Car,112.4,218.11,Active,2025-07-28
EV10135,Trivandrum,Level 2,Car,79.88,29.4,Active,2025-01-26
EV10136,Delhi,DC Fast,Bike,69.75,32.03,Active,2025-08-02
EV10137,Delhi,DC Fast,Car,157.18,211.06,Inactive,2025-09-21
EV10138,Chennai,Slow,Car,118.79,252.25,Active,2025-10-23
EV10139,Hyderabad,Fast,Bus,74.38,484.12,Inactive,2025-04-11
EV10140,Trivandrum,Fast,Bus,175.85,44.29,Active,2025-09-30
EV10141,Chennai,Level 2,Car,176.03,76.61,Active,2025-07-31
EV10142,Bengaluru,DC Fast,Bus,101.03,474.1,Active,2025-03-26
EV10143,Bengaluru,Level 2,Car,47.55,323.93,Active,2025-01-18
EV10144,Trivandrum,DC Fast,Car,71.46,54.32,Inactive,2025-05-17
EV10145,Kochi,Fast,Car,130.37,284.26,Active,2025-09-23
EV10146,Mumbai,Level 2,Car,140.47,315.81,Active,2025-11-17
EV10147,Calicut,Slow,Bus,217.72,40.7,Inactive,2025-11-14
EV10148,Bengaluru,Fast,Car,84.13,396.19,Inactive,2025-09-23
EV10149,Hyderabad,Fast,Bus,49.9,223.05,Active,2025-10-13
EV10150,Mumbai,Slow,Car,101.98,316.15,Active,2025-04-18
EV10151,Kochi,Level 2,Bus,97.14,161.05,Active,2025-10-07
EV10152,Kochi,DC Fast,Bike,171.77,70.95,Inactive,2025-12-13
EV10153,Calicut,DC Fast,Car,140.79,108.93,Active,2025-10-06
EV10154,Trivandrum,DC Fast,Car,242.64,490.97,Inactive,2025-11-20
EV10155,Mumbai,Slow,Car,98.34,315.75,Inactive,2025-12-31
EV10156,Trivandrum,Level 2,Bike,126.06,112.72,Active,2025-01-18
EV10157,Delhi,Slow,Car,115.13,467.11,Inactive,2025-10-17
EV10158,Delhi,DC Fast,Car,195.0,461.34,Inactive,2025-07-03
EV10159,Mumbai,DC Fast,Bus,130.78,290.12,Inactive,2025-11-30
EV10160,Calicut,Fast,Bus,175.99,55.54,Active,2025-10-12
EV10161,Mumbai,Level 2,Bus,39.88,20.87,Active,2025-11-15
EV10162,Delhi,DC Fast,Bike,226.84,187.26,Active,2025-04-09
EV10163,Delhi,Level 2,Bus,98.9,383.86,Inactive,2025-06-28
EV10164,Chennai,Fast,Bike,121.38,201.83,Active,2025-05-05
EV10165,Bengaluru,Level 2,Bike,246.4,110.67,Active,2025-04-27
EV10166,Chennai,Slow,Car,231.12,320.31,Inactive,2025-05-14
EV10167,Delhi,DC Fast,Bike,159.88,173.84,Active,2025-09-11
EV10168,Delhi,DC Fast,Bus,93.34,49.99,Active,2025-09-02
EV10169,Trivandrum,Level 2,Car,171.85,205.15,Active,2025-05-03
EV10170,Calicut,Slow,Car,148.42,389.2,Active,2025-02-21
EV10171,Calicut,Slow,Bus,114.88,24.87,Active,2025-09-13
EV10172,Kochi,Level 2,Bus,21.15,473.21,Active,2025-10-26
EV10173,Kochi,Level 2,Car,38.87,275.08,Active,2025-03-06
EV10174,Delhi,Slow,Bike,22.75,102.19,Inactive,2025-06-10
EV10175,Mumbai,Slow,Bike,21.07,284.85,Inactive,2025-11-11
EV10176,Mumbai,Level 2,Bus,155.91,145.64,Inactive,2025-01-24
EV10177,Delhi,Slow,Car,80.37,453.15,Active,2025-04-22
EV10178,Mumbai,Fast,Car,150.71,135.61,Inactive,2025-12-24
EV10179,Mumbai,Level 2,Bus,43.28,48.73,Active,2025-09-27
EV10180,Kochi,Fast,Car,242.89,439.57,Active,2025-07-20
EV10181,Hyderabad,DC Fast,Bus,231.04,430.76,Inactive,2025-03-18
EV10182,Chennai,Slow,Bus,204.12,350.23,Inactive,2025-06-19
EV10183,Bengaluru,Fast,Car,43.02,297.33,Inactive,2025-03-21
EV10184,Kochi,DC Fast,Bike,191.85,394.68,Inactive,2025-01-23
EV10185,Trivandrum,Level 2,Car,37.2,74.79,Active,2025-03-13
EV10186,Bengaluru,Slow,Bike,16.31,405.06,Active,2025-06-15
EV10187,Bengaluru,DC Fast,Car,53.48,195.5,Inactive,2025-07-23
EV10188,Delhi,Slow,Bike,22.78,247.13,Inactive,2025-10-26
EV10189,Calicut,Level 2,Car,238.18,22.94,Inactive,2025-12-24
EV10190,Trivandrum,Slow,Bike,218.95,184.08,Inactive,2025-08-16
EV10191,Chennai,Level 2,Bus,111.04,92.64,Inactive,2025-07-16
EV10192,Calicut,Slow,Car,155.8,289.04,Active,2025-01-06
EV10193,Kochi,Slow,Bus,165.25,423.94,Inactive,2025-06-20
EV10194,Chennai,DC Fast,Bike,74.16,261.54,Active,2025-03-02
EV10195,Kochi,DC Fast,Car,135.85,448.05,Active,2025-04-01
EV10196,Chennai,Level 2,Bike,213.03,401.58,Inactive,2025-08-04
EV10197,Trivandrum,Level 2,Bike,221.69,181.54,Active,2025-02-14
EV10198,Chennai,DC Fast,Bike,47.6,201.03,Inactive,2025-10-15
EV10199,Hyderabad,DC Fast,Bike,103.04,96.86,Active,2025-07-01
EV10200,Mumbai,Slow,Car,90.2,27.23,Inactive,2025-09-09
EV10201,Hyderabad,Level 2,Bus,29.2,201.63,Inactive,2025-03-06
EV10202,Kochi,Fast,Bus,127.49,194.33,Active,2025-11-05
EV10203,Kochi,Level 2,Car,89.54,368.45,Inactive,2025-07-23
EV10204,Mumbai,Slow,Bus,233.71,341.97,Inactive,2025-01-22
EV10205,Trivandrum,Level 2,Bike,91.68,312.55,Inactive,2025-10-31
EV10206,Bengaluru,Level 2,Bike,163.24,89.84,Active,2025-12-03
EV10207,Delhi,Slow,Car,203.77,371.29,Active,2025-06-05
EV10208,Chennai,DC Fast,Bus,199.66,193.0,Active,2025-05-07
EV10209,Delhi,Level 2,Bike,157.81,319.43,Inactive,2025-11-29
EV10210,Delhi,DC Fast,Car,211.04,39.81,Active,2025-03-15
EV10211,Delhi,Level 2,Bike,90.06,216.62,Active,2025-12-01
EV10212,Hyderabad,Slow,Bike,221.75,61.11,Inactive,2025-11-01
EV10213,Mumbai,DC Fast,Bus,116.24,336.86,Inactive,2025-05-23
EV10214,Delhi,Fast,Car,63.77,489.3,Active,2025-12-23
EV10215,Chennai,Slow,Bus,160.44,497.53,Inactive,2025-12-02
EV10216,Delhi,DC Fast,Bus,49.52,136.18,Inactive,2025-11-05
EV10217,Calicut,Slow,Bike,102.2,265.67,Active,2025-02-17
EV10218,Hyderabad,DC Fast,Bus,96.94,453.41,Inactive,2025-03-25
EV10219,Calicut,Slow,Car,72.69,324.65,Inactive,2025-06-02
EV10220,Kochi,Level 2,Bus,50.79,144.7,Active,2025-04-05
EV10221,Hyderabad,DC Fast,Car,52.41,208.01,Inactive,2025-12-23
EV10222,Calicut,Level 2,Bus,60.91,21.06,Inactive,2025-03-20
EV10223,Calicut,Slow,Car,206.55,285.79,Active,2025-03-05
EV10224,Delhi,DC Fast,Bus,129.68,386.38,Inactive,2025-12-15
EV10225,Calicut,Fast,Car,106.43,420.26,Active,2025-04-03
EV10226,Mumbai,Fast,Bike,18.26,435.1,Active,2025-10-12
EV10227,Bengaluru,Slow,Bus,15.07,362.27,Active,2025-01-16
EV10228,Bengaluru,DC Fast,Bus,22.74,260.68,Active,2025-03-24
EV10229,Trivandrum,Level 2,Bus,233.85,225.18,Active,2025-12-08
EV10230,Delhi,Fast,Car,178.29,27.75,Inactive,2025-12-06
EV10231,Kochi,Fast,Bus,106.75,474.29,Active,2025-05-03
EV10232,Kochi,Fast,Bike,212.72,424.11,Inactive,2025-08-17
EV10233,Mumbai,Slow,Bike,150.55,347.65,Inactive,2025-01-18
EV10234,Mumbai,DC Fast,Bus,224.08,434.57,Inactive,2025-01-08
EV10235,Bengaluru,DC Fast,Bike,116.52,423.28,Inactive,2025-10-10
EV10236,Calicut,Fast,Bus,60.45,53.04,Active,2025-05-01
EV10237,Trivandrum,DC Fast,Bike,230.71,56.37,Active,2025-03-12
EV10238,Bengaluru,Slow,Bike,24.74,282.85,Active,2025-04-18
EV10239,Kochi,Fast,Car,44.46,198.8,Active,2025-02-09
EV10240,Chennai,Level 2,Bike,143.9,42.85,Active,2025-03-17
EV10241,Trivandrum,Slow,Car,116.2,102.88,Inactive,2025-06-04
EV10242,Bengaluru,Slow,Car,19.75,66.29,Active,2025-08-13
EV10243,Chennai,Level 2,Car,67.4,289.11,Inactive,2025-06-15
EV10244,Delhi,DC Fast,Bus,30.97,89.28,Inactive,2025-04-03
EV10245,Delhi,DC Fast,Car,11.84,312.44,Inactive,2025-02-12
EV10246,Trivandrum,Level 2,Bus,105.62,445.71,Active,2025-08-14
EV10247,Hyderabad,Level 2,Car,96.13,233.12,Active,2025-09-13
EV10248,Hyderabad,Slow,Bike,182.85,386.9,Inactive,2025-05-13
EV10249,Trivandrum,Fast,Car,40.58,451.15,Inactive,2025-11-12
EV10250,Calicut,Level 2,Car,248.11,490.45,Inactive,2025-03-17
EV10251,Hyderabad,Level 2,Bike,217.41,151.69,Inactive,2025-08-21
EV10252,Mumbai,DC Fast,Bus,239.71,328.97,Inactive,2025-01-10
EV10253,Bengaluru,DC Fast,Bike,168.16,145.64,Inactive,2025-08-17
EV10254,Calicut,Slow,Car,224.97,497.57,Active,2025-06-11
EV10255,Trivandrum,DC Fast,Car,236.51,337.24,Inactive,2025-08-03
EV10256,Calicut,Slow,Bus,138.25,367.08,Active,2025-10-22
EV10257,Bengaluru,DC Fast,Bus,24.28,437.44,Active,2025-02-19
EV10258,Bengaluru,DC Fast,Bus,60.71,343.61,Inactive,2025-12-31
EV10259,Kochi,Fast,Car,176.3,482.39,Inactive,2025-12-03
EV10260,Kochi,DC Fast,Car,86.02,198.53,Active,2025-05-09
EV10261,Chennai,DC Fast,Car,228.81,335.11,Active,2025-06-18
EV10262,Kochi,Fast,Car,102.8,107.57,Inactive,2025-09-30
EV10263,Delhi,DC Fast,Car,232.53,244.16,Inactive,2025-02-17
EV10264,Kochi,Level 2,Bus,72.98,283.92,Inactive,2025-07-05
EV10265,Bengaluru,Level 2,Car,61.2,498.7,Inactive,2025-02-02
EV10266,Delhi,Slow,Car,241.44,25.14,Inactive,2025-03-03
EV10267,Calicut,Fast,Bus,242.92,128.95,Active,2025-08-13
EV10268,Calicut,Level 2,Bus,174.95,181.04,Inactive,2025-11-17
EV10269,Mumbai,Slow,Bus,62.63,115.04,Inactive,2025-09-29
EV10270,Bengaluru,Fast,Car,216.58,318.26,Active,2025-11-05
EV10271,Delhi,Slow,Bus,213.68,122.14,Active,2025-07-30
EV10272,Kochi,Level 2,Bike,179.89,248.5,Active,2025-06-18
EV10273,Delhi,Fast,Bus,108.73,401.43,Inactive,2025-07-22
EV10274,Chennai,DC Fast,Bus,52.07,48.22,Inactive,2025-10-11
EV10275,Calicut,DC Fast,Bike,62.42,483.98,Active,2025-03-08
EV10276,Bengaluru,Level 2,Bus,133.29,242.38,Active,2025-01-15
EV10277,Kochi,Level 2,Bike,23.97,403.76,Active,2025-10-05
EV10278,Hyderabad,DC Fast,Car,94.48,241.87,Inactive,2025-09-13
EV10279,Chennai,Level 2,Bike,221.53,408.64,Inactive,2025-12-19
EV10280,Bengaluru,Level 2,Bus,111.59,228.64,Inactive,2025-07-31
EV10281,Calicut,Slow,Bike,200.01,417.15,Inactive,2025-05-19
EV10282,Kochi,Fast,Bus,249.75,313.63,Inactive,2025-04-03
EV10283,Bengaluru,Slow,Bus,187.93,408.27,Inactive,2025-08-16
EV10284,Trivandrum,Fast,Car,189.25,94.78,Active,2025-04-27
EV10285,Bengaluru,Slow,Bus,197.98,364.46,Inactive,2025-04-25
EV10286,Kochi,Fast,Bus,102.29,201.81,Inactive,2025-08-16
EV10287,Kochi,Level 2,Bike,76.16,101.19,Inactive,2025-10-13
EV10288,Trivandrum,DC Fast,Car,162.98,250.19,Active,2025-10-14
EV10289,Calicut,Level 2,Bus,152.35,311.6,Inactive,2025-02-18
EV10290,Calicut,Level 2,Car,211.93,446.7,Inactive,2025-05-15
EV10291,Hyderabad,Slow,Car,145.48,101.07,Inactive,2025-02-05
EV10292,Chennai,DC Fast,Car,16.25,176.76,Active,2025-09-16
EV10293,Hyderabad,Level 2,Bike,186.44,243.55,Active,2025-01-12
EV10294,Delhi,DC Fast,Car,36.51,179.6,Inactive,2025-11-06
EV10295,Calicut,Slow,Bus,131.26,219.5,Inactive,2025-11-16
EV10296,Calicut,Slow,Bike,147.76,213.66,Inactive,2025-04-08
EV10297,Mumbai,Level 2,Car,127.99,453.26,Inactive,2025-12-05
EV10298,Hyderabad,DC Fast,Bus,121.92,230.14,Inactive,2025-12-09
EV10299,Hyderabad,DC Fast,Bus,98.53,355.05,Inactive,2025-05-24
EV10300,Trivandrum,Level 2,Bus,148.62,261.34,Inactive,2025-06-08
EV10301,Bengaluru,DC Fast,Bus,27.18,45.21,Active,2025-06-15
EV10302,Hyderabad,Level 2,Bus,154.62,434.45,Inactive,2025-07-01
EV10303,Chennai,Level 2,Car,186.09,65.52,Inactive,2025-02-24
EV10304,Delhi,Slow,Car,120.22,205.52,Active,2025-02-09
EV10305,Hyderabad,Slow,Bike,175.95,289.74,Active,2025-09-20
EV10306,Mumbai,Level 2,Bike,95.79,446.71,Inactive,2025-01-20
EV10307,Kochi,Slow,Bus,30.07,468.88,Active,2025-08-15
EV10308,Kochi,Level 2,Car,219.56,311.77,Inactive,2025-11-08
EV10309,Calicut,Level 2,Car,132.24,55.82,Inactive,2025-11-04
EV10310,Hyderabad,DC Fast,Car,52.91,462.46,Active,2025-01-01
EV10311,Delhi,DC Fast,Bike,97.71,265.28,Active,2025-08-11
EV10312,Hyderabad,Level 2,Bus,95.16,307.89,Active,2025-01-22
EV10313,Mumbai,Slow,Bus,232.14,293.01,Active,2025-12-15
EV10314,Calicut,Slow,Bus,27.4,423.54,Active,2025-06-19
EV10315,Mumbai,Fast,Car,51.53,398.74,Inactive,2025-05-23
EV10316,Calicut,Level 2,Bus,90.71,239.7,Inactive,2025-12-16
EV10317,Hyderabad,Fast,Car,113.76,68.42,Inactive,2025-04-24
EV10318,Bengaluru,DC Fast,Bike,203.0,51.24,Active,2025-03-05
EV10319,Hyderabad,DC Fast,Bike,41.59,494.42,Active,2025-06-29
EV10320,Kochi,Slow,Car,55.85,45.58,Inactive,2025-12-14
EV10321,Chennai,Level 2,Bus,78.7,236.37,Active,2025-03-25
EV10322,Kochi,Fast,Bus,50.44,258.11,Inactive,2025-01-01
EV10323,Calicut,Level 2,Car,43.73,111.71,Active,2025-03-03
EV10324,Kochi,Level 2,Bike,10.77,189.58,Active,2025-09-06
EV10325,Hyderabad,Level 2,Bike,68.03,68.14,Active,2025-05-18
EV10326,Trivandrum,Fast,Bike,84.75,59.7,Active,2025-09-08
EV10327,Kochi,DC Fast,Car,100.32,151.13,Active,2025-06-03
EV10328,Kochi,DC Fast,Bus,173.29,244.89,Inactive,2025-09-27
EV10329,Trivandrum,Fast,Car,37.56,395.07,Active,2025-04-03
EV10330,Mumbai,Fast,Bike,248.98,491.08,Active,2025-04-05
EV10331,Kochi,Slow,Car,43.26,92.25,Active,2025-05-21
EV10332,Delhi,Slow,Bike,151.71,164.49,Active,2025-08-03
EV10333,Delhi,Slow,Bus,134.58,171.04,Active,2025-12-04
EV10334,Trivandrum,Slow,Bus,177.21,363.58,Inactive,2025-12-10
EV10335,Hyderabad,Level 2,Bike,117.92,144.87,Active,2025-01-06
EV10336,Delhi,Slow,Bus,147.36,328.04,Active,2025-12-31
EV10337,Kochi,Fast,Car,239.02,361.9,Active,2025-01-16
EV10338,Mumbai,DC Fast,Bike,148.46,314.14,Active,2025-09-04
EV10339,Trivandrum,DC Fast,Car,245.02,43.98,Inactive,2025-03-30
EV10340,Trivandrum,Fast,Car,55.98,476.01,Active,2025-07-03
EV10341,Delhi,Slow,Bus,120.6,121.77,Active,2025-06-14
EV10342,Mumbai,Fast,Bus,122.78,251.42,Inactive,2025-01-27
EV10343,Kochi,Fast,Car,198.41,162.72,Active,2025-03-11
EV10344,Mumbai,DC Fast,Car,167.77,339.38,Inactive,2025-02-08
EV10345,Kochi,Slow,Car,50.49,27.55,Inactive,2025-11-29
EV10346,Kochi,DC Fast,Bike,81.03,403.85,Inactive,2025-06-22
EV10347,Kochi,Level 2,Car,15.51,156.03,Inactive,2025-11-05
EV10348,Trivandrum,Slow,Car,195.11,111.49,Active,2025-12-13
EV10349,Trivandrum,Slow,Car,215.04,330.7,Active,2025-06-19
EV10350,Mumbai,Slow,Bus,246.07,40.15,Active,2025-12-10
EV10351,Hyderabad,Fast,Bus,55.27,304.43,Active,2025-08-23
EV10352,Hyderabad,Fast,Bus,241.35,112.3,Inactive,2025-04-04
EV10353,Delhi,Fast,Bus,53.06,472.46,Active,2025-02-09
EV10354,Mumbai,Slow,Bike,214.69,242.05,Active,2025-01-19
EV10355,Hyderabad,Fast,Bike,144.86,221.73,Active,2025-02-07
EV10356,Hyderabad,DC Fast,Bike,160.37,224.08,Inactive,2025-03-18
EV10357,Kochi,DC Fast,Car,93.6,178.22,Active,2025-07-01
EV10358,Bengaluru,DC Fast,Car,163.34,450.72,Active,2025-04-18
EV10359,Kochi,Level 2,Car,90.49,268.72,Inactive,2025-01-17
EV10360,Delhi,DC Fast,Bus,237.73,172.85,Active,2025-06-21
EV10361,Trivandrum,Fast,Car,75.54,295.92,Active,2025-11-22
EV10362,Hyderabad,Fast,Bike,77.1,119.12,Active,2025-12-07
EV10363,Chennai,Slow,Bus,247.99,70.85,Active,2025-11-11
EV10364,Bengaluru,DC Fast,Car,83.49,489.88,Active,2025-03-22
EV10365,Kochi,Fast,Bus,110.3,288.65,Active,2025-02-16
EV10366,Bengaluru,Slow,Bus,52.04,239.53,Inactive,2025-05-31
EV10367,Bengaluru,Fast,Car,154.01,312.83,Inactive,2025-07-29
EV10368,Chennai,Level 2,Bike,111.75,158.33,Active,2025-01-22
EV10369,Bengaluru,DC Fast,Bike,150.91,36.97,Active,2025-01-11
EV10370,Mumbai,Fast,Bus,202.98,121.61,Active,2025-12-06
EV10371,Trivandrum,Fast,Bike,196.3,475.37,Inactive,2025-10-13
EV10372,Mumbai,Level 2,Car,155.08,366.83,Active,2025-03-03
EV10373,Kochi,Fast,Bus,202.18,80.66,Inactive,2025-08-04
EV10374,Delhi,Level 2,Car,240.21,222.5,Inactive,2025-04-09
EV10375,Bengaluru,Level 2,Bike,122.21,260.07,Active,2025-08-13
EV10376,Chennai,DC Fast,Bike,57.14,219.43,Inactive,2025-11-03
EV10377,Chennai,Slow,Car,142.42,84.72,Active,2025-06-05
EV10378,Mumbai,Level 2,Bike,92.43,463.72,Active,2025-06-25
EV10379,Mumbai,Level 2,Car,220.19,393.44,Inactive,2025-09-30
EV10380,Calicut,Level 2,Bus,184.78,104.87,Inactive,2025-04-29
EV10381,Mumbai,Level 2,Car,120.81,234.8,Inactive,2025-10-31
EV10382,Trivandrum,Fast,Bike,97.85,135.38,Inactive,2025-02-12
EV10383,Chennai,Level 2,Car,210.39,233.38,Active,2025-04-09
EV10384,Delhi,Fast,Car,249.78,410.71,Inactive,2025-05-13
EV10385,Delhi,Level 2,Car,172.81,209.0,Active,2025-04-17
EV10386,Mumbai,Slow,Car,112.02,299.71,Inactive,2025-07-01
EV10387,Kochi,DC Fast,Bus,234.86,486.21,Inactive,2025-10-21
EV10388,Trivandrum,Level 2,Bike,109.87,177.51,Inactive,2025-01-11
EV10389,Mumbai,DC Fast,Bike,148.64,359.32,Inactive,2025-10-16
EV10390,Mumbai,Fast,Car,148.34,370.57,Inactive,2025-01-06
EV10391,Chennai,Level 2,Bus,72.31,325.91,Active,2025-04-11
EV10392,Trivandrum,Fast,Bike,65.53,66.38,Active,2025-08-17
EV10393,Trivandrum,Fast,Car,84.63,123.66,Active,2025-02-03
EV10394,Mumbai,DC Fast,Bike,96.43,449.61,Active,2025-02-04
EV10395,Mumbai,Level 2,Bus,119.36,163.24,Inactive,2025-01-10
EV10396,Bengaluru,Slow,Bike,46.55,255.5,Inactive,2025-10-21
EV10397,Hyderabad,DC Fast,Bus,171.41,204.0,Inactive,2025-03-18
EV10398,Trivandrum,Slow,Car,18.18,296.73,Active,2025-04-08
EV10399,Bengaluru,Slow,Bus,42.04,394.56,Active,2025-01-15
EV10400,Mumbai,Slow,Car,182.98,143.7,Inactive,2025-06-09
EV10401,Calicut,Slow,Bike,197.09,278.18,Inactive,2025-01-27
EV10402,Calicut,Fast,Bus,52.37,251.91,Inactive,2025-09-22
EV10403,Calicut,DC Fast,Bus,181.3,439.68,Inactive,2025-09-05
EV10404,Calicut,Fast,Car,58.72,254.76,Active,2025-02-15
EV10405,Bengaluru,Level 2,Bus,221.53,114.19,Inactive,2025-03-30
EV10406,Trivandrum,Level 2,Bike,29.5,203.41,Active,2025-08-23
EV10407,Delhi,Slow,Bus,223.55,310.59,Inactive,2025-12-12
EV10408,Bengaluru,Fast,Car,53.16,372.38,Active,2025-01-05
EV10409,Delhi,DC Fast,Bus,235.36,35.69,Inactive,2025-08-24
EV10410,Trivandrum,DC Fast,Bus,189.37,325.42,Active,2025-04-26
EV10411,Mumbai,Slow,Car,40.41,195.6,Inactive,2025-05-20
EV10412,Hyderabad,Slow,Bus,200.09,370.62,Active,2025-08-27
EV10413,Kochi,DC Fast,Bus,133.5,373.59,Active,2025-05-15
EV10414,Delhi,DC Fast,Car,158.2,336.86,Active,2025-03-02
EV10415,Bengaluru,Slow,Car,143.53,24.34,Active,2025-04-13
EV10416,Bengaluru,Fast,Car,57.86,367.06,Active,2025-06-02
EV10417,Mumbai,Level 2,Bike,204.45,265.81,Active,2025-02-23
EV10418,Bengaluru,Fast,Car,108.05,358.96,Inactive,2025-07-16
EV10419,Bengaluru,Slow,Bus,220.85,295.28,Active,2025-02-09
EV10420,Chennai,Slow,Bike,117.67,276.99,Inactive,2025-05-01
EV10421,Chennai,Fast,Bus,227.01,200.56,Inactive,2025-09-09
EV10422,Mumbai,Slow,Bus,245.45,67.6,Inactive,2025-03-20
EV10423,Kochi,Level 2,Bus,21.56,123.29,Inactive,2025-07-20
EV10424,Bengaluru,Level 2,Bike,135.34,482.65,Active,2025-09-18
EV10425,Kochi,DC Fast,Car,84.41,311.44,Inactive,2025-08-02
EV10426,Chennai,DC Fast,Car,194.78,107.26,Inactive,2025-10-29
EV10427,Calicut,Fast,Bike,116.49,151.98,Active,2025-12-30
EV10428,Kochi,DC Fast,Bus,230.11,227.19,Active,2025-04-07
EV10429,Hyderabad,Slow,Bike,28.83,115.82,Inactive,2025-10-07
EV10430,Bengaluru,DC Fast,Bike,37.09,178.39,Inactive,2025-04-20
EV10431,Mumbai,Slow,Bike,175.71,434.99,Active,2025-08-21
EV10432,Trivandrum,Fast,Bike,159.75,258.55,Active,2025-04-16
EV10433,Calicut,Fast,Car,233.57,126.83,Inactive,2025-03-23
EV10434,Hyderabad,Slow,Bus,111.55,394.35,Active,2025-05-11
EV10435,Trivandrum,Slow,Bike,162.42,273.15,Inactive,2025-08-20
EV10436,Hyderabad,Slow,Car,137.03,401.97,Active,2025-05-08
EV10437,Mumbai,Slow,Bike,61.06,31.78,Inactive,2025-09-22
EV10438,Trivandrum,Slow,Bus,180.23,96.42,Active,2025-09-02
EV10439,Calicut,Level 2,Car,156.14,422.91,Inactive,2025-04-22
EV10440,Trivandrum,DC Fast,Car,143.04,365.73,Active,2025-12-16
EV10441,Chennai,DC Fast,Car,198.95,136.36,Inactive,2025-09-11
EV10442,Chennai,Fast,Bike,19.58,400.06,Active,2025-09-20
EV10443,Kochi,DC Fast,Car,52.74,37.1,Inactive,2025-11-11
EV10444,Chennai,Fast,Bus,23.53,407.59,Inactive,2025-05-14
EV10445,Delhi,DC Fast,Car,242.17,75.59,Active,2025-06-13
EV10446,Bengaluru,Slow,Bus,183.68,221.45,Active,2025-02-15
EV10447,Mumbai,Fast,Car,205.36,187.95,Inactive,2025-11-19
EV10448,Delhi,Level 2,Bus,237.79,258.09,Active,2025-12-28
EV10449,Hyderabad,Slow,Car,95.49,174.72,Inactive,2025-09-22
EV10450,Delhi,Slow,Car,235.69,107.39,Inactive,2025-07-17
EV10451,Trivandrum,Slow,Car,86.5,396.39,Active,2025-01-23
EV10452,Trivandrum,Fast,Car,124.38,108.14,Active,2025-04-07
EV10453,Mumbai,Fast,Bike,55.19,460.07,Inactive,2025-01-27
EV10454,Mumbai,Slow,Car,214.59,71.07,Active,2025-10-20
EV10455,Chennai,DC Fast,Bike,24.4,355.69,Active,2025-09-12
EV10456,Calicut,Fast,Bus,45.01,297.15,Active,2025-01-31
EV10457,Kochi,Slow,Bus,144.21,284.13,Active,2025-02-21
EV10458,Kochi,Fast,Bus,202.96,218.31,Active,2025-08-29
EV10459,Hyderabad,Slow,Bus,25.42,104.29,Inactive,2025-04-16
EV10460,Hyderabad,Fast,Car,141.72,206.1,Inactive,2025-05-11
EV10461,Chennai,Level 2,Bus,123.55,241.61,Active,2025-04-26
EV10462,Trivandrum,Slow,Bus,160.36,294.04,Inactive,2025-03-01
EV10463,Hyderabad,DC Fast,Bike,144.66,161.63,Active,2025-08-19
EV10464,Mumbai,Slow,Bus,206.48,364.14,Active,2025-06-12
EV10465,Trivandrum,Slow,Car,150.92,192.42,Active,2025-06-01
EV10466,Calicut,Level 2,Bus,240.38,258.69,Active,2025-04-16
EV10467,Chennai,Fast,Bike,17.27,208.38,Inactive,2025-07-02
EV10468,Trivandrum,Slow,Car,192.83,179.89,Active,2025-09-12
EV10469,Bengaluru,Level 2,Car,171.88,492.47,Active,2025-12-08
EV10470,Chennai,DC Fast,Bike,27.3,409.2,Inactive,2025-11-20
EV10471,Kochi,DC Fast,Bus,114.61,53.47,Active,2025-06-21
EV10472,Chennai,Level 2,Car,69.23,245.21,Active,2025-04-28
EV10473,Hyderabad,Level 2,Bike,211.25,421.33,Active,2025-10-17
EV10474,Kochi,DC Fast,Bus,208.44,114.42,Active,2025-12-22
EV10475,Mumbai,Fast,Bus,140.09,161.87,Active,2025-01-17
EV10476,Calicut,DC Fast,Bike,174.07,169.03,Active,2025-11-15
EV10477,Mumbai,Slow,Bus,82.89,235.67,Active,2025-06-16
EV10478,Delhi,Level 2,Bus,16.15,52.28,Active,2025-05-18
EV10479,Calicut,Level 2,Car,42.03,417.1,Inactive,2025-02-21
EV10480,Chennai,Slow,Car,47.14,327.15,Active,2025-02-14
EV10481,Chennai,Level 2,Bike,127.34,480.5,Active,2025-06-28
EV10482,Delhi,Slow,Bus,59.28,47.9,Active,2025-05-25
EV10483,Delhi,DC Fast,Bus,59.26,393.25,Active,2025-01-26
EV10484,Kochi,Fast,Bus,109.07,81.47,Active,2025-12-15
EV10485,Kochi,Slow,Bike,41.36,279.69,Inactive,2025-08-28
EV10486,Calicut,DC Fast,Bus,120.97,76.95,Active,2025-11-28
EV10487,Mumbai,Fast,Bus,189.82,325.33,Inactive,2025-04-23
EV10488,Mumbai,DC Fast,Car,226.54,165.95,Active,2025-02-16
EV10489,Mumbai,Slow,Car,151.77,197.78,Active,2025-02-12
EV10490,Kochi,DC Fast,Bus,185.31,229.16,Inactive,2025-02-28
EV10491,Mumbai,Fast,Bus,75.69,149.15,Active,2025-11-05
EV10492,Bengaluru,Fast,Car,100.21,370.62,Active,2025-11-13
EV10493,Bengaluru,DC Fast,Bus,142.75,338.46,Active,2025-02-17
EV10494,Chennai,Fast,Car,190.52,94.73,Active,2025-07-28
EV10495,Delhi,Slow,Car,145.83,387.22,Active,2025-04-01
EV10496,Bengaluru,Slow,Bus,41.22,328.7,Active,2025-12-20
EV10497,Trivandrum,Fast,Car,57.95,463.59,Inactive,2025-08-13
EV10498,Bengaluru,Fast,Bus,167.09,401.16,Active,2025-12-10
EV10499,Mumbai,DC Fast,Bike,212.0,235.56,Inactive,2025-11-18
EV10500,Trivandrum,DC Fast,Car,43.3,332.06,Active,2025-06-28
EV10501,Hyderabad,Slow,Bus,177.22,77.22,Inactive,2025-03-04
EV10502,Chennai,DC Fast,Bike,131.47,206.82,Inactive,2025-09-26
EV10503,Trivandrum,DC Fast,Bus,18.19,37.56,Active,2025-07-17
EV10504,Bengaluru,Level 2,Car,75.48,435.98,Inactive,2025-08-29
EV10505,Calicut,Slow,Bus,132.16,431.0,Active,2025-01-03
EV10506,Trivandrum,DC Fast,Bike,239.51,408.0,Inactive,2025-06-06
EV10507,Mumbai,Slow,Bike,95.45,79.94,Active,2025-10-03
EV10508,Trivandrum,Slow,Bus,50.02,414.48,Inactive,2025-06-04
EV10509,Mumbai,Slow,Car,206.94,407.36,Active,2025-08-31
EV10510,Bengaluru,Level 2,Bike,12.27,244.16,Inactive,2025-09-24
EV10511,Trivandrum,Fast,Car,91.99,225.23,Inactive,2025-07-01
EV10512,Calicut,DC Fast,Bus,86.11,181.16,Inactive,2025-01-20
EV10513,Bengaluru,Fast,Car,241.25,150.22,Active,2025-10-03
EV10514,Bengaluru,Slow,Car,177.07,233.61,Active,2025-11-18
EV10515,Kochi,Level 2,Car,131.98,325.74,Inactive,2025-05-12
EV10516,Chennai,DC Fast,Bus,200.22,467.01,Inactive,2025-02-25
EV10517,Mumbai,Slow,Bus,48.89,342.94,Active,2025-11-23
EV10518,Calicut,Fast,Bike,128.43,192.93,Active,2025-10-20
EV10519,Delhi,Level 2,Car,245.56,40.08,Active,2025-09-28
EV10520,Hyderabad,Level 2,Bike,219.75,342.71,Active,2025-11-09
EV10521,Kochi,Level 2,Bike,56.35,85.42,Active,2025-10-29
EV10522,Calicut,DC Fast,Bike,55.0,404.92,Active,2025-05-30
EV10523,Mumbai,DC Fast,Bike,76.95,106.89,Inactive,2025-01-21
EV10524,Hyderabad,Level 2,Car,95.27,246.16,Active,2025-04-16
EV10525,Bengaluru,Fast,Bus,129.72,446.57,Inactive,2025-09-10
EV10526,Delhi,Slow,Car,94.99,28.08,Active,2025-06-13
EV10527,Hyderabad,Level 2,Bus,99.74,368.29,Inactive,2025-10-31
EV10528,Chennai,Fast,Car,133.92,88.84,Active,2025-02-24
EV10529,Trivandrum,Level 2,Bike,247.31,184.97,Active,2025-01-11
EV10530,Trivandrum,DC Fast,Bike,97.43,129.14,Active,2025-01-30
EV10531,Delhi,Level 2,Car,248.38,143.4,Inactive,2025-04-17
EV10532,Calicut,Level 2,Bike,195.36,281.2,Inactive,2025-06-05
EV10533,Bengaluru,Level 2,Bike,13.0,63.77,Active,2025-09-02
EV10534,Delhi,Level 2,Bus,50.18,321.06,Active,2025-05-26
EV10535,Kochi,Fast,Car,98.66,223.59,Active,2025-05-12
EV10536,Kochi,Slow,Bus,156.59,335.75,Active,2025-02-19
EV10537,Mumbai,Slow,Car,185.61,29.07,Active,2025-05-04
EV10538,Calicut,Slow,Bus,152.21,257.38,Inactive,2025-07-06
EV10539,Bengaluru,DC Fast,Bus,79.74,175.67,Inactive,2025-04-04
EV10540,Trivandrum,Slow,Bus,72.65,84.62,Inactive,2025-09-21
EV10541,Calicut,Slow,Car,157.79,349.57,Inactive,2025-02-03
EV10542,Trivandrum,Level 2,Bike,155.97,411.99,Inactive,2025-07-11
EV10543,Mumbai,Slow,Bike,16.03,404.88,Active,2025-10-13
EV10544,Chennai,Level 2,Bus,20.84,403.78,Inactive,2025-06-24
EV10545,Delhi,Slow,Bike,213.18,81.18,Active,2025-12-15
EV10546,Delhi,Slow,Car,244.32,163.54,Inactive,2025-04-13
EV10547,Calicut,Slow,Car,208.11,310.59,Inactive,2025-12-15
EV10548,Bengaluru,Slow,Bus,39.09,106.41,Active,2025-08-09
EV10549,Kochi,Slow,Bus,92.84,199.08,Inactive,2025-03-01
EV10550,Kochi,Fast,Bike,140.03,146.48,Active,2025-02-05
EV10551,Kochi,DC Fast,Car,246.72,370.69,Active,2025-05-31
EV10552,Delhi,Level 2,Bike,221.39,474.12,Inactive,2025-03-12
EV10553,Mumbai,DC Fast,Car,218.56,397.68,Inactive,2025-10-04
EV10554,Calicut,DC Fast,Bus,158.89,106.61,Active,2025-04-03
EV10555,Bengaluru,Fast,Bike,157.59,264.52,Active,2025-05-06
EV10556,Calicut,Slow,Bus,134.81,372.71,Inactive,2025-10-25
EV10557,Mumbai,Level 2,Bus,215.3,114.45,Active,2025-04-27
EV10558,Bengaluru,Level 2,Bike,98.86,325.82,Active,2025-08-24
EV10559,Chennai,DC Fast,Car,229.62,487.04,Active,2025-08-05
EV10560,Mumbai,Level 2,Bike,229.55,188.1,Inactive,2025-01-08
EV10561,Kochi,DC Fast,Car,194.08,158.42,Inactive,2025-03-24
EV10562,Calicut,Level 2,Bus,185.77,259.95,Inactive,2025-09-05
EV10563,Kochi,Slow,Car,49.45,166.64,Inactive,2025-02-25
EV10564,Calicut,DC Fast,Car,46.21,418.15,Active,2025-08-25
EV10565,Chennai,Fast,Bike,179.95,260.62,Active,2025-04-05
EV10566,Trivandrum,Slow,Bike,125.08,22.49,Active,2025-01-16
EV10567,Kochi,DC Fast,Car,112.77,491.01,Inactive,2025-08-30
EV10568,Calicut,Slow,Bus,60.62,320.29,Inactive,2025-10-27
EV10569,Bengaluru,Fast,Car,53.5,361.46,Active,2025-10-15
EV10570,Mumbai,Level 2,Bus,100.66,36.3,Inactive,2025-08-30
EV10571,Hyderabad,Slow,Car,68.31,394.97,Inactive,2025-03-28
EV10572,Chennai,Level 2,Car,122.85,189.1,Active,2025-02-24
EV10573,Trivandrum,Level 2,Bike,23.31,268.92,Inactive,2025-04-16
EV10574,Trivandrum,Level 2,Bike,176.6,111.46,Active,2025-10-07
EV10575,Delhi,DC Fast,Bike,79.25,339.47,Inactive,2025-06-09
EV10576,Bengaluru,Fast,Bike,128.24,476.15,Active,2025-12-24
EV10577,Chennai,Slow,Bus,224.9,305.52,Active,2025-10-04
EV10578,Chennai,Slow,Car,113.69,232.33,Active,2025-02-21
EV10579,Trivandrum,Level 2,Bike,156.55,374.32,Inactive,2025-10-07
EV10580,Kochi,Fast,Bike,20.2,153.56,Inactive,2025-11-20
EV10581,Hyderabad,Slow,Car,12.28,440.62,Inactive,2025-07-06
EV10582,Delhi,DC Fast,Bus,23.0,159.4,Inactive,2025-04-23
EV10583,Kochi,DC Fast,Bike,119.61,267.42,Active,2025-07-15
EV10584,Kochi,DC Fast,Car,24.2,353.29,Active,2025-08-24
EV10585,Chennai,Fast,Bike,175.17,60.82,Inactive,2025-07-28
EV10586,Hyderabad,DC Fast,Bike,132.46,263.53,Active,2025-01-28
EV10587,Mumbai,Slow,Bus,152.49,176.79,Inactive,2025-09-28
EV10588,Mumbai,Fast,Bus,139.61,148.42,Active,2025-11-02
EV10589,Calicut,Fast,Car,201.65,34.04,Active,2025-02-03
EV10590,Mumbai,Slow,Bus,245.46,32.95,Inactive,2025-10-01
EV10591,Chennai,Level 2,Bike,195.89,423.47,Inactive,2025-06-25
EV10592,Bengaluru,Slow,Bus,248.62,499.16,Active,2025-01-17
EV10593,Calicut,Level 2,Car,147.61,60.11,Inactive,2025-11-07
EV10594,Chennai,Slow,Bike,45.59,65.63,Inactive,2025-07-22
EV10595,Calicut,DC Fast,Car,110.69,408.75,Active,2025-01-24
EV10596,Chennai,Fast,Car,78.06,231.0,Inactive,2025-12-21
EV10597,Delhi,Slow,Bus,20.36,38.56,Inactive,2025-09-15
EV10598,Mumbai,Fast,Bus,217.78,336.47,Active,2025-06-25
EV10599,Mumbai,Slow,Bike,147.2,145.3,Active,2025-05-07
EV10600,Bengaluru,Fast,Bike,215.77,206.92,Inactive,2025-12-09
EV10601,Calicut,Slow,Bike,20.88,348.45,Inactive,2025-04-07
EV10602,Mumbai,DC Fast,Bike,214.58,477.6,Active,2025-12-01
EV10603,Trivandrum,Fast,Car,206.33,94.64,Inactive,2025-02-21
EV10604,Delhi,Slow,Car,120.96,228.25,Inactive,2025-09-07
EV10605,Delhi,Fast,Bike,156.42,198.52,Active,2025-02-07
EV10606,Bengaluru,DC Fast,Bus,140.19,237.44,Active,2025-06-24
EV10607,Calicut,DC Fast,Bike,229.5,219.92,Active,2025-03-28
EV10608,Mumbai,Level 2,Bike,85.13,84.45,Inactive,2025-11-25
EV10609,Delhi,Level 2,Car,249.06,481.85,Inactive,2025-03-24
EV10610,Kochi,Level 2,Car,99.75,216.54,Inactive,2025-12-19
EV10611,Hyderabad,DC Fast,Bus,18.35,439.39,Inactive,2025-10-22
EV10612,Delhi,Level 2,Car,224.92,129.42,Inactive,2025-07-22
EV10613,Calicut,DC Fast,Bus,17.67,442.42,Inactive,2025-08-06
EV10614,Kochi,DC Fast,Bike,246.88,282.41,Inactive,2025-04-24
EV10615,Calicut,DC Fast,Bike,31.2,275.7,Inactive,2025-06-08
EV10616,Hyderabad,Level 2,Bike,173.29,124.79,Inactive,2025-10-31
EV10617,Mumbai,Fast,Bus,154.11,250.05,Active,2025-08-02
EV10618,Trivandrum,Fast,Bus,151.44,154.77,Inactive,2025-07-24
EV10619,Kochi,DC Fast,Car,122.99,152.94,Inactive,2025-04-23
EV10620,Bengaluru,DC Fast,Bus,37.21,142.65,Active,2025-06-30
EV10621,Mumbai,Slow,Bus,198.82,38.32,Active,2025-04-18
EV10622,Bengaluru,Level 2,Bus,29.77,191.17,Active,2025-06-02
EV10623,Chennai,Level 2,Bike,96.67,28.76,Active,2025-07-27
EV10624,Trivandrum,Level 2,Car,48.26,471.11,Active,2025-12-28
EV10625,Delhi,DC Fast,Bike,73.12,315.8,Inactive,2025-10-30
EV10626,Calicut,DC Fast,Bus,153.75,283.6,Active,2025-05-20
EV10627,Calicut,Level 2,Car,186.42,121.34,Active,2025-01-15
EV10628,Hyderabad,Fast,Bike,201.94,449.19,Active,2025-09-19
EV10629,Trivandrum,Level 2,Car,242.44,478.19,Active,2025-11-29
EV10630,Calicut,DC Fast,Bike,64.7,150.54,Active,2025-04-09
EV10631,Trivandrum,Level 2,Bike,233.64,210.38,Active,2025-08-29
EV10632,Delhi,Fast,Bus,87.42,285.62,Inactive,2025-03-22
EV10633,Calicut,DC Fast,Bus,61.86,380.49,Active,2025-12-26
EV10634,Chennai,Fast,Bike,203.69,91.56,Inactive,2025-08-22
EV10635,Calicut,Level 2,Car,142.06,451.33,Active,2025-07-23
EV10636,Kochi,Level 2,Bike,191.86,121.02,Inactive,2025-04-23
EV10637,Trivandrum,Fast,Bus,172.88,170.15,Inactive,2025-05-12
EV10638,Hyderabad,Fast,Bus,52.99,66.74,Inactive,2025-12-09
EV10639,Bengaluru,Level 2,Car,200.84,111.73,Inactive,2025-01-18
EV10640,Bengaluru,DC Fast,Car,190.72,113.78,Inactive,2025-01-30
EV10641,Mumbai,Fast,Bike,45.64,90.12,Inactive,2025-05-23
EV10642,Delhi,Level 2,Bus,26.36,141.01,Inactive,2025-06-15
EV10643,Trivandrum,Level 2,Bike,27.19,210.11,Inactive,2025-04-12
EV10644,Kochi,Fast,Bus,48.67,65.03,Active,2025-12-05
EV10645,Trivandrum,Slow,Bike,215.22,329.43,Active,2025-09-20
EV10646,Calicut,Level 2,Car,36.48,295.41,Inactive,2025-02-22
EV10647,Calicut,Fast,Bike,124.55,302.06,Active,2025-10-08
EV10648,Trivandrum,Fast,Bus,59.85,320.86,Inactive,2025-10-12
EV10649,Hyderabad,Slow,Bus,117.11,209.84,Active,2025-05-20
EV10650,Delhi,DC Fast,Car,136.23,302.8,Active,2025-02-03
EV10651,Delhi,Level 2,Bus,198.76,88.13,Inactive,2025-02-05
EV10652,Hyderabad,Level 2,Bus,22.89,354.78,Inactive,2025-05-30
EV10653,Chennai,Level 2,Bus,23.2,435.7,Inactive,2025-02-21
EV10654,Delhi,DC Fast,Bike,50.18,413.3,Active,2025-03-20
EV10655,Bengaluru,Level 2,Bike,57.68,114.94,Inactive,2025-03-13
EV10656,Mumbai,Slow,Car,242.09,284.07,Inactive,2025-09-27
EV10657,Hyderabad,Fast,Car,142.06,413.33,Inactive,2025-02-22
EV10658,Delhi,DC Fast,Bike,233.26,327.34,Active,2025-08-15
EV10659,Calicut,Level 2,Car,165.66,150.08,Inactive,2025-04-24
EV10660,Mumbai,Fast,Bike,244.48,371.44,Active,2025-11-22
EV10661,Calicut,Level 2,Bus,71.95,109.71,Active,2025-12-27
EV10662,Chennai,Slow,Bike,179.37,323.37,Active,2025-03-01
EV10663,Chennai,Level 2,Bus,159.57,253.35,Inactive,2025-10-23
EV10664,Calicut,Fast,Car,107.05,112.4,Active,2025-05-22
EV10665,Trivandrum,Fast,Car,222.26,453.91,Inactive,2025-11-01
EV10666,Chennai,DC Fast,Bike,197.68,236.65,Inactive,2025-06-15
EV10667,Chennai,Fast,Car,152.59,236.73,Inactive,2025-05-08
EV10668,Trivandrum,Slow,Bus,122.18,227.77,Active,2025-06-29
EV10669,Hyderabad,Slow,Bus,221.93,356.09,Active,2025-01-30
EV10670,Bengaluru,Slow,Car,81.64,76.08,Inactive,2025-11-11
EV10671,Hyderabad,Fast,Bike,217.87,130.51,Active,2025-09-21
EV10672,Hyderabad,Slow,Bus,179.33,68.22,Inactive,2025-05-03
EV10673,Chennai,Slow,Bus,202.9,311.99,Active,2025-12-16
EV10674,Kochi,Level 2,Bike,136.98,68.67,Active,2025-10-14
EV10675,Delhi,Level 2,Bus,81.76,208.53,Inactive,2025-10-19
EV10676,Delhi,Fast,Bike,45.14,105.79,Inactive,2025-01-29
EV10677,Kochi,Slow,Car,194.8,342.61,Inactive,2025-08-24
EV10678,Hyderabad,Slow,Bus,155.7,64.06,Active,2025-10-29
EV10679,Chennai,Level 2,Bike,229.71,365.29,Inactive,2025-07-27
EV10680,Delhi,Fast,Car,173.98,415.99,Active,2025-04-18
EV10681,Delhi,Level 2,Bike,144.61,499.27,Inactive,2025-06-21
EV10682,Chennai,DC Fast,Car,133.31,417.73,Active,2025-03-19
EV10683,Calicut,Fast,Bus,127.65,471.57,Inactive,2025-03-06
EV10684,Mumbai,Fast,Bike,117.44,108.01,Active,2025-01-03
EV10685,Delhi,Slow,Car,196.77,118.85,Inactive,2025-01-04
EV10686,Bengaluru,Slow,Bike,233.82,368.72,Active,2025-07-09
EV10687,Delhi,DC Fast,Bike,217.55,362.86,Inactive,2025-06-14
EV10688,Trivandrum,DC Fast,Bus,46.53,313.8,Inactive,2025-11-01
EV10689,Bengaluru,Slow,Bike,209.53,159.08,Inactive,2025-03-05
EV10690,Calicut,Slow,Bike,26.82,170.92,Active,2025-05-31
EV10691,Trivandrum,Level 2,Bus,177.74,237.17,Active,2025-01-17
EV10692,Kochi,Level 2,Bus,213.62,166.85,Inactive,2025-07-10
EV10693,Hyderabad,Slow,Bike,26.68,285.1,Active,2025-11-04
EV10694,Mumbai,DC Fast,Bike,160.94,343.51,Inactive,2025-09-23
EV10695,Hyderabad,DC Fast,Bike,42.46,269.85,Active,2025-09-08
EV10696,Kochi,Slow,Car,47.45,247.47,Inactive,2025-06-03
EV10697,Trivandrum,DC Fast,Bike,204.8,149.19,Inactive,2025-10-24
EV10698,Delhi,Slow,Car,58.62,288.4,Inactive,2025-08-27
EV10699,Kochi,Level 2,Bus,158.77,333.4,Inactive,2025-01-23
EV10700,Trivandrum,Level 2,Bike,239.6,257.67,Inactive,2025-05-29
EV10701,Mumbai,Slow,Car,51.33,354.15,Inactive,2025-09-09
EV10702,Kochi,Fast,Bus,203.82,105.33,Active,2025-10-31
EV10703,Bengaluru,Fast,Bus,213.14,71.69,Active,2025-01-19
EV10704,Kochi,Fast,Car,58.13,65.25,Inactive,2025-11-11
EV10705,Hyderabad,Level 2,Bike,78.86,195.53,Inactive,2025-05-28
EV10706,Kochi,DC Fast,Car,35.87,158.63,Inactive,2025-02-16
EV10707,Kochi,Slow,Bike,127.61,248.93,Inactive,2025-12-26
EV10708,Hyderabad,Slow,Car,96.3,34.53,Inactive,2025-11-10
EV10709,Delhi,Level 2,Bike,227.02,318.01,Active,2025-10-12
EV10710,Bengaluru,DC Fast,Car,114.47,459.76,Inactive,2025-08-22
EV10711,Delhi,DC Fast,Car,197.41,64.83,Active,2025-08-26
EV10712,Mumbai,DC Fast,Bus,37.08,380.79,Inactive,2025-05-02
EV10713,Delhi,Slow,Bus,159.74,229.94,Inactive,2025-10-24
EV10714,Kochi,DC Fast,Bus,189.03,488.58,Active,2025-06-15
EV10715,Hyderabad,Fast,Car,177.77,380.98,Inactive,2025-05-13
EV10716,Bengaluru,DC Fast,Bus,164.1,326.58,Active,2025-11-26
EV10717,Calicut,Slow,Car,28.88,113.91,Inactive,2025-11-26
EV10718,Trivandrum,Slow,Bus,74.35,152.61,Active,2025-12-19
EV10719,Kochi,Level 2,Bike,216.9,279.7,Inactive,2025-07-17
EV10720,Trivandrum,Level 2,Car,70.26,123.86,Inactive,2025-12-01
EV10721,Calicut,Slow,Car,15.85,58.98,Active,2025-02-15
EV10722,Trivandrum,Level 2,Bike,55.82,251.99,Inactive,2025-04-27
EV10723,Bengaluru,Level 2,Bike,218.8,25.35,Active,2025-05-17
EV10724,Delhi,Fast,Car,84.71,216.81,Inactive,2025-02-15
EV10725,Trivandrum,Level 2,Bus,206.89,337.32,Inactive,2025-06-09
EV10726,Trivandrum,Level 2,Bike,225.96,396.71,Inactive,2025-08-01
EV10727,Kochi,Fast,Car,249.48,204.71,Active,2025-03-23
EV10728,Trivandrum,Level 2,Car,130.48,403.07,Inactive,2025-10-29
EV10729,Calicut,Level 2,Bus,125.86,180.51,Inactive,2025-08-11
EV10730,Chennai,DC Fast,Car,198.65,411.11,Inactive,2025-09-11
EV10731,Trivandrum,Slow,Car,35.1,248.99,Inactive,2025-02-11
EV10732,Trivandrum,Fast,Car,221.77,131.87,Active,2025-02-11
EV10733,Chennai,Slow,Bike,245.64,495.28,Active,2025-06-14
EV10734,Mumbai,Fast,Bus,222.12,165.57,Active,2025-03-24
EV10735,Kochi,Level 2,Car,130.3,242.8,Active,2025-11-02
EV10736,Mumbai,Fast,Bike,40.75,351.42,Active,2025-03-10
EV10737,Mumbai,Level 2,Bike,247.15,420.84,Inactive,2025-10-03
EV10738,Mumbai,DC Fast,Bike,109.66,407.78,Inactive,2025-07-23
EV10739,Chennai,Slow,Bike,104.11,78.4,Active,2025-09-16
EV10740,Chennai,Level 2,Bus,142.88,93.35,Active,2025-03-12
EV10741,Delhi,Slow,Bus,243.47,143.17,Inactive,2025-04-02
EV10742,Mumbai,DC Fast,Bike,215.2,345.42,Inactive,2025-01-13
EV10743,Delhi,Slow,Car,110.89,404.21,Active,2025-11-02
EV10744,Delhi,Fast,Bus,25.39,152.63,Inactive,2025-09-13
EV10745,Mumbai,Slow,Bus,22.09,428.78,Inactive,2025-04-05
EV10746,Mumbai,DC Fast,Car,77.13,454.12,Inactive,2025-10-04
EV10747,Kochi,Slow,Car,109.52,401.7,Active,2025-01-03
EV10748,Calicut,Slow,Bus,74.55,447.8,Inactive,2025-08-27
EV10749,Hyderabad,Slow,Car,33.85,178.56,Active,2025-04-13
EV10750,Delhi,Slow,Bike,90.94,229.66,Active,2025-11-25
EV10751,Trivandrum,DC Fast,Car,217.55,469.01,Active,2025-05-10
EV10752,Delhi,Slow,Bus,191.74,276.52,Active,2025-05-06
EV10753,Chennai,Slow,Car,70.29,21.73,Inactive,2025-09-05
EV10754,Trivandrum,Slow,Bus,175.9,475.98,Active,2025-07-19
EV10755,Chennai,Level 2,Bike,43.18,139.28,Active,2025-06-19
EV10756,Hyderabad,Slow,Bike,231.76,468.75,Active,2025-08-19
EV10757,Kochi,DC Fast,Bike,213.35,249.02,Active,2025-03-26
EV10758,Kochi,Fast,Bike,238.99,25.38,Active,2025-06-30
EV10759,Chennai,Level 2,Bus,81.41,459.29,Active,2025-03-12
EV10760,Chennai,Slow,Bus,226.89,304.76,Active,2025-03-12
EV10761,Calicut,Slow,Bike,128.24,106.54,Active,2025-04-01
EV10762,Trivandrum,Level 2,Car,67.06,76.99,Inactive,2025-10-10
EV10763,Mumbai,Level 2,Car,185.14,472.86,Active,2025-03-01
EV10764,Kochi,DC Fast,Bus,134.58,128.83,Inactive,2025-01-17
EV10765,Bengaluru,DC Fast,Bus,213.89,157.07,Active,2025-06-12
EV10766,Kochi,DC Fast,Car,226.65,92.39,Inactive,2025-03-10
EV10767,Bengaluru,Level 2,Bike,232.14,185.04,Active,2025-12-27
EV10768,Hyderabad,Fast,Bus,117.13,399.69,Active,2025-11-11
EV10769,Mumbai,Fast,Car,157.78,399.17,Active,2025-06-20
EV10770,Kochi,DC Fast,Bike,112.28,275.82,Inactive,2025-10-16
EV10771,Calicut,Level 2,Bike,196.44,298.0,Active,2025-06-07
EV10772,Mumbai,DC Fast,Bus,131.94,412.21,Active,2025-11-22
EV10773,Kochi,DC Fast,Bike,146.41,468.78,Active,2025-09-17
EV10774,Kochi,Level 2,Car,50.12,231.14,Inactive,2025-01-03
EV10775,Delhi,DC Fast,Bus,76.57,44.72,Inactive,2025-06-05
EV10776,Mumbai,DC Fast,Bus,159.08,70.93,Active,2025-02-24
EV10777,Hyderabad,Level 2,Car,89.82,92.22,Inactive,2025-09-07
EV10778,Mumbai,DC Fast,Car,59.12,262.37,Active,2025-10-16
EV10779,Kochi,Level 2,Bus,13.87,372.41,Inactive,2025-05-28
EV10780,Delhi,Level 2,Bike,100.89,345.51,Inactive,2025-11-22
EV10781,Bengaluru,Level 2,Bus,189.42,444.77,Active,2025-06-25
EV10782,Delhi,Level 2,Bus,115.22,213.57,Active,2025-03-06
EV10783,Hyderabad,DC Fast,Car,219.73,268.46,Inactive,2025-10-14
EV10784,Delhi,Level 2,Bike,147.93,273.42,Active,2025-08-21
EV10785,Delhi,Fast,Car,98.56,234.11,Inactive,2025-02-10
EV10786,Chennai,DC Fast,Bus,89.48,145.24,Active,2025-01-20
EV10787,Trivandrum,Slow,Car,32.99,158.9,Inactive,2025-03-14
EV10788,Chennai,Fast,Bus,50.81,246.66,Active,2025-02-21
EV10789,Trivandrum,Fast,Bus,187.22,476.68,Active,2025-05-22
EV10790,Delhi,Slow,Bike,226.85,470.45,Inactive,2025-05-09
EV10791,Calicut,DC Fast,Bus,198.42,185.57,Inactive,2025-06-10
EV10792,Hyderabad,Fast,Bike,102.92,35.25,Active,2025-05-13
EV10793,Delhi,DC Fast,Bike,23.45,200.44,Active,2025-02-07
EV10794,Bengaluru,DC Fast,Bus,117.85,485.47,Inactive,2025-09-08
EV10795,Hyderabad,Fast,Bike,22.85,451.12,Active,2025-12-15
EV10796,Delhi,Fast,Bike,59.26,255.52,Inactive,2025-08-27
EV10797,Hyderabad,Slow,Bus,218.75,409.82,Inactive,2025-07-02
EV10798,Hyderabad,Level 2,Car,185.07,307.99,Active,2025-03-12
EV10799,Trivandrum,Level 2,Bus,39.49,79.0,Active,2025-10-12
EV10800,Kochi,Fast,Car,247.7,426.06,Active,2025-12-30
EV10801,Chennai,Fast,Bus,146.79,305.38,Active,2025-01-18
EV10802,Chennai,DC Fast,Bike,81.7,211.08,Inactive,2025-05-12
EV10803,Chennai,Level 2,Bus,127.83,358.84,Inactive,2025-03-26
EV10804,Trivandrum,Slow,Car,50.0,37.31,Active,2025-11-07
EV10805,Calicut,DC Fast,Bus,167.22,407.87,Inactive,2025-10-06
EV10806,Hyderabad,DC Fast,Bike,19.97,202.56,Active,2025-02-19
EV10807,Trivandrum,Slow,Bus,152.87,148.97,Active,2025-01-17
EV10808,Trivandrum,Level 2,Bike,104.51,256.35,Active,2025-01-17
EV10809,Kochi,Fast,Car,173.17,477.41,Active,2025-10-12
EV10810,Mumbai,Slow,Car,89.5,400.3,Inactive,2025-06-16
EV10811,Delhi,DC Fast,Bus,140.54,299.61,Inactive,2025-10-19
EV10812,Mumbai,Fast,Bus,117.12,402.31,Active,2025-01-26
EV10813,Delhi,Level 2,Bike,64.62,273.55,Active,2025-04-20
EV10814,Kochi,Level 2,Bus,56.16,185.72,Inactive,2025-08-10
EV10815,Trivandrum,Fast,Bus,124.1,373.83,Active,2025-10-26
EV10816,Mumbai,DC Fast,Bike,23.21,33.92,Active,2025-11-19
EV10817,Kochi,Fast,Bus,31.96,360.87,Active,2025-10-09
EV10818,Hyderabad,Level 2,Car,164.48,130.5,Inactive,2025-06-19
EV10819,Delhi,DC Fast,Bike,95.32,357.01,Active,2025-08-08
EV10820,Delhi,Slow,Car,221.34,372.27,Active,2025-01-04
EV10821,Chennai,DC Fast,Bike,31.88,441.47,Inactive,2025-07-23
EV10822,Mumbai,DC Fast,Bike,127.88,182.68,Inactive,2025-09-12
EV10823,Bengaluru,Fast,Car,88.94,42.83,Inactive,2025-06-05
EV10824,Delhi,Level 2,Car,63.71,240.43,Inactive,2025-08-13
EV10825,Kochi,Level 2,Bike,90.97,180.86,Inactive,2025-10-13
EV10826,Hyderabad,DC Fast,Bus,88.28,395.54,Active,2025-02-26
EV10827,Trivandrum,Level 2,Bike,33.48,310.91,Active,2025-11-14
EV10828,Kochi,Slow,Bike,34.59,138.34,Active,2025-08-16
EV10829,Calicut,DC Fast,Bike,12.44,471.37,Active,2025-04-20
EV10830,Hyderabad,Slow,Bike,124.31,93.98,Inactive,2025-07-01
EV10831,Trivandrum,Fast,Car,35.12,449.89,Inactive,2025-11-23
EV10832,Hyderabad,Level 2,Bus,127.35,217.64,Active,2025-10-31
EV10833,Hyderabad,DC Fast,Car,186.27,425.35,Inactive,2025-09-11
EV10834,Mumbai,Level 2,Bus,137.55,159.14,Active,2025-11-18
EV10835,Chennai,Slow,Car,161.93,164.93,Active,2025-11-15
EV10836,Delhi,Slow,Bus,131.25,340.33,Active,2025-10-25
EV10837,Bengaluru,DC Fast,Bike,215.35,91.33,Inactive,2025-06-03
EV10838,Bengaluru,DC Fast,Bus,111.9,36.64,Inactive,2025-03-24
EV10839,Mumbai,Slow,Bus,245.88,461.89,Active,2025-11-23
EV10840,Mumbai,DC Fast,Bus,69.65,262.02,Active,2025-03-01
EV10841,Bengaluru,Level 2,Bike,79.9,316.16,Inactive,2025-12-06
EV10842,Trivandrum,DC Fast,Bus,71.19,256.69,Active,2025-06-25
EV10843,Chennai,Level 2,Bus,42.02,485.08,Inactive,2025-01-20
EV10844,Bengaluru,Level 2,Car,233.91,212.98,Inactive,2025-11-05
EV10845,Chennai,Level 2,Car,209.37,463.48,Active,2025-10-25
EV10846,Calicut,Level 2,Car,78.43,93.36,Inactive,2025-10-02
EV10847,Bengaluru,DC Fast,Bike,165.69,275.87,Active,2025-03-28
EV10848,Kochi,Level 2,Car,44.52,447.34,Inactive,2025-10-25
EV10849,Chennai,Fast,Bus,126.77,331.0,Inactive,2025-12-22
EV10850,Hyderabad,Fast,Bus,90.23,353.93,Active,2025-05-08
EV10851,Chennai,Level 2,Bike,103.3,296.77,Inactive,2025-09-26
EV10852,Bengaluru,Fast,Bus,27.59,25.39,Active,2025-05-24
EV10853,Hyderabad,Fast,Car,163.35,134.52,Active,2025-06-19
EV10854,Calicut,Level 2,Car,91.85,498.69,Active,2025-05-14
EV10855,Trivandrum,Level 2,Bus,43.33,117.94,Inactive,2025-10-01
EV10856,Bengaluru,Slow,Bike,137.02,212.54,Inactive,2025-08-15
EV10857,Bengaluru,Fast,Bike,128.31,391.52,Active,2025-02-23
EV10858,Delhi,Level 2,Bike,246.4,209.83,Active,2025-11-18
EV10859,Trivandrum,DC Fast,Bus,55.1,370.97,Inactive,2025-04-05
EV10860,Kochi,DC Fast,Bike,91.78,82.4,Inactive,2025-05-16
EV10861,Hyderabad,Level 2,Car,149.5,339.99,Inactive,2025-06-27
EV10862,Trivandrum,DC Fast,Bike,197.68,297.81,Active,2025-09-24
EV10863,Kochi,DC Fast,Car,152.63,405.73,Active,2025-05-30
EV10864,Hyderabad,Slow,Bike,40.94,53.97,Active,2025-12-22
EV10865,Bengaluru,DC Fast,Bike,76.95,352.41,Inactive,2025-05-16
EV10866,Hyderabad,Level 2,Bus,173.92,192.68,Inactive,2025-01-11
EV10867,Kochi,DC Fast,Bus,132.9,142.49,Active,2025-09-28
EV10868,Hyderabad,DC Fast,Car,109.66,157.35,Inactive,2025-03-27
EV10869,Trivandrum,Level 2,Bike,165.76,65.45,Inactive,2025-04-16
EV10870,Chennai,Level 2,Bike,52.44,50.6,Active,2025-06-20
EV10871,Bengaluru,DC Fast,Car,80.48,482.04,Inactive,2025-06-19
EV10872,Mumbai,DC Fast,Bike,151.25,405.3,Active,2025-01-09
EV10873,Mumbai,Fast,Bike,133.81,44.69,Active,2025-11-02
EV10874,Delhi,Fast,Bus,84.84,168.19,Active,2025-02-18
EV10875,Chennai,Slow,Bike,135.51,128.57,Active,2025-10-04
EV10876,Mumbai,Level 2,Car,120.25,247.45,Active,2025-05-02
EV10877,Calicut,Slow,Bike,13.72,98.54,Inactive,2025-05-09
EV10878,Delhi,Slow,Bus,15.78,388.9,Active,2025-01-23
EV10879,Calicut,DC Fast,Bus,85.62,237.99,Inactive,2025-07-03
EV10880,Hyderabad,Level 2,Bus,54.43,199.1,Inactive,2025-08-05
EV10881,Trivandrum,Fast,Bus,183.76,265.49,Inactive,2025-07-25
EV10882,Hyderabad,Fast,Bike,10.19,225.95,Inactive,2025-04-17
EV10883,Bengaluru,Level 2,Bus,65.55,251.08,Inactive,2025-08-21
EV10884,Trivandrum,Slow,Bike,226.96,80.94,Inactive,2025-10-20
EV10885,Chennai,Level 2,Bike,179.38,212.82,Active,2025-09-15
EV10886,Trivandrum,DC Fast,Bus,166.76,302.13,Inactive,2025-03-27
EV10887,Trivandrum,Level 2,Car,39.09,405.01,Active,2025-01-02
EV10888,Trivandrum,Slow,Bus,28.44,289.02,Inactive,2025-09-13
EV10889,Delhi,DC Fast,Car,213.13,236.18,Active,2025-09-10
EV10890,Kochi,DC Fast,Bike,239.26,433.76,Inactive,2025-12-01
EV10891,Calicut,Slow,Bike,216.95,134.54,Active,2025-01-16
EV10892,Delhi,Fast,Bus,68.5,320.51,Inactive,2025-08-16
EV10893,Hyderabad,Fast,Bus,182.66,236.53,Active,2025-11-20
EV10894,Trivandrum,Slow,Car,125.42,153.66,Inactive,2025-08-18
EV10895,Kochi,DC Fast,Bike,71.88,459.25,Active,2025-05-01
EV10896,Mumbai,Fast,Car,100.43,408.96,Inactive,2025-04-16
EV10897,Mumbai,DC Fast,Bus,35.73,159.18,Active,2025-08-06
EV10898,Kochi,Slow,Bike,221.48,389.02,Inactive,2025-10-11
EV10899,Chennai,Slow,Bus,170.36,214.89,Inactive,2025-05-25
EV10900,Mumbai,Slow,Bike,207.73,165.86,Inactive,2025-03-26
EV10901,Hyderabad,DC Fast,Car,186.12,260.02,Inactive,2025-09-10
EV10902,Trivandrum,Slow,Bike,48.56,151.31,Inactive,2025-05-16
EV10903,Chennai,Fast,Car,202.8,326.71,Inactive,2025-03-13
EV10904,Kochi,Level 2,Car,199.05,259.42,Active,2025-08-04
EV10905,Mumbai,DC Fast,Car,136.79,81.32,Inactive,2025-05-12
EV10906,Hyderabad,Fast,Bike,56.9,227.99,Inactive,2025-04-23
EV10907,Mumbai,Slow,Bike,129.36,280.93,Inactive,2025-05-01
EV10908,Mumbai,DC Fast,Bike,191.98,307.6,Active,2025-10-25
EV10909,Hyderabad,DC Fast,Bus,178.14,344.84,Active,2025-06-21
EV10910,Chennai,Level 2,Car,49.74,164.51,Active,2025-01-21
EV10911,Mumbai,Level 2,Car,58.41,480.69,Active,2025-01-15
EV10912,Chennai,DC Fast,Bus,167.92,160.13,Inactive,2025-01-06
EV10913,Kochi,Level 2,Bus,120.15,222.09,Inactive,2025-06-28
EV10914,Hyderabad,Fast,Car,141.3,299.41,Active,2025-11-09
EV10915,Bengaluru,Level 2,Bike,78.17,40.35,Inactive,2025-08-26
EV10916,Chennai,Fast,Bus,171.23,463.03,Active,2025-12-13
EV10917,Hyderabad,Level 2,Bus,218.17,68.47,Inactive,2025-07-02
EV10918,Mumbai,Slow,Car,107.71,172.76,Inactive,2025-12-24
EV10919,Bengaluru,DC Fast,Bike,90.33,84.06,Inactive,2025-07-26
EV10920,Chennai,Fast,Bike,105.17,375.54,Active,2025-07-17
EV10921,Trivandrum,DC Fast,Bike,99.91,205.26,Inactive,2025-01-09
EV10922,Chennai,Slow,Car,86.38,129.93,Inactive,2025-08-08
EV10923,Kochi,DC Fast,Bus,233.01,37.62,Inactive,2025-08-20
EV10924,Hyderabad,DC Fast,Bike,63.74,404.67,Active,2025-02-05
EV10925,Hyderabad,Level 2,Car,149.87,180.15,Active,2025-06-11
EV10926,Chennai,DC Fast,Bus,183.54,22.54,Active,2025-06-12
EV10927,Bengaluru,Fast,Car,246.46,148.3,Inactive,2025-05-01
EV10928,Hyderabad,Level 2,Bus,79.48,491.41,Inactive,2025-09-03
EV10929,Mumbai,Slow,Car,149.49,305.58,Inactive,2025-02-23
EV10930,Chennai,DC Fast,Car,172.46,389.62,Active,2025-06-04
EV10931,Bengaluru,Level 2,Bus,15.0,232.23,Active,2025-02-03
EV10932,Calicut,Fast,Car,139.7,453.07,Inactive,2025-09-17
EV10933,Delhi,Slow,Car,21.44,355.73,Inactive,2025-06-27
EV10934,Delhi,Level 2,Car,148.69,383.69,Active,2025-10-07
EV10935,Trivandrum,Level 2,Bike,231.25,321.51,Active,2025-03-05
EV10936,Hyderabad,DC Fast,Bus,127.0,147.41,Inactive,2025-01-29
EV10937,Bengaluru,Slow,Bus,153.63,413.54,Active,2025-11-06
EV10938,Bengaluru,Fast,Bus,91.39,145.29,Inactive,2025-11-23
EV10939,Calicut,Fast,Bike,63.98,294.5,Inactive,2025-03-20
EV10940,Trivandrum,Level 2,Bike,30.52,234.51,Inactive,2025-10-05
EV10941,Mumbai,DC Fast,Bike,128.44,289.49,Inactive,2025-12-28
EV10942,Calicut,Slow,Car,244.69,244.5,Active,2025-10-16
EV10943,Chennai,Level 2,Bus,43.3,198.64,Active,2025-03-15
EV10944,Hyderabad,Slow,Bus,125.26,81.14,Inactive,2025-07-18
EV10945,Kochi,Level 2,Car,17.74,450.11,Inactive,2025-01-21
EV10946,Kochi,DC Fast,Bus,140.8,37.84,Inactive,2025-12-30
EV10947,Chennai,DC Fast,Car,232.06,475.26,Active,2025-10-28
EV10948,Delhi,Slow,Car,38.52,202.97,Inactive,2025-02-05
EV10949,Hyderabad,Slow,Bike,148.77,88.4,Inactive,2025-09-16
EV10950,Trivandrum,Level 2,Bike,235.86,75.71,Inactive,2025-01-05
EV10951,Bengaluru,Level 2,Bus,67.2,120.87,Inactive,2025-10-08
EV10952,Chennai,DC Fast,Bike,57.34,280.6,Active,2025-06-14
EV10953,Chennai,Fast,Car,196.58,310.92,Active,2025-04-22
EV10954,Chennai,Level 2,Bus,40.72,282.83,Inactive,2025-03-19
EV10955,Hyderabad,Slow,Bus,51.24,397.97,Active,2025-05-03
EV10956,Chennai,Level 2,Car,170.85,239.8,Inactive,2025-02-25
EV10957,Chennai,Fast,Bus,199.59,228.27,Inactive,2025-10-27
EV10958,Kochi,Slow,Bike,191.63,494.52,Active,2025-01-15
EV10959,Calicut,Slow,Bus,69.7,344.74,Inactive,2025-02-13
EV10960,Calicut,Slow,Car,13.53,198.71,Active,2025-04-03
EV10961,Bengaluru,DC Fast,Car,196.3,231.11,Inactive,2025-07-28
EV10962,Hyderabad,Slow,Car,230.24,229.55,Inactive,2025-02-15
EV10963,Trivandrum,Fast,Car,129.55,345.48,Inactive,2025-04-24
EV10964,Trivandrum,Fast,Car,93.86,432.29,Active,2025-06-09
EV10965,Mumbai,Level 2,Car,186.85,79.27,Inactive,2025-07-15
EV10966,Kochi,Fast,Bus,246.54,222.56,Inactive,2025-03-25
EV10967,Delhi,Slow,Bike,74.16,267.94,Active,2025-04-21
EV10968,Mumbai,DC Fast,Bus,227.18,371.55,Inactive,2025-05-28
EV10969,Mumbai,Slow,Car,177.83,480.63,Active,2025-07-11
EV10970,Bengaluru,Level 2,Bike,91.83,286.96,Active,2025-06-25
EV10971,Kochi,DC Fast,Bus,183.7,117.56,Active,2025-01-01
EV10972,Trivandrum,DC Fast,Bus,153.03,199.49,Active,2025-04-24
EV10973,Bengaluru,Fast,Bus,145.91,492.57,Inactive,2025-01-20
EV10974,Hyderabad,DC Fast,Bus,115.41,458.72,Inactive,2025-06-22
EV10975,Delhi,Fast,Car,81.23,69.94,Active,2025-05-01
EV10976,Chennai,Slow,Bike,13.88,361.96,Active,2025-10-29
EV10977,Kochi,Level 2,Bus,130.75,337.64,Inactive,2025-11-22
EV10978,Kochi,Slow,Bike,104.01,338.42,Inactive,2025-03-23
EV10979,Delhi,Fast,Bike,23.13,240.69,Active,2025-11-29
EV10980,Hyderabad,Fast,Bus,150.29,262.53,Active,2025-08-23
EV10981,Hyderabad,Slow,Bus,169.47,490.35,Active,2025-03-23
EV10982,Bengaluru,Level 2,Bus,244.88,360.82,Active,2025-06-18
EV10983,Kochi,DC Fast,Bike,181.3,29.29,Active,2025-05-01
EV10984,Calicut,DC Fast,Bus,240.86,201.54,Inactive,2025-05-05
EV10985,Delhi,Level 2,Bike,199.79,100.5,Active,2025-07-02
EV10986,Bengaluru,Fast,Car,76.6,232.84,Inactive,2025-05-21
EV10987,Mumbai,Fast,Bus,182.33,478.33,Active,2025-12-01
EV10988,Kochi,Slow,Bus,155.82,423.02,Inactive,2025-07-22
EV10989,Bengaluru,Fast,Bus,169.4,413.35,Active,2025-06-16
EV10990,Kochi,Fast,Bike,141.82,377.22,Inactive,2025-04-18
EV10991,Trivandrum,Slow,Bike,183.24,425.28,Active,2025-11-17
EV10992,Trivandrum,Slow,Car,71.03,309.44,Inactive,2025-12-21
EV10993,Kochi,Level 2,Bike,185.71,37.06,Active,2025-12-17
EV10994,Hyderabad,Level 2,Car,110.11,440.79,Active,2025-02-13
EV10995,Trivandrum,Level 2,Car,10.94,270.01,Active,2025-06-16
EV10996,Trivandrum,Fast,Bike,246.95,450.68,Inactive,2025-04-17
EV10997,Trivandrum,Slow,Car,100.17,121.87,Inactive,2025-10-03
EV10998,Chennai,Fast,Bus,166.66,33.13,Active,2025-12-06
EV10999,Trivandrum,Level 2,Car,98.0,88.22,Active,2025-05-03
EV11000,Mumbai,Fast,Bike,222.39,357.39,Inactive,2025-01-27
EV11001,Bengaluru,DC Fast,Bike,34.01,82.95,Inactive,2025-02-12
EV11002,Kochi,Level 2,Bus,95.05,256.48,Active,2025-09-28
EV11003,Bengaluru,Slow,Car,121.48,156.0,Inactive,2025-12-09
EV11004,Delhi,Level 2,Bus,53.16,101.6,Inactive,2025-02-25
EV11005,Kochi,DC Fast,Bus,113.97,432.22,Inactive,2025-02-26
EV11006,Delhi,Slow,Bus,118.28,490.28,Active,2025-01-08
EV11007,Bengaluru,Level 2,Bike,102.27,348.03,Inactive,2025-05-25
EV11008,Bengaluru,Level 2,Bus,109.06,266.7,Inactive,2025-11-24
EV11009,Delhi,Level 2,Bus,210.84,50.32,Active,2025-06-14
EV11010,Trivandrum,DC Fast,Bus,116.19,70.4,Active,2025-01-26
EV11011,Calicut,Level 2,Car,94.84,271.88,Active,2025-08-15
EV11012,Trivandrum,Level 2,Bike,140.51,313.49,Inactive,2025-02-13
EV11013,Trivandrum,Fast,Bike,114.24,223.29,Active,2025-09-23
EV11014,Mumbai,Level 2,Bike,134.88,480.37,Active,2025-02-23
EV11015,Bengaluru,Slow,Bus,162.14,20.87,Active,2025-04-10
EV11016,Mumbai,Fast,Bike,112.76,149.74,Active,2025-12-30
EV11017,Trivandrum,Slow,Bike,247.1,156.95,Inactive,2025-01-09
EV11018,Mumbai,Fast,Bus,15.55,165.69,Active,2025-01-25
EV11019,Kochi,DC Fast,Car,67.59,89.09,Active,2025-11-26
EV11020,Trivandrum,DC Fast,Car,134.77,24.65,Inactive,2025-04-08
EV11021,Kochi,Fast,Car,92.03,435.98,Inactive,2025-11-11
EV11022,Kochi,Fast,Bike,194.75,255.79,Inactive,2025-04-28
EV11023,Hyderabad,Fast,Bike,202.28,366.15,Inactive,2025-08-29
EV11024,Chennai,Slow,Bus,155.87,105.73,Active,2025-12-22
EV11025,Mumbai,Level 2,Bike,224.07,34.77,Active,2025-01-26
EV11026,Kochi,Slow,Bike,79.48,79.73,Inactive,2025-01-11
EV11027,Kochi,DC Fast,Bus,90.14,324.66,Inactive,2025-04-10
EV11028,Calicut,Slow,Bike,219.01,140.73,Active,2025-09-07
EV11029,Mumbai,Fast,Bus,53.83,107.99,Active,2025-06-24
EV11030,Hyderabad,Fast,Bike,192.12,183.69,Active,2025-10-11
EV11031,Trivandrum,Slow,Bike,121.18,315.34,Inactive,2025-02-12
EV11032,Hyderabad,DC Fast,Car,157.64,57.86,Active,2025-02-10
EV11033,Trivandrum,Slow,Bus,100.77,302.9,Inactive,2025-06-13
EV11034,Bengaluru,Level 2,Car,156.54,34.29,Inactive,2025-09-02
EV11035,Delhi,Slow,Bus,45.55,115.05,Active,2025-02-17
EV11036,Delhi,DC Fast,Car,243.68,196.11,Active,2025-04-19
EV11037,Hyderabad,Fast,Bike,130.25,419.79,Active,2025-10-01
EV11038,Mumbai,Level 2,Car,195.34,187.28,Active,2025-04-20
EV11039,Hyderabad,Fast,Bus,176.93,202.48,Active,2025-03-21
EV11040,Bengaluru,Slow,Bike,16.6,40.8,Inactive,2025-07-11
EV11041,Delhi,Slow,Bus,228.72,138.73,Inactive,2025-04-17
EV11042,Bengaluru,Fast,Bus,36.41,332.24,Inactive,2025-08-15
EV11043,Trivandrum,Level 2,Bus,69.26,438.29,Active,2025-10-30
EV11044,Delhi,Level 2,Car,19.88,274.58,Inactive,2025-01-17
EV11045,Hyderabad,Slow,Bus,185.87,257.24,Inactive,2025-02-24
EV11046,Chennai,DC Fast,Bus,109.85,188.57,Inactive,2025-07-11
EV11047,Calicut,Fast,Car,81.83,21.67,Inactive,2025-12-24
EV11048,Delhi,DC Fast,Bus,157.75,102.99,Active,2025-06-10
EV11049,Delhi,Fast,Car,22.82,89.95,Active,2025-08-26
EV11050,Bengaluru,Level 2,Bike,61.38,436.09,Active,2025-05-07
EV11051,Delhi,Level 2,Bus,194.84,164.06,Active,2025-01-02
EV11052,Trivandrum,DC Fast,Bus,47.49,83.4,Inactive,2025-06-09
EV11053,Mumbai,Level 2,Car,241.78,447.39,Inactive,2025-09-08
EV11054,Delhi,DC Fast,Car,142.87,490.01,Active,2025-10-25
EV11055,Kochi,Fast,Car,100.74,180.49,Inactive,2025-02-21
EV11056,Mumbai,Fast,Bike,35.0,27.44,Inactive,2025-04-25
EV11057,Bengaluru,Slow,Bus,39.43,466.97,Active,2025-12-18
EV11058,Delhi,DC Fast,Car,177.74,409.35,Inactive,2025-08-28
EV11059,Delhi,Level 2,Car,184.25,167.26,Active,2025-07-16
EV11060,Delhi,Level 2,Bus,221.7,490.82,Active,2025-03-16
EV11061,Hyderabad,Level 2,Bike,98.6,40.47,Inactive,2025-12-08
EV11062,Trivandrum,DC Fast,Bike,244.27,121.78,Inactive,2025-04-17
EV11063,Kochi,Level 2,Car,22.49,266.76,Inactive,2025-09-04
EV11064,Mumbai,Slow,Bike,199.53,428.31,Active,2025-01-05
EV11065,Calicut,Fast,Bus,168.94,316.19,Active,2025-04-29
EV11066,Hyderabad,Fast,Car,45.2,452.98,Inactive,2025-03-17
EV11067,Mumbai,Level 2,Car,209.55,482.45,Active,2025-07-05
EV11068,Calicut,Level 2,Bike,123.78,101.93,Inactive,2025-12-27
EV11069,Hyderabad,Level 2,Bike,121.07,125.74,Inactive,2025-08-17
EV11070,Kochi,Slow,Car,196.81,333.66,Inactive,2025-07-05
EV11071,Calicut,Fast,Car,173.94,199.36,Active,2025-08-29
EV11072,Chennai,Fast,Car,134.41,370.18,Inactive,2025-07-25
EV11073,Chennai,DC Fast,Bike,115.8,240.16,Inactive,2025-12-31
EV11074,Hyderabad,Level 2,Bike,29.31,123.9,Inactive,2025-04-01
EV11075,Hyderabad,DC Fast,Car,181.26,193.39,Inactive,2025-02-11
EV11076,Mumbai,Fast,Bike,120.99,450.95,Active,2025-11-30
EV11077,Hyderabad,Slow,Bike,24.88,288.09,Inactive,2025-08-03
EV11078,Calicut,Level 2,Bike,196.95,382.66,Inactive,2025-05-26
EV11079,Delhi,DC Fast,Bus,88.07,270.45,Active,2025-06-06
EV11080,Delhi,DC Fast,Bike,247.06,391.43,Inactive,2025-01-16
EV11081,Calicut,Level 2,Bus,21.72,296.92,Inactive,2025-07-27
EV11082,Chennai,DC Fast,Car,53.36,209.13,Active,2025-03-23
EV11083,Kochi,Level 2,Bike,152.34,408.26,Inactive,2025-07-22
EV11084,Trivandrum,DC Fast,Bike,216.83,272.32,Active,2025-06-12
EV11085,Calicut,DC Fast,Bus,63.4,83.33,Inactive,2025-02-01
EV11086,Calicut,Level 2,Car,108.11,197.26,Active,2025-09-27
EV11087,Bengaluru,Level 2,Bus,193.43,444.77,Active,2025-08-27
EV11088,Bengaluru,Level 2,Bus,128.27,31.32,Inactive,2025-09-11
EV11089,Mumbai,Slow,Bus,10.06,239.93,Inactive,2025-01-08
EV11090,Calicut,DC Fast,Bike,244.99,103.49,Inactive,2025-04-12
EV11091,Kochi,Fast,Bus,140.86,210.97,Inactive,2025-10-31
EV11092,Chennai,DC Fast,Car,157.91,241.42,Inactive,2025-07-19
EV11093,Chennai,Slow,Car,117.03,191.44,Inactive,2025-04-04
EV11094,Calicut,Fast,Car,180.37,185.09,Inactive,2025-06-18
EV11095,Delhi,Fast,Car,221.03,304.61,Active,2025-07-29
EV11096,Kochi,Fast,Bike,91.72,20.81,Inactive,2025-01-15
EV11097,Chennai,Slow,Bike,103.36,366.68,Active,2025-02-27
EV11098,Calicut,Fast,Bus,167.89,363.68,Active,2025-08-20
EV11099,Calicut,Level 2,Bus,236.24,320.02,Active,2025-06-29
EV11100,Bengaluru,Fast,Bus,142.06,60.85,Active,2025-02-27
EV11101,Kochi,Level 2,Bike,82.68,136.15,Inactive,2025-06-12
EV11102,Kochi,Level 2,Bike,195.54,362.58,Active,2025-01-18
EV11103,Calicut,Level 2,Bike,204.07,169.97,Active,2025-12-23
EV11104,Trivandrum,DC Fast,Bus,205.34,89.89,Active,2025-01-02
EV11105,Kochi,Level 2,Car,59.69,359.14,Active,2025-06-08
EV11106,Mumbai,Level 2,Bike,191.23,83.32,Active,2025-05-20
EV11107,Trivandrum,Slow,Bike,238.85,422.41,Inactive,2025-06-22
EV11108,Mumbai,Fast,Bus,113.77,43.72,Inactive,2025-12-22
EV11109,Delhi,Level 2,Car,91.9,465.6,Active,2025-07-11
EV11110,Mumbai,Level 2,Bus,156.6,178.18,Inactive,2025-05-16
EV11111,Mumbai,Fast,Bike,146.26,455.49,Active,2025-06-23
EV11112,Mumbai,Level 2,Bus,221.31,343.7,Inactive,2025-10-04
EV11113,Trivandrum,Level 2,Bike,195.04,269.5,Active,2025-10-08
EV11114,Hyderabad,DC Fast,Car,224.34,165.54,Active,2025-06-05
EV11115,Hyderabad,Fast,Car,159.85,332.81,Active,2025-08-05
EV11116,Delhi,Slow,Bus,34.77,126.02,Inactive,2025-01-20
EV11117,Mumbai,Fast,Bus,88.41,283.56,Active,2025-08-04
EV11118,Calicut,DC Fast,Bus,196.34,330.15,Inactive,2025-03-31
EV11119,Bengaluru,Level 2,Bike,22.6,131.83,Active,2025-07-16
EV11120,Trivandrum,DC Fast,Bike,222.45,236.27,Inactive,2025-05-15
EV11121,Chennai,Fast,Bike,69.03,348.2,Active,2025-06-15
EV11122,Delhi,Fast,Bus,35.33,369.78,Active,2025-08-20
EV11123,Trivandrum,Fast,Bike,219.31,77.76,Inactive,2025-03-22
EV11124,Mumbai,Level 2,Car,108.77,358.78,Inactive,2025-04-17
EV11125,Chennai,DC Fast,Car,175.82,247.01,Active,2025-01-22
EV11126,Delhi,DC Fast,Car,177.53,405.99,Inactive,2025-01-19
EV11127,Hyderabad,DC Fast,Bus,192.52,355.31,Active,2025-05-12
EV11128,Bengaluru,Fast,Bus,113.74,181.42,Inactive,2025-01-27
EV11129,Bengaluru,Slow,Bike,185.13,178.33,Inactive,2025-07-20
EV11130,Delhi,DC Fast,Bike,10.68,49.07,Active,2025-03-02
EV11131,Chennai,DC Fast,Car,153.13,306.26,Inactive,2025-03-06
EV11132,Chennai,DC Fast,Car,11.25,314.75,Inactive,2025-09-01
EV11133,Delhi,Level 2,Bike,46.06,380.1,Active,2025-08-30
EV11134,Trivandrum,Fast,Bike,75.14,419.84,Inactive,2025-11-27
EV11135,Trivandrum,Fast,Car,230.18,141.16,Active,2025-12-26
EV11136,Delhi,Level 2,Bus,32.97,262.2,Active,2025-05-19
EV11137,Calicut,Fast,Bus,107.54,447.02,Inactive,2025-09-30
EV11138,Calicut,Slow,Car,233.7,67.23,Inactive,2025-06-14
EV11139,Hyderabad,DC Fast,Bike,110.08,284.91,Inactive,2025-11-07
EV11140,Delhi,Fast,Bike,21.68,148.76,Inactive,2025-09-18
EV11141,Mumbai,Fast,Bus,190.17,73.24,Inactive,2025-06-26
EV11142,Trivandrum,DC Fast,Car,201.33,418.48,Inactive,2025-04-27
EV11143,Mumbai,Level 2,Car,194.94,143.55,Inactive,2025-05-17
EV11144,Calicut,Fast,Car,93.8,224.91,Active,2025-08-10
EV11145,Mumbai,DC Fast,Car,207.25,229.7,Active,2025-06-06
EV11146,Hyderabad,Level 2,Bike,93.45,39.3,Inactive,2025-06-17
EV11147,Delhi,Level 2,Bus,226.96,302.01,Active,2025-08-05
EV11148,Calicut,Slow,Car,42.24,496.32,Active,2025-06-30
EV11149,Mumbai,Fast,Car,159.58,84.89,Inactive,2025-03-22
EV11150,Trivandrum,Slow,Bike,25.5,90.81,Inactive,2025-11-16
EV11151,Kochi,Slow,Bike,192.1,204.6,Inactive,2025-06-26
EV11152,Bengaluru,Fast,Bus,153.45,36.11,Inactive,2025-10-20
EV11153,Trivandrum,Fast,Bus,150.39,162.55,Active,2025-06-04
EV11154,Hyderabad,Slow,Bus,113.27,412.29,Active,2025-10-10
EV11155,Kochi,DC Fast,Car,80.75,367.82,Active,2025-02-18
EV11156,Trivandrum,DC Fast,Bike,15.46,279.29,Inactive,2025-04-13
EV11157,Hyderabad,Level 2,Car,156.31,132.26,Inactive,2025-11-23
EV11158,Bengaluru,Slow,Car,236.59,350.09,Inactive,2025-10-08
EV11159,Mumbai,Level 2,Bike,185.01,265.88,Active,2025-12-16
EV11160,Hyderabad,DC Fast,Bike,94.88,81.56,Inactive,2025-01-31
EV11161,Mumbai,Fast,Bike,221.07,119.9,Inactive,2025-09-12
EV11162,Trivandrum,Level 2,Car,55.89,128.8,Inactive,2025-03-17
EV11163,Delhi,Fast,Car,209.41,218.47,Inactive,2025-12-21
EV11164,Mumbai,Level 2,Bike,141.02,135.06,Inactive,2025-01-19
EV11165,Chennai,Level 2,Car,127.8,196.1,Inactive,2025-04-01
EV11166,Kochi,Level 2,Car,45.03,93.44,Inactive,2025-06-03
EV11167,Calicut,Fast,Bus,70.84,386.36,Active,2025-08-02
EV11168,Calicut,DC Fast,Bike,207.52,492.37,Inactive,2025-07-02
EV11169,Bengaluru,DC Fast,Car,197.38,435.43,Inactive,2025-11-27
EV11170,Mumbai,DC Fast,Car,236.18,117.35,Inactive,2025-10-18
EV11171,Kochi,Fast,Car,83.7,155.12,Inactive,2025-10-24
EV11172,Hyderabad,Level 2,Bus,139.21,459.48,Inactive,2025-03-12
EV11173,Mumbai,Level 2,Bike,87.41,27.69,Active,2025-11-25
EV11174,Calicut,DC Fast,Bus,71.41,393.85,Active,2025-08-21
EV11175,Bengaluru,Slow,Car,34.36,42.98,Active,2025-05-25
EV11176,Calicut,DC Fast,Bike,176.32,193.5,Inactive,2025-12-18
EV11177,Mumbai,DC Fast,Bus,179.26,479.56,Inactive,2025-01-23
EV11178,Kochi,DC Fast,Car,54.77,288.57,Inactive,2025-06-27
EV11179,Trivandrum,Slow,Bike,233.18,91.91,Inactive,2025-04-24
EV11180,Delhi,Fast,Car,157.75,180.14,Active,2025-12-12
EV11181,Delhi,Slow,Bike,168.29,43.8,Active,2025-09-17
EV11182,Bengaluru,Slow,Bike,93.98,54.98,Inactive,2025-02-22
EV11183,Mumbai,Fast,Bus,218.99,367.76,Inactive,2025-05-09
EV11184,Mumbai,Fast,Bike,20.73,418.74,Active,2025-03-28
EV11185,Kochi,Slow,Car,116.53,218.28,Active,2025-01-19
EV11186,Calicut,DC Fast,Bus,86.64,28.44,Inactive,2025-08-10
EV11187,Hyderabad,Fast,Bus,111.18,433.2,Inactive,2025-05-27
EV11188,Mumbai,DC Fast,Bus,47.79,76.3,Active,2025-09-22
EV11189,Delhi,Slow,Car,35.96,172.48,Inactive,2025-08-22
EV11190,Calicut,Slow,Car,246.99,127.39,Active,2025-05-26
EV11191,Kochi,Fast,Car,222.15,238.96,Active,2025-06-16
EV11192,Chennai,Fast,Bus,33.68,391.48,Inactive,2025-12-28
EV11193,Mumbai,Level 2,Bus,49.09,465.99,Inactive,2025-05-11
EV11194,Calicut,Level 2,Bike,175.33,279.85,Active,2025-05-29
EV11195,Hyderabad,Level 2,Bus,109.64,463.32,Inactive,2025-01-18
EV11196,Delhi,Slow,Car,66.37,28.13,Active,2025-02-28
EV11197,Trivandrum,Fast,Bike,110.13,328.01,Active,2025-09-30
EV11198,Kochi,Fast,Bus,249.82,283.13,Active,2025-01-02
EV11199,Calicut,Fast,Car,25.15,363.63,Inactive,2025-08-04
EV11200,Kochi,Fast,Car,35.62,381.1,Active,2025-03-19
EV11201,Mumbai,Level 2,Bike,225.23,143.94,Active,2025-12-14
EV11202,Kochi,DC Fast,Bus,135.47,261.4,Active,2025-06-18
EV11203,Trivandrum,DC Fast,Car,60.88,116.13,Active,2025-07-20
EV11204,Mumbai,Slow,Bus,145.65,64.91,Active,2025-09-15
EV11205,Trivandrum,Fast,Bike,58.65,117.32,Inactive,2025-03-16
EV11206,Calicut,Slow,Bus,237.58,465.0,Active,2025-12-01
EV11207,Kochi,Slow,Bus,150.67,209.32,Inactive,2025-10-16
EV11208,Mumbai,DC Fast,Car,216.38,193.92,Inactive,2025-09-19
EV11209,Bengaluru,DC Fast,Bus,24.13,156.91,Inactive,2025-10-11
EV11210,Hyderabad,Fast,Bus,196.83,138.35,Inactive,2025-08-07
EV11211,Calicut,Fast,Bus,59.17,483.9,Inactive,2025-08-09
EV11212,Hyderabad,DC Fast,Bus,223.44,311.03,Inactive,2025-09-23
EV11213,Mumbai,Level 2,Bike,124.18,381.67,Active,2025-03-10
EV11214,Mumbai,Level 2,Bike,198.64,442.84,Active,2025-04-30
EV11215,Kochi,Level 2,Bike,71.91,297.59,Active,2025-06-25
EV11216,Bengaluru,DC Fast,Car,86.2,102.09,Active,2025-03-07
EV11217,Delhi,Slow,Bus,155.85,147.47,Inactive,2025-08-05
EV11218,Kochi,DC Fast,Bike,185.41,28.14,Inactive,2025-10-25
EV11219,Delhi,DC Fast,Bus,44.17,498.35,Inactive,2025-02-20
EV11220,Hyderabad,Level 2,Bus,183.02,437.81,Inactive,2025-11-05
EV11221,Mumbai,Fast,Bus,47.25,24.1,Active,2025-05-05
EV11222,Calicut,Fast,Car,151.03,112.82,Inactive,2025-11-22
EV11223,Delhi,DC Fast,Bike,241.07,30.32,Active,2025-07-07
EV11224,Trivandrum,Fast,Bus,200.73,379.71,Inactive,2025-08-09
EV11225,Mumbai,DC Fast,Car,138.89,456.64,Inactive,2025-09-08
EV11226,Delhi,Fast,Car,149.06,47.88,Inactive,2025-12-27
EV11227,Calicut,Level 2,Car,139.4,205.89,Inactive,2025-09-30
EV11228,Mumbai,DC Fast,Bus,204.78,483.9,Inactive,2025-02-24
EV11229,Mumbai,Slow,Bus,98.86,449.4,Active,2025-09-01
EV11230,Delhi,Fast,Bus,194.17,166.41,Inactive,2025-07-09
EV11231,Kochi,Level 2,Bike,245.66,25.71,Active,2025-01-19
EV11232,Bengaluru,Fast,Car,195.32,456.14,Inactive,2025-02-09
EV11233,Bengaluru,Level 2,Car,147.46,293.9,Active,2025-11-01
EV11234,Kochi,Slow,Car,15.02,24.61,Inactive,2025-08-11
EV11235,Calicut,Level 2,Bus,94.63,364.05,Inactive,2025-11-02
EV11236,Delhi,Slow,Bike,198.03,31.51,Inactive,2025-08-31
EV11237,Delhi,DC Fast,Bus,165.28,480.32,Inactive,2025-06-21
EV11238,Trivandrum,Level 2,Bike,170.21,53.47,Inactive,2025-06-19
EV11239,Delhi,Slow,Bus,105.55,22.93,Inactive,2025-09-30
EV11240,Kochi,Level 2,Bus,104.23,86.73,Active,2025-06-11
EV11241,Bengaluru,DC Fast,Bike,133.55,254.42,Inactive,2025-12-02
EV11242,Bengaluru,Slow,Car,243.92,253.12,Active,2025-09-27
EV11243,Calicut,Fast,Bus,228.94,350.64,Active,2025-12-07
EV11244,Kochi,DC Fast,Bus,102.33,284.1,Inactive,2025-09-21
EV11245,Mumbai,Fast,Car,195.4,379.68,Inactive,2025-06-08
EV11246,Hyderabad,Fast,Bus,69.07,218.53,Inactive,2025-09-08
EV11247,Delhi,Fast,Bus,232.32,73.99,Inactive,2025-04-07
EV11248,Bengaluru,Slow,Bike,14.05,243.89,Active,2025-07-08
EV11249,Trivandrum,DC Fast,Car,24.53,315.32,Inactive,2025-11-23
EV11250,Mumbai,Level 2,Bike,217.34,95.15,Active,2025-10-28
EV11251,Bengaluru,Fast,Car,144.58,473.99,Inactive,2025-02-23
EV11252,Trivandrum,Slow,Bike,196.21,180.74,Active,2025-05-19
EV11253,Mumbai,Level 2,Car,105.96,334.49,Active,2025-10-16
EV11254,Trivandrum,DC Fast,Bus,42.57,467.19,Inactive,2025-10-12
EV11255,Calicut,Fast,Bike,60.74,464.69,Inactive,2025-12-10
EV11256,Calicut,Fast,Bus,40.08,402.44,Active,2025-06-15
EV11257,Mumbai,DC Fast,Car,232.83,122.01,Inactive,2025-04-26
EV11258,Calicut,Fast,Car,160.5,231.48,Inactive,2025-12-29
EV11259,Mumbai,Fast,Bike,209.02,449.82,Active,2025-11-24
EV11260,Delhi,Level 2,Bike,82.74,490.19,Active,2025-09-13
EV11261,Trivandrum,Fast,Bus,95.48,52.7,Active,2025-08-31
EV11262,Kochi,Slow,Bus,232.73,184.78,Active,2025-03-02
EV11263,Kochi,Slow,Car,80.4,67.54,Active,2025-11-03
EV11264,Trivandrum,Slow,Car,157.2,64.73,Inactive,2025-10-28
EV11265,Kochi,Slow,Car,166.07,435.91,Inactive,2025-05-12
EV11266,Trivandrum,DC Fast,Bus,124.14,121.75,Inactive,2025-03-27
EV11267,Delhi,DC Fast,Car,151.15,234.4,Active,2025-10-16
EV11268,Trivandrum,Level 2,Bus,38.35,425.82,Active,2025-07-14
EV11269,Bengaluru,Fast,Bus,162.49,134.27,Active,2025-04-18
EV11270,Trivandrum,Level 2,Car,86.26,430.99,Inactive,2025-11-02
EV11271,Mumbai,Slow,Bus,170.02,310.88,Inactive,2025-12-17
EV11272,Delhi,Level 2,Bus,14.5,439.06,Inactive,2025-10-18
EV11273,Chennai,Slow,Car,16.01,208.8,Active,2025-04-06
EV11274,Calicut,DC Fast,Car,117.95,250.86,Active,2025-06-05
EV11275,Chennai,DC Fast,Car,55.42,416.55,Inactive,2025-06-26
EV11276,Calicut,Slow,Car,102.99,137.77,Inactive,2025-09-02
EV11277,Mumbai,Fast,Bike,219.62,49.46,Active,2025-01-10
EV11278,Chennai,Fast,Bike,99.39,20.37,Inactive,2025-04-02
EV11279,Bengaluru,Level 2,Bus,132.19,441.7,Active,2025-04-24
EV11280,Trivandrum,Fast,Car,48.9,200.08,Active,2025-04-24
EV11281,Mumbai,Level 2,Bus,141.53,489.77,Active,2025-12-16
EV11282,Hyderabad,Level 2,Car,232.35,57.12,Active,2025-12-13
EV11283,Calicut,Fast,Bus,105.77,112.41,Active,2025-08-29
EV11284,Chennai,Level 2,Bike,244.27,411.28,Inactive,2025-03-12
EV11285,Chennai,Slow,Bus,92.37,450.04,Active,2025-01-18
EV11286,Delhi,DC Fast,Bike,207.3,208.93,Inactive,2025-11-07
EV11287,Calicut,DC Fast,Bus,89.66,245.87,Active,2025-12-13
EV11288,Mumbai,Slow,Car,39.68,234.73,Active,2025-04-13
EV11289,Hyderabad,DC Fast,Bike,36.73,319.17,Active,2025-01-27
EV11290,Mumbai,Level 2,Car,140.85,454.82,Inactive,2025-12-15
EV11291,Delhi,Level 2,Car,24.01,381.17,Active,2025-04-15
EV11292,Chennai,Level 2,Car,128.04,461.09,Inactive,2025-09-09
EV11293,Trivandrum,Slow,Bus,196.04,145.6,Inactive,2025-11-06
EV11294,Delhi,Fast,Bus,202.58,223.8,Inactive,2025-08-25
EV11295,Bengaluru,Slow,Bike,56.56,117.33,Inactive,2025-03-16
EV11296,Chennai,Fast,Bike,236.24,61.92,Inactive,2025-10-03
EV11297,Delhi,Fast,Bike,68.95,288.08,Active,2025-12-11
EV11298,Bengaluru,Fast,Bike,84.71,60.05,Active,2025-12-27
EV11299,Chennai,Slow,Car,68.69,371.05,Active,2025-12-01
EV11300,Mumbai,DC Fast,Bus,164.95,424.34,Active,2025-10-07
EV11301,Kochi,DC Fast,Car,51.71,391.2,Inactive,2025-04-19
EV11302,Calicut,Fast,Bike,19.43,461.75,Inactive,2025-10-06
EV11303,Hyderabad,Fast,Bus,114.54,281.21,Inactive,2025-06-19
EV11304,Bengaluru,Slow,Car,76.66,143.4,Active,2025-09-17
EV11305,Bengaluru,Slow,Bus,18.18,299.69,Active,2025-03-20
EV11306,Hyderabad,Level 2,Bus,133.99,456.98,Active,2025-01-22
EV11307,Delhi,DC Fast,Bus,170.05,483.02,Inactive,2025-03-03
EV11308,Trivandrum,Slow,Car,88.39,74.16,Active,2025-11-05
EV11309,Calicut,Slow,Bike,221.86,97.07,Inactive,2025-02-13
EV11310,Bengaluru,Slow,Bike,221.39,342.84,Inactive,2025-03-06
EV11311,Calicut,DC Fast,Bike,207.76,59.77,Inactive,2025-05-05
EV11312,Bengaluru,Level 2,Bike,103.26,317.99,Active,2025-05-25
EV11313,Delhi,DC Fast,Bus,157.89,399.07,Active,2025-01-12
EV11314,Chennai,Fast,Car,115.36,347.48,Inactive,2025-08-02
EV11315,Hyderabad,Fast,Bike,222.36,309.14,Active,2025-02-12
EV11316,Delhi,Level 2,Car,113.03,271.26,Active,2025-07-08
EV11317,Bengaluru,Slow,Bus,62.44,174.03,Active,2025-07-07
EV11318,Chennai,DC Fast,Bus,163.04,177.82,Active,2025-07-01
EV11319,Calicut,Level 2,Bus,189.8,274.83,Active,2025-03-18
EV11320,Kochi,Fast,Bike,56.87,269.03,Active,2025-08-25
EV11321,Bengaluru,Level 2,Bus,63.59,235.13,Active,2025-12-25
EV11322,Bengaluru,Level 2,Bike,80.66,312.8,Inactive,2025-03-18
EV11323,Mumbai,Level 2,Car,76.43,427.94,Active,2025-10-28
EV11324,Trivandrum,Slow,Bike,63.47,80.23,Active,2025-05-19
EV11325,Hyderabad,Level 2,Car,201.08,307.21,Active,2025-07-10
EV11326,Calicut,Fast,Bus,249.92,68.03,Active,2025-08-20
EV11327,Chennai,DC Fast,Bus,226.61,236.61,Active,2025-04-16
EV11328,Mumbai,Slow,Car,159.78,242.33,Inactive,2025-04-11
EV11329,Calicut,Slow,Bus,71.94,167.47,Active,2025-09-27
EV11330,Delhi,DC Fast,Bike,149.9,25.29,Active,2025-05-20
EV11331,Mumbai,Slow,Car,48.19,81.69,Active,2025-11-16
EV11332,Mumbai,Fast,Bike,97.03,160.24,Inactive,2025-12-20
EV11333,Mumbai,DC Fast,Car,137.93,103.79,Active,2025-11-14
EV11334,Bengaluru,Fast,Car,160.49,53.54,Active,2025-01-18
EV11335,Chennai,Fast,Car,213.24,265.85,Active,2025-11-27
EV11336,Trivandrum,Fast,Car,17.83,346.22,Active,2025-01-26
EV11337,Hyderabad,Fast,Bus,28.7,160.82,Active,2025-08-23
EV11338,Kochi,Level 2,Bus,43.26,124.81,Inactive,2025-09-28
EV11339,Mumbai,DC Fast,Car,140.74,80.91,Active,2025-07-06
EV11340,Chennai,Slow,Car,227.54,328.02,Inactive,2025-01-02
EV11341,Mumbai,Slow,Car,149.71,111.1,Inactive,2025-09-27
EV11342,Calicut,Level 2,Car,237.4,401.31,Active,2025-11-09
EV11343,Delhi,Level 2,Car,126.52,133.8,Inactive,2025-04-28
EV11344,Bengaluru,Slow,Bike,149.06,499.42,Active,2025-09-27
EV11345,Bengaluru,DC Fast,Bus,146.98,279.35,Active,2025-08-02
EV11346,Hyderabad,Level 2,Car,202.66,201.24,Active,2025-07-25
EV11347,Bengaluru,Level 2,Bus,34.73,478.95,Inactive,2025-06-29
EV11348,Delhi,Level 2,Bus,220.53,72.06,Active,2025-08-28
EV11349,Kochi,DC Fast,Bus,191.18,211.2,Inactive,2025-10-27
EV11350,Hyderabad,Fast,Bike,85.8,132.21,Active,2025-08-30
EV11351,Hyderabad,Slow,Bike,156.4,493.23,Inactive,2025-11-25
EV11352,Hyderabad,DC Fast,Bike,211.07,86.6,Active,2025-08-01
EV11353,Trivandrum,Slow,Bus,216.04,437.8,Inactive,2025-07-12
EV11354,Calicut,Slow,Car,96.4,398.02,Inactive,2025-06-03
EV11355,Trivandrum,Fast,Bus,51.01,92.94,Active,2025-06-07
EV11356,Trivandrum,Level 2,Bus,148.75,418.45,Inactive,2025-10-26
EV11357,Hyderabad,Level 2,Car,204.89,110.29,Inactive,2025-10-13
EV11358,Mumbai,Level 2,Bus,10.37,438.68,Active,2025-03-26
EV11359,Kochi,DC Fast,Car,12.34,326.97,Active,2025-12-21
EV11360,Calicut,Level 2,Bus,72.37,479.76,Active,2025-02-27
EV11361,Bengaluru,Level 2,Car,176.74,108.44,Active,2025-04-09
EV11362,Mumbai,Fast,Bus,194.14,211.64,Active,2025-06-26
EV11363,Calicut,Fast,Bike,233.57,135.09,Active,2025-01-30
EV11364,Mumbai,Level 2,Bus,188.99,485.1,Inactive,2025-04-04
EV11365,Hyderabad,Slow,Bike,82.67,127.43,Active,2025-07-09
EV11366,Kochi,DC Fast,Bus,230.04,81.7,Inactive,2025-02-12
EV11367,Bengaluru,Fast,Car,42.95,220.73,Active,2025-07-17
EV11368,Kochi,Fast,Car,82.63,146.02,Active,2025-09-30
EV11369,Delhi,DC Fast,Car,69.05,327.48,Active,2025-08-25
EV11370,Delhi,Slow,Bike,202.07,402.73,Active,2025-08-20
EV11371,Calicut,Slow,Bike,55.23,424.55,Active,2025-11-18
EV11372,Hyderabad,Level 2,Bus,176.69,206.15,Active,2025-12-27
EV11373,Mumbai,Level 2,Bus,233.81,198.37,Active,2025-09-16
EV11374,Calicut,Fast,Bike,56.55,279.66,Active,2025-06-27
EV11375,Calicut,Level 2,Bike,140.83,420.9,Active,2025-01-18
EV11376,Calicut,Fast,Bike,217.31,479.21,Inactive,2025-06-14
EV11377,Delhi,DC Fast,Car,149.58,426.85,Active,2025-05-16
EV11378,Calicut,Level 2,Bus,173.14,193.26,Inactive,2025-03-22
EV11379,Delhi,DC Fast,Bus,80.34,56.01,Active,2025-06-12
EV11380,Trivandrum,Fast,Bike,232.14,321.38,Active,2025-05-21
EV11381,Chennai,DC Fast,Car,149.68,109.19,Active,2025-06-05
EV11382,Hyderabad,Slow,Bus,113.07,178.68,Active,2025-12-30
EV11383,Calicut,Fast,Car,20.89,87.65,Inactive,2025-03-10
EV11384,Delhi,DC Fast,Bike,93.29,134.35,Active,2025-05-29
EV11385,Bengaluru,Fast,Car,126.81,177.24,Inactive,2025-03-18
EV11386,Trivandrum,Fast,Bike,225.33,298.62,Active,2025-05-18
EV11387,Bengaluru,Slow,Bus,61.37,287.68,Inactive,2025-09-17
EV11388,Calicut,Fast,Car,243.71,406.52,Active,2025-01-27
EV11389,Kochi,Fast,Bike,39.7,195.96,Inactive,2025-11-14
EV11390,Chennai,DC Fast,Bike,180.54,56.93,Inactive,2025-06-07
EV11391,Trivandrum,DC Fast,Bike,24.35,447.23,Active,2025-05-20
EV11392,Trivandrum,DC Fast,Bus,137.69,491.22,Inactive,2025-01-16
EV11393,Bengaluru,Slow,Bus,73.93,154.23,Active,2025-01-28
EV11394,Trivandrum,Slow,Car,31.22,51.17,Active,2025-04-16
EV11395,Delhi,DC Fast,Car,92.52,226.19,Active,2025-04-06
EV11396,Trivandrum,Slow,Car,128.49,197.84,Inactive,2025-10-12
EV11397,Chennai,Slow,Bus,68.18,38.55,Active,2025-04-19
EV11398,Kochi,Level 2,Car,115.52,405.4,Inactive,2025-03-15
EV11399,Kochi,Level 2,Bus,22.9,193.23,Active,2025-08-10
EV11400,Kochi,Slow,Bus,204.71,64.25,Active,2025-01-16
EV11401,Hyderabad,Slow,Bike,109.51,458.07,Active,2025-07-09
EV11402,Delhi,Level 2,Car,150.48,374.63,Inactive,2025-04-16
EV11403,Mumbai,Level 2,Bike,167.1,294.48,Inactive,2025-12-29
EV11404,Chennai,Level 2,Bike,53.38,237.04,Inactive,2025-04-04
EV11405,Chennai,DC Fast,Bike,118.78,482.35,Active,2025-09-09
EV11406,Kochi,Level 2,Car,234.06,219.62,Inactive,2025-11-01
EV11407,Mumbai,Fast,Bike,60.62,22.57,Active,2025-05-23
EV11408,Trivandrum,DC Fast,Bus,27.12,111.78,Inactive,2025-12-13
EV11409,Trivandrum,Fast,Bus,114.2,282.88,Inactive,2025-12-28
EV11410,Calicut,Slow,Bike,174.43,156.8,Inactive,2025-11-16
EV11411,Trivandrum,Fast,Car,110.93,130.92,Active,2025-11-07
EV11412,Kochi,Level 2,Car,96.86,431.25,Inactive,2025-05-04
EV11413,Hyderabad,Slow,Bus,189.47,234.08,Active,2025-06-18
EV11414,Chennai,DC Fast,Car,235.93,118.51,Active,2025-02-10
EV11415,Hyderabad,Slow,Car,35.83,401.26,Inactive,2025-01-09
EV11416,Kochi,Fast,Bus,248.2,313.61,Inactive,2025-03-22
EV11417,Mumbai,DC Fast,Car,78.01,469.63,Inactive,2025-12-17
EV11418,Calicut,Level 2,Bike,203.69,127.84,Active,2025-09-22
EV11419,Hyderabad,DC Fast,Car,29.76,115.06,Inactive,2025-02-15
EV11420,Kochi,Fast,Bike,43.15,115.76,Active,2025-12-25
EV11421,Chennai,DC Fast,Car,32.03,102.55,Inactive,2025-02-17
EV11422,Trivandrum,Slow,Bus,185.66,257.63,Inactive,2025-08-04
EV11423,Calicut,Fast,Car,211.01,454.0,Inactive,2025-07-20
EV11424,Delhi,DC Fast,Bus,203.49,101.5,Active,2025-07-29
EV11425,Trivandrum,Level 2,Bus,86.37,49.61,Active,2025-10-12
EV11426,Bengaluru,Fast,Car,228.17,113.18,Inactive,2025-03-23
EV11427,Hyderabad,DC Fast,Car,96.09,337.61,Active,2025-10-01
EV11428,Delhi,Slow,Bus,103.65,462.38,Inactive,2025-07-09
EV11429,Bengaluru,DC Fast,Bus,48.29,314.94,Active,2025-04-30
EV11430,Kochi,DC Fast,Bike,204.48,383.26,Active,2025-06-12
EV11431,Mumbai,Slow,Bus,99.27,150.15,Active,2025-02-22
EV11432,Chennai,DC Fast,Car,65.7,346.11,Inactive,2025-03-21
EV11433,Trivandrum,Level 2,Car,179.23,91.37,Active,2025-09-02
EV11434,Calicut,Level 2,Bus,129.01,215.48,Active,2025-04-21
EV11435,Delhi,Level 2,Car,20.97,96.02,Active,2025-05-07
EV11436,Kochi,Fast,Car,114.24,468.56,Inactive,2025-01-24
EV11437,Calicut,Fast,Bus,39.3,104.8,Active,2025-02-04
EV11438,Calicut,Slow,Car,71.39,213.92,Active,2025-01-14
EV11439,Mumbai,Level 2,Bus,151.83,30.09,Inactive,2025-11-27
EV11440,Delhi,DC Fast,Bus,18.47,428.51,Inactive,2025-03-09
EV11441,Delhi,Fast,Bus,181.5,317.51,Inactive,2025-09-23
EV11442,Mumbai,Fast,Bike,64.79,104.9,Active,2025-04-13
EV11443,Calicut,DC Fast,Bike,180.68,292.24,Active,2025-05-11
EV11444,Trivandrum,Slow,Bike,131.71,100.79,Active,2025-03-11
EV11445,Kochi,Fast,Bus,247.89,65.98,Active,2025-06-08
EV11446,Calicut,Slow,Bike,74.52,278.19,Active,2025-11-14
EV11447,Bengaluru,Slow,Bike,232.62,80.73,Active,2025-08-16
EV11448,Calicut,Level 2,Bike,159.71,280.52,Active,2025-05-15
EV11449,Trivandrum,Level 2,Car,246.05,173.63,Active,2025-12-17
EV11450,Mumbai,Level 2,Bus,216.8,317.37,Inactive,2025-05-22
EV11451,Trivandrum,Fast,Car,67.26,67.38,Active,2025-12-28
EV11452,Delhi,Slow,Bike,20.37,106.4,Active,2025-03-02
EV11453,Trivandrum,Slow,Bike,51.14,231.54,Inactive,2025-06-30
EV11454,Calicut,Level 2,Car,205.74,341.24,Active,2025-12-20
EV11455,Calicut,Slow,Bus,33.68,183.0,Active,2025-10-14
EV11456,Calicut,Slow,Car,37.57,327.86,Active,2025-08-31
EV11457,Kochi,DC Fast,Bike,139.11,370.83,Active,2025-06-09
EV11458,Chennai,DC Fast,Bike,32.46,66.72,Inactive,2025-06-01
EV11459,Chennai,DC Fast,Bus,93.41,477.63,Active,2025-05-25
EV11460,Delhi,Slow,Bike,220.86,280.73,Active,2025-06-27
EV11461,Trivandrum,Fast,Bus,99.75,442.04,Active,2025-02-20
EV11462,Hyderabad,Level 2,Bus,151.45,121.28,Active,2025-05-23
EV11463,Hyderabad,Level 2,Car,135.89,120.96,Inactive,2025-08-10
EV11464,Chennai,Slow,Bus,139.31,187.25,Inactive,2025-07-16
EV11465,Delhi,Slow,Bike,13.33,119.86,Active,2025-05-19
EV11466,Kochi,Fast,Car,162.04,253.54,Inactive,2025-05-12
EV11467,Delhi,Slow,Bike,244.07,329.96,Active,2025-03-23
EV11468,Hyderabad,DC Fast,Car,69.91,388.26,Inactive,2025-05-14
EV11469,Mumbai,Slow,Bus,242.68,144.89,Active,2025-12-06
EV11470,Mumbai,DC Fast,Bike,30.68,65.83,Inactive,2025-05-07
EV11471,Kochi,Level 2,Bike,65.99,288.58,Inactive,2025-12-01
EV11472,Mumbai,Slow,Bike,223.0,81.38,Inactive,2025-04-18
EV11473,Chennai,DC Fast,Car,248.07,197.53,Inactive,2025-07-26
EV11474,Trivandrum,Slow,Bike,162.86,64.32,Inactive,2025-11-05
EV11475,Hyderabad,Level 2,Bus,174.32,205.26,Active,2025-05-20
EV11476,Chennai,Level 2,Car,217.45,173.14,Active,2025-06-13
EV11477,Delhi,Slow,Bus,196.4,298.79,Inactive,2025-01-15
EV11478,Delhi,Fast,Bus,130.11,289.13,Inactive,2025-11-25
EV11479,Calicut,Slow,Car,37.98,385.48,Active,2025-12-31
EV11480,Calicut,Slow,Car,158.34,349.64,Inactive,2025-09-08
EV11481,Delhi,Slow,Car,56.15,247.74,Active,2025-01-30
EV11482,Hyderabad,Fast,Bus,19.82,447.54,Active,2025-08-12
EV11483,Calicut,Slow,Bike,191.28,248.9,Active,2025-01-15
EV11484,Delhi,DC Fast,Bike,152.6,292.44,Active,2025-12-03
EV11485,Kochi,Slow,Bus,194.35,421.83,Active,2025-05-13
EV11486,Trivandrum,Fast,Car,215.68,263.39,Inactive,2025-10-23
EV11487,Trivandrum,Slow,Bike,104.68,43.76,Inactive,2025-11-30
EV11488,Chennai,Level 2,Bike,189.98,411.34,Inactive,2025-08-15
EV11489,Mumbai,Level 2,Bike,152.57,413.2,Inactive,2025-10-07
EV11490,Kochi,DC Fast,Bus,128.53,416.32,Inactive,2025-04-06
EV11491,Mumbai,Level 2,Bus,40.47,167.37,Inactive,2025-01-11
EV11492,Calicut,Fast,Car,170.57,246.26,Inactive,2025-12-19
EV11493,Chennai,Slow,Car,162.03,31.22,Active,2025-06-12
EV11494,Kochi,Slow,Car,223.27,65.79,Inactive,2025-03-13
EV11495,Mumbai,Slow,Bike,238.78,122.21,Active,2025-07-26
EV11496,Chennai,Fast,Bus,145.78,290.98,Active,2025-05-29
EV11497,Kochi,DC Fast,Car,211.96,78.5,Inactive,2025-08-19
EV11498,Kochi,Fast,Bike,244.76,50.27,Active,2025-09-22
EV11499,Hyderabad,Slow,Car,128.4,93.53,Active,2025-11-25
EV11500,Mumbai,Slow,Bus,208.35,98.81,Active,2025-10-18
EV11501,Bengaluru,DC Fast,Bus,224.98,222.84,Active,2025-12-15
EV11502,Mumbai,Slow,Car,224.38,402.23,Active,2025-08-12
EV11503,Mumbai,DC Fast,Bus,77.06,25.16,Inactive,2025-12-03
EV11504,Hyderabad,DC Fast,Bus,174.31,73.58,Inactive,2025-01-26
EV11505,Mumbai,Slow,Bike,218.5,476.17,Active,2025-08-26
EV11506,Calicut,Level 2,Bike,76.49,151.19,Inactive,2025-01-23
EV11507,Kochi,Fast,Bus,110.21,312.08,Active,2025-03-14
EV11508,Mumbai,Slow,Bike,54.7,454.65,Inactive,2025-06-04
EV11509,Calicut,Fast,Bus,108.28,499.53,Active,2025-11-21
EV11510,Bengaluru,DC Fast,Bike,222.46,371.5,Active,2025-06-20
EV11511,Bengaluru,Level 2,Bike,200.81,470.4,Inactive,2025-03-24
EV11512,Chennai,DC Fast,Bike,189.96,176.57,Inactive,2025-01-26
EV11513,Hyderabad,Level 2,Bus,16.86,489.33,Active,2025-08-04
EV11514,Chennai,DC Fast,Bus,105.62,217.82,Inactive,2025-02-16
EV11515,Mumbai,Level 2,Bus,89.09,263.03,Inactive,2025-12-09
EV11516,Trivandrum,Slow,Bike,151.55,282.54,Inactive,2025-01-31
EV11517,Hyderabad,DC Fast,Bus,31.69,476.71,Active,2025-11-01
EV11518,Kochi,Fast,Car,222.39,270.23,Active,2025-09-23
EV11519,Kochi,Fast,Car,155.53,100.73,Inactive,2025-06-29
EV11520,Mumbai,DC Fast,Bus,160.65,159.34,Inactive,2025-12-01
EV11521,Trivandrum,Level 2,Bike,53.23,212.18,Active,2025-08-03
EV11522,Calicut,DC Fast,Bike,190.17,109.73,Inactive,2025-07-03
EV11523,Hyderabad,Slow,Bike,37.64,356.21,Active,2025-07-11
EV11524,Delhi,Slow,Car,25.03,144.7,Active,2025-08-10
EV11525,Calicut,Level 2,Car,118.35,53.13,Active,2025-03-25
EV11526,Hyderabad,Level 2,Bike,74.22,173.96,Active,2025-09-03
EV11527,Mumbai,Slow,Car,134.42,283.73,Inactive,2025-03-11
EV11528,Mumbai,DC Fast,Bike,29.93,409.59,Active,2025-10-22
EV11529,Chennai,DC Fast,Car,58.46,465.0,Inactive,2025-11-23
EV11530,Kochi,DC Fast,Bike,169.59,37.22,Inactive,2025-09-11
EV11531,Bengaluru,Slow,Bike,195.52,262.25,Active,2025-12-15
EV11532,Calicut,DC Fast,Bike,243.08,250.94,Inactive,2025-05-24
EV11533,Trivandrum,Level 2,Car,189.48,375.41,Active,2025-03-21
EV11534,Trivandrum,Fast,Bus,225.0,214.3,Inactive,2025-03-29
EV11535,Mumbai,Slow,Car,50.69,275.7,Inactive,2025-12-04
EV11536,Kochi,Fast,Bike,81.9,252.26,Inactive,2025-11-16
EV11537,Kochi,Level 2,Car,216.91,405.45,Inactive,2025-08-20
EV11538,Trivandrum,Level 2,Car,173.21,314.91,Inactive,2025-08-17
EV11539,Mumbai,DC Fast,Bus,124.82,443.94,Active,2025-07-18
EV11540,Kochi,Slow,Car,243.17,138.86,Active,2025-04-19
EV11541,Bengaluru,Fast,Bike,194.67,415.84,Active,2025-05-31
EV11542,Bengaluru,Level 2,Bike,130.1,465.0,Active,2025-06-07
EV11543,Chennai,Fast,Bus,40.18,394.66,Active,2025-06-24
EV11544,Trivandrum,Fast,Bus,213.01,67.99,Inactive,2025-12-06
EV11545,Trivandrum,Slow,Car,177.11,175.54,Active,2025-09-16
EV11546,Kochi,Slow,Bike,189.22,263.97,Active,2025-01-07
EV11547,Trivandrum,DC Fast,Bus,203.93,45.84,Inactive,2025-04-08
EV11548,Hyderabad,Fast,Bus,185.2,255.41,Active,2025-07-11
EV11549,Kochi,DC Fast,Bike,181.92,363.98,Active,2025-11-29
EV11550,Mumbai,Slow,Car,177.3,330.53,Active,2025-04-11
EV11551,Kochi,Fast,Car,69.14,117.71,Active,2025-04-24
EV11552,Chennai,Slow,Bike,60.04,423.17,Inactive,2025-11-17
EV11553,Bengaluru,DC Fast,Car,171.28,106.95,Inactive,2025-12-18
EV11554,Bengaluru,Slow,Bus,226.73,241.44,Inactive,2025-01-08
EV11555,Kochi,DC Fast,Bus,103.08,383.79,Inactive,2025-10-05
EV11556,Bengaluru,DC Fast,Car,14.3,333.69,Inactive,2025-03-31
EV11557,Hyderabad,Fast,Bus,31.15,498.14,Active,2025-10-17
EV11558,Delhi,Slow,Car,109.3,153.5,Active,2025-08-27
EV11559,Delhi,Slow,Car,128.46,421.55,Inactive,2025-12-23
EV11560,Hyderabad,DC Fast,Bike,195.56,22.38,Inactive,2025-02-25
EV11561,Chennai,Slow,Bike,48.19,378.36,Active,2025-01-16
EV11562,Trivandrum,Fast,Car,173.71,114.94,Active,2025-06-27
EV11563,Kochi,DC Fast,Bus,213.41,257.65,Active,2025-01-19
EV11564,Bengaluru,Level 2,Car,60.6,342.69,Inactive,2025-09-23
EV11565,Hyderabad,Fast,Bus,159.75,394.98,Inactive,2025-04-02
EV11566,Chennai,Slow,Car,170.73,351.33,Inactive,2025-08-23
EV11567,Chennai,DC Fast,Bus,74.63,29.67,Active,2025-01-21
EV11568,Calicut,Level 2,Car,128.88,80.74,Inactive,2025-12-09
EV11569,Delhi,Slow,Bike,57.28,255.2,Inactive,2025-06-26
EV11570,Kochi,Fast,Car,248.38,423.86,Active,2025-12-26
EV11571,Hyderabad,Slow,Bike,195.98,332.48,Inactive,2025-10-16
EV11572,Trivandrum,Level 2,Bus,238.95,213.68,Inactive,2025-04-28
EV11573,Bengaluru,Fast,Bike,245.62,466.76,Inactive,2025-09-18
EV11574,Chennai,DC Fast,Bike,179.61,197.94,Inactive,2025-02-28
EV11575,Kochi,DC Fast,Bike,88.19,143.29,Active,2025-07-05
EV11576,Trivandrum,DC Fast,Bus,166.59,432.57,Inactive,2025-04-05
EV11577,Mumbai,Fast,Bus,24.64,34.93,Active,2025-01-06
EV11578,Calicut,Fast,Bus,121.25,375.76,Inactive,2025-12-20
EV11579,Calicut,Slow,Bus,138.75,279.47,Active,2025-02-22
EV11580,Trivandrum,Fast,Car,98.17,446.72,Active,2025-12-04
EV11581,Trivandrum,Fast,Bus,164.33,146.19,Active,2025-06-24
EV11582,Trivandrum,Slow,Car,213.06,333.12,Inactive,2025-11-09
EV11583,Hyderabad,Level 2,Bike,237.3,316.46,Active,2025-02-28
EV11584,Bengaluru,Level 2,Bike,180.46,170.93,Active,2025-02-03
EV11585,Chennai,Slow,Bike,140.36,413.79,Active,2025-09-02
EV11586,Calicut,Level 2,Car,62.47,336.02,Active,2025-11-29
EV11587,Calicut,Level 2,Car,182.21,347.03,Active,2025-06-02
EV11588,Kochi,DC Fast,Car,182.68,448.58,Inactive,2025-01-24
EV11589,Trivandrum,Slow,Bus,79.33,109.18,Active,2025-03-03
EV11590,Kochi,Fast,Car,231.95,292.54,Active,2025-09-07
EV11591,Calicut,DC Fast,Bus,106.07,396.03,Inactive,2025-10-09
EV11592,Trivandrum,Level 2,Car,170.48,298.9,Active,2025-09-03
EV11593,Delhi,Level 2,Bike,46.41,346.9,Active,2025-07-08
EV11594,Delhi,Fast,Bike,58.29,81.94,Active,2025-03-31
EV11595,Kochi,Level 2,Bike,181.28,298.12,Inactive,2025-01-21
EV11596,Delhi,Slow,Bike,194.29,448.65,Active,2025-10-17
EV11597,Kochi,Fast,Bus,223.86,255.48,Inactive,2025-10-28
EV11598,Calicut,Fast,Bus,118.31,367.69,Active,2025-06-29
EV11599,Hyderabad,Level 2,Car,216.84,388.46,Inactive,2025-12-17
EV11600,Delhi,Slow,Car,40.41,220.77,Active,2025-02-08
EV11601,Kochi,Level 2,Bike,12.64,180.62,Active,2025-09-06
EV11602,Chennai,DC Fast,Car,180.16,105.1,Inactive,2025-01-19
EV11603,Delhi,Level 2,Car,97.64,209.94,Inactive,2025-06-14
EV11604,Trivandrum,Slow,Bike,39.32,453.53,Active,2025-05-02
EV11605,Bengaluru,DC Fast,Bus,20.22,218.93,Active,2025-09-10
EV11606,Hyderabad,Level 2,Bus,13.74,253.44,Active,2025-11-05
EV11607,Delhi,Level 2,Car,165.14,227.17,Active,2025-12-09
EV11608,Calicut,Fast,Car,47.85,164.33,Inactive,2025-10-11
EV11609,Chennai,Level 2,Bike,51.37,47.34,Inactive,2025-10-17
EV11610,Delhi,Fast,Bus,114.52,401.78,Inactive,2025-12-08
EV11611,Kochi,DC Fast,Car,39.51,108.99,Active,2025-08-13
EV11612,Bengaluru,DC Fast,Bus,51.49,385.34,Inactive,2025-11-21
EV11613,Kochi,Level 2,Car,219.9,437.25,Active,2025-10-01
EV11614,Calicut,Level 2,Bus,104.09,417.94,Inactive,2025-09-09
EV11615,Delhi,Level 2,Bus,55.6,156.49,Active,2025-08-07
EV11616,Trivandrum,Slow,Bus,187.61,346.82,Active,2025-03-11
EV11617,Bengaluru,Slow,Bus,117.83,143.87,Active,2025-11-27
EV11618,Mumbai,Fast,Bus,32.86,300.52,Active,2025-09-28
EV11619,Chennai,DC Fast,Car,208.45,319.3,Active,2025-06-15
EV11620,Hyderabad,Fast,Bike,197.91,225.59,Active,2025-12-15
EV11621,Trivandrum,Level 2,Bus,15.36,398.92,Active,2025-06-19
EV11622,Chennai,Fast,Bike,153.3,142.13,Active,2025-05-02
EV11623,Chennai,DC Fast,Bus,239.54,431.33,Active,2025-04-03
EV11624,Mumbai,DC Fast,Bike,223.81,20.94,Active,2025-08-05
EV11625,Bengaluru,Level 2,Bike,49.15,461.31,Active,2025-06-13
EV11626,Mumbai,Slow,Bike,31.88,474.38,Active,2025-08-15
EV11627,Chennai,Fast,Car,76.7,294.69,Active,2025-05-08
EV11628,Kochi,Fast,Car,233.6,35.34,Inactive,2025-06-30
EV11629,Kochi,Level 2,Bike,33.67,108.82,Inactive,2025-10-07
EV11630,Mumbai,DC Fast,Car,53.73,93.79,Inactive,2025-11-19
EV11631,Chennai,Slow,Car,219.45,283.87,Active,2025-06-07
EV11632,Bengaluru,Fast,Car,18.78,317.23,Active,2025-05-06
EV11633,Bengaluru,Fast,Car,102.86,198.23,Active,2025-11-01
EV11634,Mumbai,Level 2,Bike,27.26,415.19,Inactive,2025-09-08
EV11635,Chennai,DC Fast,Bike,77.32,420.45,Active,2025-12-02
EV11636,Bengaluru,Level 2,Bus,41.94,435.66,Active,2025-07-21
EV11637,Hyderabad,DC Fast,Bike,98.45,54.17,Active,2025-08-20
EV11638,Kochi,Slow,Bike,39.41,470.41,Active,2025-02-24
EV11639,Mumbai,Slow,Bus,190.46,180.14,Inactive,2025-01-05
EV11640,Bengaluru,Fast,Bike,41.36,196.17,Inactive,2025-06-14
EV11641,Kochi,Slow,Car,183.54,365.27,Active,2025-03-30
EV11642,Hyderabad,Fast,Car,166.48,98.16,Active,2025-03-08
EV11643,Chennai,Slow,Bus,239.07,409.79,Inactive,2025-07-13
EV11644,Kochi,Fast,Car,184.04,414.22,Inactive,2025-09-24
EV11645,Chennai,Slow,Bike,185.01,53.96,Inactive,2025-02-28
EV11646,Chennai,DC Fast,Car,195.94,175.51,Active,2025-08-04
EV11647,Trivandrum,Level 2,Bus,235.99,432.12,Active,2025-06-16
EV11648,Chennai,Level 2,Bus,142.45,455.57,Inactive,2025-03-13
EV11649,Chennai,Level 2,Car,170.82,330.55,Inactive,2025-07-22
EV11650,Chennai,Fast,Bus,90.92,243.51,Active,2025-05-22
EV11651,Bengaluru,DC Fast,Bus,181.01,336.75,Active,2025-08-09
EV11652,Trivandrum,Fast,Car,179.79,223.03,Active,2025-08-28
EV11653,Calicut,Level 2,Bus,101.44,383.73,Inactive,2025-07-28
EV11654,Hyderabad,Level 2,Bus,229.05,395.27,Inactive,2025-01-28
EV11655,Chennai,Level 2,Bus,201.71,483.33,Active,2025-06-13
EV11656,Trivandrum,Level 2,Bike,150.65,140.61,Active,2025-09-20
EV11657,Trivandrum,DC Fast,Bike,239.49,257.66,Active,2025-08-02
EV11658,Hyderabad,Fast,Bus,141.86,96.33,Inactive,2025-02-25
EV11659,Trivandrum,DC Fast,Bus,52.58,111.3,Active,2025-08-06
EV11660,Trivandrum,DC Fast,Car,151.8,466.06,Inactive,2025-01-04
EV11661,Calicut,Slow,Bus,43.44,107.34,Active,2025-12-28
EV11662,Bengaluru,DC Fast,Bus,185.16,280.93,Active,2025-02-16
EV11663,Calicut,Level 2,Car,69.76,120.28,Inactive,2025-10-07
EV11664,Trivandrum,Slow,Car,142.51,487.87,Inactive,2025-04-15
EV11665,Delhi,Fast,Car,212.59,196.45,Inactive,2025-12-08
EV11666,Trivandrum,DC Fast,Bike,223.59,31.34,Inactive,2025-02-17
EV11667,Mumbai,DC Fast,Bike,215.82,167.82,Inactive,2025-06-02
EV11668,Calicut,DC Fast,Bus,61.89,268.28,Active,2025-10-29
EV11669,Delhi,DC Fast,Bike,77.26,58.05,Inactive,2025-04-15
EV11670,Bengaluru,Level 2,Bike,135.07,92.03,Inactive,2025-09-16
EV11671,Bengaluru,Slow,Bike,124.06,411.36,Active,2025-05-31
EV11672,Kochi,DC Fast,Car,99.06,310.47,Active,2025-12-20
EV11673,Calicut,Slow,Car,187.92,324.37,Inactive,2025-02-19
EV11674,Mumbai,DC Fast,Bike,109.25,50.63,Active,2025-01-04
EV11675,Calicut,Slow,Car,112.45,248.84,Inactive,2025-07-11
EV11676,Hyderabad,DC Fast,Bike,202.88,373.02,Inactive,2025-06-21
EV11677,Chennai,Level 2,Bike,209.65,167.66,Active,2025-05-18
EV11678,Calicut,Level 2,Bike,109.29,162.26,Inactive,2025-09-10
EV11679,Kochi,Fast,Bus,155.41,236.95,Inactive,2025-07-21
EV11680,Mumbai,DC Fast,Bus,48.6,139.48,Inactive,2025-09-27
EV11681,Kochi,Slow,Bike,193.54,349.42,Active,2025-11-23
EV11682,Bengaluru,DC Fast,Bus,237.16,77.99,Active,2025-11-10
EV11683,Chennai,Level 2,Car,193.86,55.93,Active,2025-08-05
EV11684,Chennai,DC Fast,Car,201.28,375.5,Inactive,2025-03-20
EV11685,Hyderabad,DC Fast,Bike,98.5,499.5,Active,2025-09-18
EV11686,Calicut,Level 2,Car,62.45,132.95,Active,2025-03-08
EV11687,Mumbai,DC Fast,Car,192.49,409.33,Inactive,2025-02-01
EV11688,Calicut,Fast,Car,232.38,134.36,Inactive,2025-06-29
EV11689,Mumbai,Slow,Car,157.14,261.4,Active,2025-09-07
EV11690,Bengaluru,Fast,Car,129.24,181.36,Active,2025-04-18
EV11691,Hyderabad,Slow,Car,244.21,120.33,Active,2025-07-13
EV11692,Calicut,Slow,Bike,197.34,246.26,Inactive,2025-03-28
EV11693,Mumbai,Slow,Bus,50.7,150.37,Active,2025-11-30
EV11694,Kochi,Fast,Bike,160.11,466.09,Inactive,2025-12-22
EV11695,Hyderabad,Level 2,Car,20.21,124.36,Inactive,2025-04-27
EV11696,Kochi,Slow,Bus,12.9,37.84,Inactive,2025-03-27
EV11697,Bengaluru,DC Fast,Car,213.22,295.13,Active,2025-06-05
EV11698,Hyderabad,Fast,Bike,212.17,354.22,Active,2025-05-16
EV11699,Kochi,DC Fast,Bus,233.29,498.93,Inactive,2025-03-22
EV11700,Bengaluru,Fast,Bike,194.14,82.57,Inactive,2025-12-25
EV11701,Kochi,Slow,Bus,201.26,374.55,Inactive,2025-10-31
EV11702,Kochi,DC Fast,Bike,116.18,74.24,Active,2025-11-27
EV11703,Delhi,Fast,Bus,60.12,409.75,Active,2025-06-02
EV11704,Mumbai,DC Fast,Car,17.93,353.88,Active,2025-04-26
EV11705,Mumbai,Slow,Car,55.12,37.93,Inactive,2025-08-01
EV11706,Bengaluru,DC Fast,Car,134.06,252.59,Active,2025-06-22
EV11707,Trivandrum,Level 2,Bike,126.58,203.91,Inactive,2025-12-16
EV11708,Kochi,Slow,Car,72.23,167.54,Active,2025-07-10
EV11709,Trivandrum,Slow,Car,242.39,87.12,Active,2025-05-03
EV11710,Hyderabad,Slow,Car,138.32,32.75,Inactive,2025-01-20
EV11711,Calicut,Level 2,Car,222.25,317.06,Active,2025-03-09
EV11712,Hyderabad,Slow,Car,23.33,424.22,Active,2025-04-25
EV11713,Chennai,Level 2,Bus,55.97,484.88,Inactive,2025-04-29
EV11714,Trivandrum,DC Fast,Bus,37.39,148.77,Active,2025-11-12
EV11715,Delhi,DC Fast,Bus,249.64,367.91,Inactive,2025-08-03
EV11716,Calicut,Level 2,Bus,189.89,53.96,Active,2025-10-24
EV11717,Chennai,Fast,Bus,237.89,464.84,Inactive,2025-03-31
EV11718,Delhi,DC Fast,Bus,175.39,378.09,Inactive,2025-12-06
EV11719,Trivandrum,Fast,Bus,18.41,313.38,Inactive,2025-04-05
EV11720,Delhi,Slow,Bus,241.96,174.11,Inactive,2025-01-28
EV11721,Chennai,Fast,Bike,75.6,391.56,Inactive,2025-09-08
EV11722,Bengaluru,Level 2,Bus,201.91,360.0,Inactive,2025-11-18
EV11723,Calicut,Level 2,Car,223.33,251.64,Active,2025-07-22
EV11724,Calicut,Level 2,Bus,46.29,486.6,Inactive,2025-06-13
EV11725,Delhi,Level 2,Bike,152.28,133.44,Active,2025-05-08
EV11726,Hyderabad,Level 2,Bus,144.08,68.41,Inactive,2025-06-01
EV11727,Kochi,Slow,Bus,137.42,139.27,Inactive,2025-08-06
EV11728,Kochi,DC Fast,Bike,91.27,399.6,Active,2025-04-11
EV11729,Hyderabad,Fast,Bus,133.01,353.96,Active,2025-11-13
EV11730,Hyderabad,DC Fast,Bike,219.08,197.04,Inactive,2025-10-12
EV11731,Delhi,Fast,Car,50.81,331.53,Inactive,2025-06-23
EV11732,Bengaluru,Level 2,Car,83.56,23.54,Inactive,2025-08-19
EV11733,Trivandrum,DC Fast,Bike,224.61,257.24,Active,2025-10-01
EV11734,Trivandrum,Fast,Bus,97.42,173.46,Active,2025-01-22
EV11735,Trivandrum,Level 2,Bus,247.19,24.53,Active,2025-01-11
EV11736,Trivandrum,Level 2,Bike,88.64,245.91,Inactive,2025-05-19
EV11737,Bengaluru,Fast,Bike,137.18,236.22,Inactive,2025-01-31
EV11738,Chennai,Slow,Bike,159.15,463.02,Inactive,2025-12-03
EV11739,Mumbai,Level 2,Bus,143.68,47.26,Inactive,2025-09-21
EV11740,Chennai,DC Fast,Car,168.06,45.41,Inactive,2025-12-08
EV11741,Mumbai,DC Fast,Car,120.01,364.68,Active,2025-08-03
EV11742,Kochi,Level 2,Car,201.93,410.03,Active,2025-03-14
EV11743,Chennai,Level 2,Car,248.58,172.15,Inactive,2025-01-06
EV11744,Bengaluru,Level 2,Bike,12.64,466.96,Inactive,2025-10-25
EV11745,Mumbai,Level 2,Car,188.21,44.1,Active,2025-12-22
EV11746,Trivandrum,DC Fast,Bus,233.59,346.3,Active,2025-04-29
EV11747,Calicut,Fast,Bike,93.83,140.55,Active,2025-06-20
EV11748,Mumbai,DC Fast,Bus,168.01,153.39,Active,2025-12-31
EV11749,Hyderabad,Level 2,Car,187.67,333.22,Active,2025-10-21
EV11750,Trivandrum,DC Fast,Bus,138.76,81.06,Inactive,2025-08-29
EV11751,Trivandrum,Slow,Bike,91.65,93.25,Active,2025-09-20
EV11752,Calicut,DC Fast,Bike,242.93,164.21,Inactive,2025-04-30
EV11753,Bengaluru,Level 2,Car,167.62,151.29,Active,2025-08-29
EV11754,Mumbai,Level 2,Car,213.69,283.76,Inactive,2025-07-22
EV11755,Bengaluru,Fast,Bike,159.36,228.21,Inactive,2025-02-07
EV11756,Kochi,Slow,Bike,10.54,42.27,Active,2025-12-30
EV11757,Bengaluru,Slow,Bike,242.98,160.71,Inactive,2025-09-16
EV11758,Chennai,DC Fast,Bike,208.45,31.82,Active,2025-01-06
EV11759,Kochi,DC Fast,Bike,71.2,96.8,Active,2025-11-29
EV11760,Kochi,Level 2,Car,242.58,450.19,Inactive,2025-07-09
EV11761,Delhi,DC Fast,Bike,246.53,409.91,Active,2025-07-28
EV11762,Chennai,DC Fast,Bus,71.87,206.51,Active,2025-02-11
EV11763,Bengaluru,Slow,Car,222.02,418.91,Active,2025-11-02
EV11764,Kochi,Fast,Car,17.11,20.15,Active,2025-11-29
EV11765,Calicut,DC Fast,Bike,54.96,448.2,Inactive,2025-12-02
EV11766,Chennai,Level 2,Car,91.05,130.72,Inactive,2025-06-13
EV11767,Delhi,Slow,Car,35.45,425.93,Inactive,2025-10-12
EV11768,Bengaluru,Slow,Car,219.17,214.8,Active,2025-01-01
EV11769,Bengaluru,DC Fast,Bike,90.21,216.31,Inactive,2025-12-27
EV11770,Kochi,Level 2,Bus,228.46,121.49,Inactive,2025-07-01
EV11771,Bengaluru,Fast,Car,223.22,491.05,Inactive,2025-04-01
EV11772,Calicut,Level 2,Bike,74.31,84.29,Active,2025-10-12
EV11773,Chennai,Fast,Bike,189.72,100.3,Inactive,2025-07-19
EV11774,Trivandrum,Level 2,Bike,99.62,268.61,Inactive,2025-03-30
EV11775,Trivandrum,DC Fast,Bike,189.43,401.73,Inactive,2025-02-11
EV11776,Mumbai,Slow,Bus,97.15,117.63,Inactive,2025-03-21
EV11777,Hyderabad,DC Fast,Car,56.38,433.4,Active,2025-07-26
EV11778,Trivandrum,DC Fast,Car,157.9,216.68,Active,2025-12-20
EV11779,Kochi,DC Fast,Car,103.13,41.06,Inactive,2025-07-25
EV11780,Kochi,Fast,Bike,187.4,305.19,Inactive,2025-11-11
EV11781,Calicut,Level 2,Car,187.6,228.61,Inactive,2025-12-14
EV11782,Trivandrum,DC Fast,Bus,124.54,225.92,Active,2025-07-14
EV11783,Chennai,Slow,Car,147.0,400.16,Active,2025-05-18
EV11784,Delhi,Slow,Bus,74.69,345.99,Active,2025-01-10
EV11785,Bengaluru,DC Fast,Bus,113.57,166.02,Active,2025-02-26
EV11786,Bengaluru,Level 2,Car,72.67,337.83,Inactive,2025-09-17
EV11787,Bengaluru,DC Fast,Bike,111.27,453.93,Inactive,2025-01-10
EV11788,Trivandrum,DC Fast,Bus,25.39,337.2,Active,2025-09-17
EV11789,Chennai,Slow,Bike,139.84,437.22,Active,2025-10-21
EV11790,Kochi,Fast,Car,226.15,460.64,Inactive,2025-03-02
EV11791,Kochi,Level 2,Bike,162.85,419.31,Inactive,2025-03-12
EV11792,Calicut,Fast,Bike,34.19,83.99,Inactive,2025-07-24
EV11793,Kochi,Level 2,Bus,99.63,256.01,Active,2025-10-15
EV11794,Chennai,DC Fast,Bike,160.27,310.7,Inactive,2025-02-25
EV11795,Calicut,DC Fast,Bike,207.46,285.9,Active,2025-06-22
EV11796,Kochi,Fast,Bus,143.18,44.96,Inactive,2025-08-03
EV11797,Mumbai,DC Fast,Bus,189.94,187.53,Active,2025-11-27
EV11798,Mumbai,Fast,Bus,94.31,481.68,Active,2025-04-13
EV11799,Calicut,DC Fast,Car,134.55,434.28,Active,2025-11-28
EV11800,Mumbai,DC Fast,Car,163.98,297.95,Active,2025-07-21
EV11801,Hyderabad,Fast,Bike,98.13,291.7,Active,2025-08-20
EV11802,Hyderabad,Fast,Car,212.8,391.59,Inactive,2025-12-28
EV11803,Trivandrum,Slow,Bus,165.08,235.56,Active,2025-03-28
EV11804,Trivandrum,Level 2,Bus,41.99,222.32,Inactive,2025-10-29
EV11805,Trivandrum,Slow,Bike,113.8,181.91,Active,2025-08-09
EV11806,Kochi,Slow,Bus,53.39,150.67,Active,2025-10-20
EV11807,Hyderabad,Fast,Car,206.14,154.16,Inactive,2025-01-16
EV11808,Delhi,DC Fast,Bus,183.2,329.88,Active,2025-01-23
EV11809,Calicut,DC Fast,Bus,151.08,186.11,Inactive,2025-03-25
EV11810,Chennai,Level 2,Car,46.3,201.63,Inactive,2025-02-04
EV11811,Delhi,Level 2,Bus,43.26,247.68,Active,2025-11-19
EV11812,Calicut,Level 2,Bus,13.02,485.78,Active,2025-01-27
EV11813,Mumbai,Level 2,Bike,232.65,470.69,Inactive,2025-02-28
EV11814,Mumbai,Slow,Bike,70.55,241.47,Active,2025-10-11
EV11815,Bengaluru,Level 2,Bike,57.17,153.9,Active,2025-06-14
EV11816,Mumbai,Fast,Bus,128.37,100.97,Inactive,2025-12-22
EV11817,Kochi,Fast,Car,198.97,58.89,Inactive,2025-09-30
EV11818,Trivandrum,DC Fast,Bike,65.81,315.07,Active,2025-10-10
EV11819,Delhi,Level 2,Bus,165.01,389.2,Inactive,2025-03-20
EV11820,Delhi,DC Fast,Car,182.09,343.87,Active,2025-08-29
EV11821,Hyderabad,Slow,Bike,171.9,495.04,Active,2025-05-19
EV11822,Chennai,Fast,Bus,16.56,399.84,Inactive,2025-06-08
EV11823,Trivandrum,Slow,Bus,217.12,258.86,Inactive,2025-02-16
EV11824,Calicut,Slow,Bike,46.14,493.18,Active,2025-08-19
EV11825,Trivandrum,Level 2,Bus,166.77,50.9,Active,2025-03-14
EV11826,Mumbai,Fast,Bus,201.91,155.2,Inactive,2025-07-27
EV11827,Hyderabad,Fast,Bus,183.78,323.57,Inactive,2025-02-01
EV11828,Chennai,DC Fast,Bike,87.1,477.9,Inactive,2025-01-24
EV11829,Kochi,Fast,Bike,122.67,289.21,Inactive,2025-02-02
EV11830,Chennai,Fast,Bus,144.56,103.73,Inactive,2025-04-03
EV11831,Delhi,Slow,Bus,228.71,313.13,Active,2025-10-08
EV11832,Bengaluru,Slow,Bus,156.88,180.55,Inactive,2025-07-30
EV11833,Calicut,Level 2,Car,67.45,358.09,Active,2025-07-23
EV11834,Delhi,DC Fast,Bus,233.47,485.2,Active,2025-07-10
EV11835,Delhi,Slow,Bus,125.01,458.59,Active,2025-01-02
EV11836,Mumbai,Slow,Bus,49.73,376.75,Active,2025-03-06
EV11837,Trivandrum,Slow,Car,41.7,382.91,Active,2025-01-19
EV11838,Bengaluru,DC Fast,Car,219.54,161.97,Inactive,2025-08-15
EV11839,Bengaluru,Fast,Bike,73.27,178.75,Active,2025-08-06
EV11840,Hyderabad,Fast,Bike,134.41,104.82,Inactive,2025-12-10
EV11841,Kochi,DC Fast,Bike,140.26,420.0,Active,2025-08-16
EV11842,Chennai,DC Fast,Car,157.15,459.76,Inactive,2025-01-24
EV11843,Trivandrum,DC Fast,Car,224.49,244.93,Active,2025-12-09
EV11844,Trivandrum,Level 2,Bus,141.71,109.04,Active,2025-06-01
EV11845,Hyderabad,Slow,Bike,63.64,134.13,Inactive,2025-04-08
EV11846,Kochi,Fast,Bus,28.08,208.38,Inactive,2025-09-10
EV11847,Chennai,Fast,Car,147.74,373.75,Active,2025-03-28
EV11848,Kochi,DC Fast,Bus,77.29,43.96,Inactive,2025-10-26
EV11849,Chennai,Level 2,Bike,128.66,424.37,Active,2025-09-08
EV11850,Bengaluru,Fast,Bus,134.96,485.67,Inactive,2025-06-06
EV11851,Chennai,Fast,Bus,161.63,73.64,Active,2025-01-28
EV11852,Chennai,Slow,Car,73.66,344.36,Inactive,2025-02-06
EV11853,Mumbai,Fast,Bike,178.43,361.19,Active,2025-07-24
EV11854,Calicut,Slow,Bus,34.09,326.98,Active,2025-02-28
EV11855,Calicut,Slow,Bus,100.85,341.77,Inactive,2025-12-10
EV11856,Delhi,Fast,Car,186.35,268.47,Active,2025-05-31
EV11857,Trivandrum,Level 2,Bus,111.13,76.08,Active,2025-01-02
EV11858,Trivandrum,Slow,Bike,86.76,171.27,Inactive,2025-07-30
EV11859,Bengaluru,Level 2,Bus,201.04,138.64,Inactive,2025-08-18
EV11860,Mumbai,Level 2,Car,146.81,143.45,Inactive,2025-06-29
EV11861,Hyderabad,Level 2,Bus,46.63,214.8,Active,2025-07-29
EV11862,Trivandrum,Fast,Car,201.31,227.51,Inactive,2025-01-25
EV11863,Delhi,Fast,Bike,191.3,101.97,Inactive,2025-10-17
EV11864,Delhi,DC Fast,Car,149.7,284.22,Inactive,2025-05-23
EV11865,Hyderabad,Level 2,Bike,90.76,490.87,Active,2025-08-16
EV11866,Mumbai,Fast,Bus,168.0,148.51,Active,2025-10-22
EV11867,Delhi,DC Fast,Car,10.82,346.16,Active,2025-06-26
EV11868,Calicut,DC Fast,Bus,155.0,121.77,Inactive,2025-10-10
EV11869,Calicut,Level 2,Car,114.94,282.82,Active,2025-03-22
EV11870,Mumbai,Level 2,Car,235.7,24.24,Active,2025-09-09
EV11871,Hyderabad,Fast,Car,104.58,211.65,Inactive,2025-10-19
EV11872,Chennai,DC Fast,Bike,114.94,232.7,Active,2025-06-14
EV11873,Chennai,Level 2,Bike,95.35,57.86,Inactive,2025-03-18
EV11874,Bengaluru,Level 2,Bus,61.23,325.27,Active,2025-05-29
EV11875,Trivandrum,DC Fast,Bike,96.45,419.39,Active,2025-03-14
EV11876,Bengaluru,Fast,Bus,91.86,101.88,Active,2025-08-03
EV11877,Chennai,DC Fast,Bus,102.83,130.09,Active,2025-05-14
EV11878,Calicut,Fast,Bike,118.06,399.0,Active,2025-02-05
EV11879,Bengaluru,Level 2,Bus,88.42,331.16,Active,2025-09-04
EV11880,Hyderabad,Slow,Car,203.67,311.9,Active,2025-05-13
EV11881,Mumbai,Slow,Car,238.26,449.53,Inactive,2025-10-02
EV11882,Trivandrum,Level 2,Bus,140.69,433.93,Active,2025-04-20
EV11883,Chennai,Fast,Bike,225.94,432.15,Inactive,2025-03-21
EV11884,Trivandrum,Slow,Bike,106.62,341.85,Inactive,2025-04-22
EV11885,Bengaluru,DC Fast,Bus,245.65,286.21,Inactive,2025-09-27
EV11886,Bengaluru,Level 2,Bike,170.3,276.78,Active,2025-07-30
EV11887,Bengaluru,Slow,Bike,126.21,322.64,Active,2025-03-08
EV11888,Delhi,Slow,Bus,246.95,71.97,Active,2025-02-24
EV11889,Kochi,Slow,Bus,235.73,472.01,Active,2025-08-21
EV11890,Trivandrum,Fast,Bike,197.2,217.29,Inactive,2025-12-18
EV11891,Bengaluru,Fast,Car,38.0,35.31,Inactive,2025-01-11
EV11892,Kochi,DC Fast,Bus,177.36,153.26,Inactive,2025-06-20
EV11893,Mumbai,Slow,Bus,49.58,367.7,Active,2025-04-04
EV11894,Kochi,Level 2,Car,31.72,111.82,Inactive,2025-05-27
EV11895,Mumbai,Slow,Bike,193.8,357.64,Inactive,2025-04-11
EV11896,Delhi,Fast,Car,119.17,76.86,Active,2025-05-30
EV11897,Delhi,Level 2,Bus,77.98,201.31,Inactive,2025-08-23
EV11898,Hyderabad,Fast,Bike,112.97,476.78,Inactive,2025-03-01
EV11899,Chennai,DC Fast,Bike,170.56,256.25,Active,2025-08-23
EV11900,Hyderabad,Fast,Bus,214.59,168.21,Inactive,2025-11-13
EV11901,Hyderabad,Fast,Bus,133.74,498.98,Active,2025-03-06
EV11902,Mumbai,Fast,Bike,223.53,167.45,Inactive,2025-05-04
EV11903,Delhi,Level 2,Bus,227.52,141.82,Active,2025-05-02
EV11904,Trivandrum,Fast,Bike,146.51,33.9,Active,2025-03-21
EV11905,Bengaluru,DC Fast,Bike,202.93,493.77,Inactive,2025-12-14
EV11906,Kochi,DC Fast,Bike,19.84,128.61,Inactive,2025-06-07
EV11907,Hyderabad,DC Fast,Car,109.04,250.13,Active,2025-12-13
EV11908,Mumbai,DC Fast,Bus,28.21,169.03,Inactive,2025-01-30
EV11909,Trivandrum,Fast,Bike,42.11,295.3,Active,2025-06-10
EV11910,Delhi,DC Fast,Bus,228.34,180.79,Inactive,2025-05-06
EV11911,Bengaluru,Slow,Bus,58.02,45.13,Active,2025-03-07
EV11912,Calicut,DC Fast,Car,26.53,96.95,Inactive,2025-09-05
EV11913,Hyderabad,DC Fast,Bus,222.81,280.21,Active,2025-06-19
EV11914,Trivandrum,Level 2,Bike,20.85,444.52,Active,2025-05-19
EV11915,Chennai,Fast,Bike,198.43,45.22,Inactive,2025-05-14
EV11916,Mumbai,Level 2,Car,44.64,40.93,Active,2025-06-06
EV11917,Delhi,Level 2,Bus,248.01,27.27,Active,2025-07-03
EV11918,Kochi,Level 2,Car,180.29,480.76,Inactive,2025-02-12
EV11919,Bengaluru,Slow,Car,118.73,183.39,Inactive,2025-11-11
EV11920,Chennai,DC Fast,Bike,193.59,450.45,Active,2025-07-07
EV11921,Trivandrum,DC Fast,Bike,81.59,243.81,Inactive,2025-12-12
EV11922,Chennai,DC Fast,Car,128.59,47.15,Active,2025-11-24
EV11923,Bengaluru,Level 2,Bus,191.88,442.31,Active,2025-09-19
EV11924,Delhi,Level 2,Bus,44.66,176.67,Active,2025-04-15
EV11925,Calicut,Fast,Bus,65.36,269.88,Active,2025-02-09
EV11926,Delhi,Fast,Bus,59.03,420.82,Active,2025-05-26
EV11927,Hyderabad,Level 2,Bus,95.07,140.75,Inactive,2025-12-22
EV11928,Delhi,Fast,Bus,217.58,425.3,Inactive,2025-01-26
EV11929,Bengaluru,Fast,Car,177.02,218.46,Active,2025-09-03
EV11930,Trivandrum,Level 2,Bike,99.4,448.85,Inactive,2025-03-20
EV11931,Chennai,Slow,Bike,129.34,480.59,Inactive,2025-02-03
EV11932,Trivandrum,Slow,Bus,196.09,209.71,Inactive,2025-12-10
EV11933,Kochi,Level 2,Car,170.08,250.76,Active,2025-08-05
EV11934,Hyderabad,Level 2,Car,166.15,348.02,Inactive,2025-01-08
EV11935,Bengaluru,Fast,Car,172.1,125.43,Active,2025-01-26
EV11936,Trivandrum,DC Fast,Bus,43.36,167.12,Active,2025-11-13
EV11937,Hyderabad,DC Fast,Bike,29.95,110.67,Inactive,2025-10-21
EV11938,Mumbai,DC Fast,Car,200.7,119.59,Active,2025-02-21
EV11939,Kochi,Fast,Bike,137.84,42.05,Active,2025-06-03
EV11940,Chennai,Fast,Car,142.46,42.3,Active,2025-09-16
EV11941,Kochi,DC Fast,Car,238.36,465.4,Active,2025-11-27
EV11942,Mumbai,Slow,Car,170.92,324.64,Inactive,2025-11-28
EV11943,Calicut,DC Fast,Bus,23.6,445.35,Inactive,2025-07-06
EV11944,Hyderabad,Fast,Car,41.3,88.42,Inactive,2025-05-06
EV11945,Bengaluru,Level 2,Bus,153.83,278.83,Active,2025-09-23
EV11946,Bengaluru,Level 2,Bus,158.84,306.96,Inactive,2025-09-15
EV11947,Delhi,Level 2,Car,39.67,442.76,Active,2025-03-28
EV11948,Hyderabad,DC Fast,Car,137.47,52.59,Inactive,2025-05-25
EV11949,Chennai,Level 2,Bike,10.73,116.54,Inactive,2025-12-11
EV11950,Bengaluru,Fast,Car,211.76,308.91,Inactive,2025-05-07
EV11951,Chennai,Fast,Car,202.54,251.51,Active,2025-07-14
EV11952,Hyderabad,Level 2,Bike,124.57,405.11,Active,2025-09-21
EV11953,Trivandrum,Fast,Car,141.09,262.32,Inactive,2025-11-22
EV11954,Delhi,Fast,Car,79.22,354.49,Active,2025-09-14
EV11955,Trivandrum,DC Fast,Bus,62.98,202.48,Active,2025-10-23
EV11956,Delhi,Slow,Car,48.75,125.04,Active,2025-05-28
EV11957,Bengaluru,Level 2,Bike,42.5,147.56,Inactive,2025-09-16
EV11958,Trivandrum,Slow,Car,116.48,289.31,Inactive,2025-12-23
EV11959,Mumbai,Fast,Bus,185.39,264.45,Active,2025-10-10
EV11960,Mumbai,DC Fast,Bus,111.1,126.06,Active,2025-03-18
EV11961,Calicut,Fast,Bike,27.1,151.43,Inactive,2025-01-20
EV11962,Mumbai,Slow,Bus,229.24,475.31,Active,2025-06-15
EV11963,Delhi,Fast,Bus,107.28,214.75,Active,2025-03-18
EV11964,Mumbai,Slow,Bus,208.08,124.83,Inactive,2025-09-13
EV11965,Trivandrum,Level 2,Bike,119.42,292.82,Active,2025-03-28
EV11966,Chennai,Fast,Bus,226.72,474.2,Active,2025-04-12
EV11967,Bengaluru,DC Fast,Car,42.92,174.04,Active,2025-10-18
EV11968,Chennai,Fast,Bus,19.19,246.44,Inactive,2025-02-15
EV11969,Kochi,Slow,Bus,17.39,352.98,Inactive,2025-12-24
EV11970,Delhi,DC Fast,Car,11.6,353.1,Active,2025-03-14
EV11971,Kochi,DC Fast,Bike,177.83,395.05,Active,2025-02-11
EV11972,Delhi,Fast,Bike,233.77,432.7,Inactive,2025-03-08
EV11973,Calicut,DC Fast,Bus,209.33,402.95,Inactive,2025-05-09
EV11974,Bengaluru,Slow,Car,44.22,366.78,Active,2025-11-27
EV11975,Delhi,DC Fast,Bus,177.14,427.1,Active,2025-03-12
EV11976,Chennai,Fast,Car,121.72,69.33,Active,2025-06-14
EV11977,Bengaluru,Slow,Bike,88.65,275.12,Active,2025-05-10
EV11978,Trivandrum,Level 2,Bike,29.72,499.7,Active,2025-02-24
EV11979,Delhi,Level 2,Car,45.9,352.84,Inactive,2025-10-09
EV11980,Trivandrum,Fast,Bus,233.32,72.26,Inactive,2025-06-13
EV11981,Delhi,DC Fast,Bike,224.35,86.55,Active,2025-12-13
EV11982,Mumbai,Fast,Bike,181.65,193.57,Active,2025-06-13
EV11983,Mumbai,Slow,Bus,247.25,239.96,Inactive,2025-05-02
EV11984,Bengaluru,DC Fast,Bus,23.44,392.58,Active,2025-05-31
EV11985,Delhi,Level 2,Car,114.04,184.74,Active,2025-02-27
EV11986,Mumbai,Slow,Car,85.5,299.1,Active,2025-08-03
EV11987,Kochi,Level 2,Bike,78.9,336.87,Inactive,2025-06-10
EV11988,Delhi,Fast,Bike,177.82,428.58,Active,2025-05-24
EV11989,Mumbai,Fast,Bike,35.22,306.96,Inactive,2025-02-13
EV11990,Hyderabad,Level 2,Car,230.19,159.91,Active,2025-01-20
EV11991,Bengaluru,Fast,Bus,212.34,349.28,Active,2025-10-15
EV11992,Trivandrum,Level 2,Bike,111.1,120.04,Active,2025-04-10
EV11993,Calicut,Level 2,Bike,106.66,421.4,Active,2025-01-25
EV11994,Kochi,Level 2,Bus,126.48,277.6,Inactive,2025-09-13
EV11995,Bengaluru,Level 2,Car,213.88,108.61,Active,2025-07-03
EV11996,Delhi,DC Fast,Bike,199.44,263.4,Inactive,2025-01-12
EV11997,Chennai,Slow,Car,94.29,469.66,Inactive,2025-06-12
EV11998,Delhi,DC Fast,Bike,166.14,41.85,Active,2025-09-04
EV11999,Hyderabad,Slow,Car,89.39,467.31,Inactive,2025-03-05
EV12000,Delhi,Level 2,Car,139.51,477.58,Inactive,2025-08-02
EV12001,Trivandrum,Level 2,Car,239.52,426.41,Inactive,2025-08-21
EV12002,Calicut,Slow,Car,219.54,358.81,Active,2025-06-09
EV12003,Mumbai,Level 2,Bike,166.44,453.67,Inactive,2025-02-02
EV12004,Trivandrum,Slow,Car,98.47,145.53,Inactive,2025-03-21
EV12005,Kochi,DC Fast,Car,48.27,384.8,Active,2025-09-11
EV12006,Bengaluru,DC Fast,Bike,206.8,248.63,Active,2025-05-03
EV12007,Trivandrum,Slow,Bike,70.89,236.16,Inactive,2025-04-01
EV12008,Bengaluru,Slow,Bus,189.97,234.54,Active,2025-07-03
EV12009,Chennai,Slow,Car,101.63,137.29,Inactive,2025-07-01
EV12010,Kochi,Level 2,Bike,150.04,20.29,Active,2025-04-30
EV12011,Bengaluru,Level 2,Bike,165.6,114.05,Inactive,2025-04-18
EV12012,Hyderabad,Level 2,Bus,68.99,465.5,Inactive,2025-10-06
EV12013,Trivandrum,Level 2,Car,174.07,281.89,Inactive,2025-03-17
EV12014,Hyderabad,Slow,Bike,78.52,373.57,Inactive,2025-05-19
EV12015,Calicut,Slow,Bus,233.16,85.12,Inactive,2025-11-06
EV12016,Calicut,DC Fast,Bike,244.82,27.19,Active,2025-11-15
EV12017,Bengaluru,Slow,Car,49.65,300.75,Inactive,2025-11-25
EV12018,Bengaluru,Slow,Bus,54.79,36.54,Inactive,2025-09-21
EV12019,Delhi,Slow,Bike,195.68,124.69,Inactive,2025-09-09
EV12020,Kochi,Fast,Bus,174.85,55.53,Active,2025-07-24
EV12021,Trivandrum,Fast,Car,15.57,422.29,Active,2025-02-18
EV12022,Hyderabad,Fast,Bus,152.06,349.36,Inactive,2025-01-18
EV12023,Kochi,DC Fast,Bike,18.54,131.97,Active,2025-03-04
EV12024,Delhi,Slow,Bike,153.43,435.09,Inactive,2025-07-24
EV12025,Delhi,DC Fast,Bus,221.43,226.48,Active,2025-05-10
EV12026,Mumbai,Fast,Bus,55.46,304.09,Active,2025-08-10
EV12027,Bengaluru,DC Fast,Car,82.35,41.04,Active,2025-09-27
EV12028,Mumbai,Level 2,Bus,82.1,236.13,Active,2025-04-09
EV12029,Hyderabad,Level 2,Car,228.3,296.88,Active,2025-05-03
EV12030,Calicut,Slow,Bus,233.0,258.36,Active,2025-07-05
EV12031,Hyderabad,DC Fast,Car,200.67,415.2,Inactive,2025-11-30
EV12032,Mumbai,Slow,Bus,105.06,331.29,Active,2025-09-26
EV12033,Calicut,Level 2,Bus,140.65,268.79,Inactive,2025-01-06
EV12034,Chennai,Level 2,Car,66.19,407.0,Inactive,2025-12-13
EV12035,Kochi,Slow,Bike,189.25,497.94,Active,2025-02-11
EV12036,Mumbai,Level 2,Car,181.39,163.02,Active,2025-01-01
EV12037,Calicut,Slow,Car,92.66,68.68,Active,2025-04-10
EV12038,Mumbai,Fast,Bus,214.54,163.0,Inactive,2025-01-05
EV12039,Kochi,Fast,Bus,154.22,233.66,Inactive,2025-07-05
EV12040,Trivandrum,Level 2,Car,92.32,233.32,Inactive,2025-10-08
EV12041,Delhi,Slow,Bus,155.26,265.79,Inactive,2025-12-08
EV12042,Delhi,Fast,Bike,51.02,175.54,Inactive,2025-11-19
EV12043,Kochi,Fast,Bus,238.97,213.79,Active,2025-12-31
EV12044,Mumbai,DC Fast,Car,127.76,211.26,Inactive,2025-08-11
EV12045,Delhi,Slow,Bus,120.51,215.65,Inactive,2025-03-07
EV12046,Kochi,Slow,Car,160.83,24.9,Active,2025-12-25
EV12047,Chennai,Slow,Car,38.66,191.77,Active,2025-08-14
EV12048,Hyderabad,Fast,Bike,98.3,314.15,Inactive,2025-12-11
EV12049,Bengaluru,Level 2,Bike,214.82,248.86,Active,2025-12-04
EV12050,Kochi,DC Fast,Bike,59.48,313.4,Active,2025-10-12
EV12051,Chennai,Fast,Bus,110.37,381.21,Inactive,2025-08-06
EV12052,Trivandrum,DC Fast,Car,127.74,56.54,Inactive,2025-02-05
EV12053,Trivandrum,Level 2,Car,105.44,124.48,Active,2025-09-18
EV12054,Calicut,DC Fast,Bike,73.87,145.85,Active,2025-07-18
EV12055,Calicut,Slow,Bus,89.04,93.4,Active,2025-06-24
EV12056,Bengaluru,DC Fast,Bus,203.13,180.62,Active,2025-09-02
EV12057,Trivandrum,Slow,Car,55.56,393.49,Active,2025-01-08
EV12058,Hyderabad,Slow,Car,183.69,311.1,Inactive,2025-08-12
EV12059,Mumbai,Level 2,Bus,50.75,116.54,Inactive,2025-04-22
EV12060,Mumbai,DC Fast,Car,23.7,84.83,Inactive,2025-04-26
EV12061,Chennai,Slow,Car,168.58,80.33,Active,2025-10-15
EV12062,Kochi,DC Fast,Car,186.09,156.37,Active,2025-02-22
EV12063,Hyderabad,Fast,Car,217.12,451.1,Inactive,2025-07-26
EV12064,Trivandrum,Slow,Car,109.42,184.13,Inactive,2025-04-06
EV12065,Delhi,Slow,Bike,242.06,172.81,Inactive,2025-12-30
EV12066,Chennai,Level 2,Car,43.85,42.08,Inactive,2025-06-11
EV12067,Delhi,DC Fast,Bike,12.6,320.31,Active,2025-01-17
EV12068,Calicut,Slow,Bus,243.21,301.1,Inactive,2025-03-20
EV12069,Kochi,Slow,Car,37.54,126.68,Inactive,2025-07-28
EV12070,Bengaluru,Slow,Car,144.76,129.82,Inactive,2025-05-18
EV12071,Chennai,Fast,Car,158.88,176.73,Active,2025-02-16
EV12072,Delhi,Fast,Car,196.5,145.25,Active,2025-10-29
EV12073,Mumbai,Slow,Car,217.9,336.41,Active,2025-07-25
EV12074,Mumbai,Level 2,Car,111.22,455.73,Active,2025-06-09
EV12075,Kochi,DC Fast,Bus,105.62,204.39,Active,2025-04-08
EV12076,Mumbai,DC Fast,Bike,43.69,142.59,Inactive,2025-06-19
EV12077,Delhi,DC Fast,Bus,223.73,99.62,Inactive,2025-11-15
EV12078,Hyderabad,Level 2,Car,222.49,231.22,Active,2025-10-20
EV12079,Bengaluru,Level 2,Car,191.01,103.66,Inactive,2025-01-23
EV12080,Mumbai,Slow,Car,226.55,334.17,Active,2025-01-07
EV12081,Kochi,Level 2,Bike,77.09,205.76,Inactive,2025-12-14
EV12082,Delhi,Fast,Bus,18.16,355.05,Active,2025-04-27
EV12083,Bengaluru,Slow,Bike,104.29,162.42,Inactive,2025-01-31
EV12084,Mumbai,DC Fast,Car,72.8,248.56,Inactive,2025-10-16
EV12085,Bengaluru,Slow,Bike,58.67,156.65,Inactive,2025-07-21
EV12086,Kochi,Level 2,Bus,116.32,491.91,Active,2025-12-14
EV12087,Calicut,DC Fast,Bike,66.55,33.94,Active,2025-07-04
EV12088,Chennai,Slow,Bus,146.79,355.03,Active,2025-03-07
EV12089,Calicut,DC Fast,Car,211.12,209.01,Active,2025-07-02
EV12090,Delhi,Fast,Bike,241.14,38.32,Active,2025-07-24
EV12091,Trivandrum,Fast,Bike,35.78,345.65,Inactive,2025-03-19
EV12092,Calicut,Level 2,Bus,175.16,276.16,Inactive,2025-06-03
EV12093,Delhi,Level 2,Bike,23.28,61.52,Inactive,2025-01-03
EV12094,Bengaluru,Slow,Bike,74.58,435.27,Active,2025-11-28
EV12095,Mumbai,Slow,Bike,64.38,125.82,Active,2025-02-27
EV12096,Kochi,Slow,Car,12.98,486.21,Inactive,2025-07-17
EV12097,Chennai,Level 2,Car,233.24,473.51,Inactive,2025-09-18
EV12098,Kochi,DC Fast,Car,246.62,132.13,Active,2025-05-31
EV12099,Kochi,Level 2,Bus,80.81,298.14,Inactive,2025-06-17
EV12100,Chennai,Level 2,Bus,86.22,433.26,Inactive,2025-12-19
EV12101,Hyderabad,Slow,Bus,221.09,81.07,Active,2025-04-17
EV12102,Calicut,Slow,Bike,137.14,435.8,Active,2025-03-06
EV12103,Hyderabad,Level 2,Bus,115.63,286.23,Inactive,2025-08-01
EV12104,Hyderabad,Level 2,Bike,117.55,117.32,Active,2025-06-09
EV12105,Hyderabad,Fast,Bike,41.8,320.44,Active,2025-12-20
EV12106,Chennai,Level 2,Bus,110.6,309.63,Active,2025-09-14
EV12107,Kochi,Slow,Bike,74.74,451.37,Inactive,2025-09-30
EV12108,Bengaluru,Slow,Bike,87.28,492.91,Inactive,2025-07-24
EV12109,Chennai,Slow,Bike,133.51,389.52,Active,2025-12-13
EV12110,Trivandrum,Level 2,Bike,43.39,300.42,Inactive,2025-04-17
EV12111,Mumbai,DC Fast,Bike,101.2,492.86,Inactive,2025-05-13
EV12112,Trivandrum,DC Fast,Bus,137.4,58.21,Active,2025-07-26
EV12113,Chennai,Level 2,Car,12.26,223.4,Active,2025-08-19
EV12114,Bengaluru,Slow,Car,20.85,295.51,Inactive,2025-10-17
EV12115,Calicut,Level 2,Car,56.38,169.89,Inactive,2025-11-10
EV12116,Kochi,Level 2,Bike,185.07,110.55,Active,2025-08-16
EV12117,Calicut,DC Fast,Car,78.66,206.03,Inactive,2025-03-13
EV12118,Mumbai,DC Fast,Bike,208.47,173.92,Inactive,2025-02-28
EV12119,Bengaluru,Slow,Bus,159.9,413.78,Active,2025-03-26
EV12120,Chennai,Slow,Bike,202.04,451.85,Active,2025-01-27
EV12121,Kochi,Level 2,Bus,75.66,448.12,Active,2025-04-09
EV12122,Calicut,Slow,Car,215.5,358.78,Inactive,2025-02-19
EV12123,Calicut,Slow,Bus,188.8,202.19,Inactive,2025-11-04
EV12124,Mumbai,Level 2,Car,168.25,339.39,Active,2025-12-12
EV12125,Calicut,Fast,Car,99.49,253.37,Inactive,2025-12-16
EV12126,Bengaluru,DC Fast,Car,79.55,55.63,Active,2025-09-09
EV12127,Bengaluru,Slow,Bike,39.86,341.78,Inactive,2025-04-28
EV12128,Calicut,Slow,Bus,148.06,378.7,Inactive,2025-05-24
EV12129,Mumbai,DC Fast,Bike,16.94,23.15,Inactive,2025-06-15
EV12130,Mumbai,DC Fast,Car,83.66,410.49,Inactive,2025-09-06
EV12131,Hyderabad,Level 2,Bus,217.56,305.7,Active,2025-10-31
EV12132,Calicut,Level 2,Car,121.84,252.32,Active,2025-12-03
EV12133,Mumbai,Slow,Bus,79.0,320.81,Active,2025-08-24
EV12134,Delhi,DC Fast,Car,205.58,305.95,Inactive,2025-04-03
EV12135,Mumbai,Fast,Bike,207.35,482.13,Active,2025-01-08
EV12136,Hyderabad,Level 2,Car,40.22,393.65,Inactive,2025-06-21
EV12137,Hyderabad,DC Fast,Car,99.44,290.24,Active,2025-12-01
EV12138,Calicut,Level 2,Bike,215.17,376.74,Active,2025-04-27
EV12139,Delhi,Slow,Car,208.7,156.78,Active,2025-03-09
EV12140,Bengaluru,DC Fast,Bike,147.9,160.77,Active,2025-09-05
EV12141,Chennai,Level 2,Bus,20.16,281.56,Inactive,2025-11-27
EV12142,Chennai,Level 2,Bike,243.39,394.09,Active,2025-01-17
EV12143,Mumbai,Level 2,Bus,146.45,74.19,Active,2025-06-02
EV12144,Chennai,Level 2,Bike,200.76,365.77,Active,2025-02-25
EV12145,Calicut,DC Fast,Bike,164.31,58.92,Active,2025-01-13
EV12146,Mumbai,Fast,Bus,99.58,246.1,Inactive,2025-09-10
EV12147,Trivandrum,Level 2,Bike,109.32,342.98,Active,2025-01-15
EV12148,Mumbai,Level 2,Bus,157.19,483.17,Inactive,2025-02-06
EV12149,Mumbai,Fast,Bike,179.2,157.21,Inactive,2025-01-01
EV12150,Kochi,Fast,Bus,18.2,117.53,Active,2025-05-29
EV12151,Chennai,Slow,Car,109.69,127.16,Inactive,2025-01-05
EV12152,Calicut,Slow,Bus,159.99,80.02,Active,2025-12-01
EV12153,Delhi,Level 2,Bus,179.67,493.65,Inactive,2025-01-11
EV12154,Delhi,Slow,Bike,62.73,23.81,Inactive,2025-05-20
EV12155,Trivandrum,Slow,Bus,186.91,386.47,Active,2025-08-15
EV12156,Chennai,DC Fast,Bike,136.11,149.06,Inactive,2025-11-11
EV12157,Trivandrum,DC Fast,Bike,245.57,82.65,Inactive,2025-11-22
EV12158,Chennai,DC Fast,Bike,29.27,270.2,Active,2025-02-14
EV12159,Calicut,Level 2,Bike,87.21,348.26,Active,2025-05-30
EV12160,Hyderabad,Slow,Bus,184.68,38.52,Active,2025-11-18
EV12161,Bengaluru,Fast,Bike,103.79,474.97,Inactive,2025-06-15
EV12162,Hyderabad,Slow,Car,43.34,364.97,Inactive,2025-03-23
EV12163,Delhi,Slow,Bike,128.47,380.04,Inactive,2025-04-06
EV12164,Calicut,Level 2,Car,150.35,62.8,Active,2025-12-29
EV12165,Calicut,Level 2,Bike,56.63,420.73,Inactive,2025-09-02
EV12166,Bengaluru,Fast,Bike,127.9,125.35,Inactive,2025-12-26
EV12167,Trivandrum,DC Fast,Car,234.45,476.31,Active,2025-03-12
EV12168,Bengaluru,Fast,Bike,94.61,374.16,Active,2025-12-25
EV12169,Mumbai,Fast,Bike,117.04,68.77,Inactive,2025-02-28
EV12170,Mumbai,Slow,Bus,215.64,325.57,Active,2025-11-25
EV12171,Chennai,DC Fast,Bike,74.27,304.26,Active,2025-09-11
EV12172,Hyderabad,Fast,Car,196.63,400.39,Active,2025-09-14
EV12173,Kochi,Fast,Car,126.4,116.76,Active,2025-08-20
EV12174,Kochi,Slow,Bike,215.21,125.65,Inactive,2025-05-31
EV12175,Delhi,Level 2,Bike,194.19,97.21,Active,2025-05-06
EV12176,Chennai,DC Fast,Car,29.9,219.04,Inactive,2025-06-26
EV12177,Hyderabad,Fast,Bus,134.89,360.75,Active,2025-09-04
EV12178,Mumbai,Fast,Bike,15.2,350.61,Active,2025-01-26
EV12179,Hyderabad,Level 2,Bus,136.55,417.47,Inactive,2025-01-03
EV12180,Hyderabad,DC Fast,Bus,120.35,258.77,Inactive,2025-09-09
EV12181,Bengaluru,Slow,Bus,48.45,469.2,Active,2025-09-24
EV12182,Kochi,DC Fast,Car,198.46,491.71,Active,2025-06-29
EV12183,Calicut,Level 2,Car,93.84,154.02,Inactive,2025-03-28
EV12184,Calicut,Fast,Bus,132.4,84.88,Inactive,2025-05-24
EV12185,Bengaluru,DC Fast,Bus,198.56,322.23,Active,2025-07-21
EV12186,Calicut,DC Fast,Car,20.51,408.46,Active,2025-04-13
EV12187,Delhi,Slow,Car,68.48,414.35,Active,2025-10-24
EV12188,Bengaluru,Fast,Car,50.63,428.95,Inactive,2025-11-04
EV12189,Calicut,Fast,Car,190.45,62.3,Active,2025-01-31
EV12190,Bengaluru,Level 2,Car,211.67,195.29,Active,2025-09-21
EV12191,Chennai,Slow,Bus,183.88,365.55,Inactive,2025-04-28
EV12192,Mumbai,DC Fast,Bus,47.88,44.26,Inactive,2025-11-05
EV12193,Calicut,Fast,Bus,235.62,23.66,Inactive,2025-06-26
EV12194,Kochi,Slow,Bus,44.06,321.77,Active,2025-04-05
EV12195,Mumbai,Fast,Bike,207.8,361.2,Inactive,2025-12-19
EV12196,Mumbai,DC Fast,Bike,200.51,426.53,Inactive,2025-09-28
EV12197,Hyderabad,DC Fast,Bus,243.16,102.73,Inactive,2025-08-28
EV12198,Bengaluru,Slow,Car,146.52,490.3,Inactive,2025-01-16
EV12199,Mumbai,Level 2,Car,233.14,164.8,Inactive,2025-12-28
EV12200,Delhi,Fast,Bike,168.89,387.73,Inactive,2025-03-10
EV12201,Kochi,Slow,Bike,50.96,67.32,Inactive,2025-10-16
EV12202,Bengaluru,Slow,Bus,126.13,75.33,Inactive,2025-01-30
EV12203,Delhi,Slow,Car,30.67,147.93,Inactive,2025-11-05
EV12204,Trivandrum,DC Fast,Car,31.52,126.49,Active,2025-05-03
EV12205,Bengaluru,Level 2,Car,231.04,59.11,Active,2025-11-17
EV12206,Hyderabad,Level 2,Bike,195.01,300.66,Active,2025-10-05
EV12207,Delhi,DC Fast,Car,18.66,410.2,Active,2025-01-17
EV12208,Kochi,Level 2,Bike,38.02,68.73,Inactive,2025-06-11
EV12209,Kochi,Fast,Bike,163.82,239.92,Inactive,2025-10-04
EV12210,Chennai,DC Fast,Bus,23.51,461.29,Inactive,2025-11-27
EV12211,Kochi,Level 2,Bike,127.08,345.33,Active,2025-01-02
EV12212,Mumbai,Slow,Bike,214.19,418.93,Active,2025-11-18
EV12213,Chennai,DC Fast,Bike,181.77,185.41,Active,2025-02-27
EV12214,Chennai,Slow,Bike,47.82,404.88,Inactive,2025-03-20
EV12215,Delhi,DC Fast,Bus,148.5,334.39,Active,2025-12-30
EV12216,Kochi,DC Fast,Bus,19.44,265.18,Inactive,2025-02-02
EV12217,Trivandrum,Fast,Bike,228.82,480.48,Active,2025-12-14
EV12218,Mumbai,Fast,Bus,142.85,434.37,Inactive,2025-01-03
EV12219,Trivandrum,Slow,Bike,128.42,374.11,Inactive,2025-06-11
EV12220,Chennai,Fast,Bus,89.82,357.91,Active,2025-08-31
EV12221,Bengaluru,DC Fast,Car,153.07,47.42,Inactive,2025-10-15
EV12222,Hyderabad,Fast,Bike,208.23,177.51,Active,2025-12-06
EV12223,Hyderabad,Fast,Bike,204.81,256.5,Active,2025-04-15
EV12224,Bengaluru,Slow,Bus,240.28,474.89,Inactive,2025-02-04
EV12225,Calicut,Slow,Bike,86.94,351.94,Active,2025-01-04
EV12226,Trivandrum,Slow,Bike,149.94,492.48,Active,2025-03-20
EV12227,Trivandrum,Fast,Bike,83.78,461.8,Inactive,2025-04-10
EV12228,Trivandrum,Slow,Bike,191.12,329.82,Active,2025-05-18
EV12229,Calicut,Level 2,Bus,97.0,80.97,Active,2025-10-02
EV12230,Hyderabad,DC Fast,Bike,196.88,460.5,Inactive,2025-09-01
EV12231,Chennai,Slow,Car,141.42,446.63,Inactive,2025-03-24
EV12232,Chennai,Level 2,Car,175.32,30.4,Inactive,2025-05-25
EV12233,Mumbai,Slow,Bus,190.05,475.78,Active,2025-12-01
EV12234,Mumbai,DC Fast,Bus,140.57,220.65,Inactive,2025-10-07
EV12235,Delhi,Level 2,Bus,176.52,131.15,Active,2025-10-12
EV12236,Calicut,Fast,Car,153.5,452.36,Inactive,2025-06-18
EV12237,Mumbai,Fast,Bus,141.68,370.54,Inactive,2025-07-07
EV12238,Mumbai,Level 2,Bus,246.26,59.98,Inactive,2025-11-21
EV12239,Bengaluru,Level 2,Bus,155.84,339.31,Inactive,2025-09-30
EV12240,Calicut,Level 2,Bike,153.28,113.4,Active,2025-06-10
EV12241,Hyderabad,DC Fast,Bus,239.69,455.32,Inactive,2025-06-10
EV12242,Kochi,Fast,Car,78.38,105.85,Inactive,2025-03-26
EV12243,Calicut,DC Fast,Bike,142.81,206.29,Inactive,2025-09-18
EV12244,Hyderabad,Level 2,Car,223.58,46.87,Inactive,2025-12-24
EV12245,Trivandrum,Fast,Bike,236.87,82.48,Active,2025-11-18
EV12246,Delhi,Fast,Car,158.35,418.08,Inactive,2025-07-26
EV12247,Delhi,Slow,Car,87.1,42.57,Active,2025-03-23
EV12248,Mumbai,DC Fast,Bus,153.99,178.87,Active,2025-02-04
EV12249,Bengaluru,Fast,Bike,142.15,143.79,Inactive,2025-07-24
EV12250,Bengaluru,Level 2,Car,191.69,178.89,Inactive,2025-10-21
EV12251,Hyderabad,Fast,Car,92.99,125.53,Active,2025-09-17
EV12252,Trivandrum,Level 2,Bike,242.37,255.83,Active,2025-12-25
EV12253,Trivandrum,DC Fast,Bike,27.54,164.99,Inactive,2025-10-08
EV12254,Hyderabad,Slow,Bike,70.97,368.35,Active,2025-11-23
EV12255,Trivandrum,Level 2,Bus,33.16,315.13,Inactive,2025-08-28
EV12256,Bengaluru,DC Fast,Bike,60.68,22.98,Active,2025-01-30
EV12257,Hyderabad,DC Fast,Car,149.6,377.92,Inactive,2025-07-21
EV12258,Trivandrum,Fast,Bus,23.27,193.61,Inactive,2025-02-19
EV12259,Bengaluru,Level 2,Bus,51.03,450.12,Active,2025-09-17
EV12260,Delhi,Level 2,Bike,70.29,144.25,Inactive,2025-04-28
EV12261,Delhi,Slow,Car,104.37,37.02,Active,2025-05-20
EV12262,Delhi,Level 2,Bus,48.44,251.01,Inactive,2025-02-10
EV12263,Mumbai,Slow,Bus,191.68,193.35,Active,2025-10-28
EV12264,Hyderabad,Fast,Bike,127.72,362.2,Active,2025-05-16
EV12265,Kochi,Level 2,Bike,226.24,98.13,Active,2025-06-24
EV12266,Bengaluru,Slow,Bike,219.5,100.59,Inactive,2025-07-11
EV12267,Calicut,DC Fast,Car,193.02,343.5,Active,2025-06-21
EV12268,Calicut,Level 2,Bike,199.64,196.21,Active,2025-06-22
EV12269,Mumbai,DC Fast,Bus,243.42,282.99,Inactive,2025-11-29
EV12270,Chennai,DC Fast,Bus,43.34,285.08,Active,2025-01-26
EV12271,Calicut,Slow,Car,75.39,58.07,Active,2025-06-26
EV12272,Calicut,Fast,Bike,228.75,31.27,Inactive,2025-07-25
EV12273,Hyderabad,Fast,Bus,118.68,91.67,Active,2025-07-05
EV12274,Trivandrum,Slow,Bike,76.8,314.06,Active,2025-06-12
EV12275,Mumbai,Level 2,Bus,183.33,121.02,Inactive,2025-01-03
EV12276,Calicut,Level 2,Bus,222.62,401.31,Active,2025-02-20
EV12277,Trivandrum,DC Fast,Bus,201.77,116.08,Inactive,2025-09-03
EV12278,Calicut,DC Fast,Bus,175.84,40.95,Inactive,2025-06-20
EV12279,Calicut,Level 2,Bus,26.97,472.33,Active,2025-09-29
EV12280,Trivandrum,Fast,Bike,156.3,430.19,Active,2025-12-07
EV12281,Mumbai,DC Fast,Car,51.22,238.86,Inactive,2025-11-21
EV12282,Chennai,Level 2,Car,66.02,261.66,Active,2025-06-05
EV12283,Chennai,DC Fast,Bus,248.17,67.06,Active,2025-04-28
EV12284,Chennai,Slow,Bus,42.25,153.87,Inactive,2025-12-14
EV12285,Trivandrum,DC Fast,Bike,190.27,140.08,Inactive,2025-09-01
EV12286,Trivandrum,Level 2,Bus,86.77,188.48,Active,2025-11-23
EV12287,Trivandrum,Fast,Car,140.15,233.0,Inactive,2025-04-08
EV12288,Trivandrum,DC Fast,Car,150.46,77.37,Active,2025-01-10
EV12289,Delhi,Level 2,Bike,30.09,152.34,Active,2025-05-28
EV12290,Chennai,DC Fast,Car,55.57,289.06,Active,2025-03-27
EV12291,Mumbai,Fast,Bus,241.19,424.62,Inactive,2025-10-13
EV12292,Delhi,Fast,Car,240.13,66.68,Active,2025-05-01
EV12293,Mumbai,Fast,Car,167.63,492.9,Inactive,2025-01-13
EV12294,Mumbai,Level 2,Bike,82.82,150.76,Active,2025-01-22
EV12295,Bengaluru,Level 2,Bike,169.49,359.8,Inactive,2025-11-08
EV12296,Kochi,Fast,Bike,104.27,60.76,Active,2025-07-02
EV12297,Kochi,Fast,Bus,24.31,178.09,Active,2025-03-03
EV12298,Chennai,Fast,Bus,222.14,300.19,Active,2025-03-17
EV12299,Bengaluru,Slow,Bike,55.6,226.0,Active,2025-12-28
EV12300,Delhi,Slow,Bus,49.01,425.79,Inactive,2025-01-20
EV12301,Mumbai,Level 2,Bike,133.24,199.97,Active,2025-01-02
EV12302,Calicut,DC Fast,Car,24.49,123.83,Active,2025-03-10
EV12303,Mumbai,DC Fast,Bus,180.86,97.08,Inactive,2025-08-21
EV12304,Calicut,Slow,Bus,69.85,98.69,Active,2025-01-23
EV12305,Trivandrum,DC Fast,Bike,85.49,495.01,Active,2025-06-29
EV12306,Trivandrum,Fast,Bike,26.8,290.76,Active,2025-02-11
EV12307,Bengaluru,Slow,Car,132.45,254.66,Inactive,2025-03-14
EV12308,Bengaluru,DC Fast,Bike,48.55,445.67,Inactive,2025-03-12
EV12309,Hyderabad,Fast,Bus,184.97,42.02,Inactive,2025-08-21
EV12310,Kochi,Fast,Car,221.43,218.07,Inactive,2025-09-25
EV12311,Chennai,Slow,Car,54.22,338.6,Active,2025-05-01
EV12312,Hyderabad,Slow,Bus,243.06,207.48,Inactive,2025-03-28
EV12313,Chennai,Level 2,Bike,90.65,395.07,Inactive,2025-08-28
EV12314,Chennai,Fast,Car,158.8,153.3,Active,2025-07-04
EV12315,Mumbai,Level 2,Bike,211.04,107.31,Active,2025-03-30
EV12316,Kochi,Fast,Bike,185.12,72.09,Inactive,2025-03-07
EV12317,Mumbai,DC Fast,Car,242.44,292.04,Active,2025-10-17
EV12318,Bengaluru,DC Fast,Car,56.96,201.84,Active,2025-02-04
EV12319,Calicut,Level 2,Car,235.76,52.52,Active,2025-01-12
EV12320,Kochi,Slow,Car,79.56,360.86,Active,2025-05-09
EV12321,Mumbai,Fast,Bus,20.66,423.37,Active,2025-11-01
EV12322,Mumbai,Fast,Bus,10.22,136.14,Inactive,2025-07-11
EV12323,Kochi,Level 2,Bike,67.3,92.39,Inactive,2025-09-29
EV12324,Chennai,Fast,Car,212.34,323.97,Active,2025-02-28
EV12325,Kochi,DC Fast,Car,94.23,112.53,Inactive,2025-10-26
EV12326,Delhi,Fast,Bike,230.6,43.01,Active,2025-06-19
EV12327,Bengaluru,Slow,Bus,49.02,198.52,Active,2025-12-16
EV12328,Mumbai,Fast,Car,163.02,326.22,Inactive,2025-11-08
EV12329,Mumbai,Slow,Car,24.84,64.61,Inactive,2025-04-10
EV12330,Delhi,Fast,Bike,15.08,175.64,Inactive,2025-05-16
EV12331,Hyderabad,Level 2,Car,212.68,444.04,Inactive,2025-07-29
EV12332,Kochi,Level 2,Bus,192.72,242.81,Inactive,2025-12-27
EV12333,Calicut,Level 2,Bike,224.73,111.82,Active,2025-11-27
EV12334,Trivandrum,Fast,Bus,121.57,400.47,Inactive,2025-02-07
EV12335,Bengaluru,Fast,Car,47.09,177.99,Inactive,2025-10-11
EV12336,Bengaluru,Fast,Car,233.87,454.19,Inactive,2025-05-18
EV12337,Mumbai,Slow,Bus,209.25,324.51,Active,2025-07-16
EV12338,Delhi,Fast,Bus,61.19,388.3,Inactive,2025-06-29
EV12339,Kochi,Slow,Bike,62.07,43.64,Inactive,2025-03-28
EV12340,Delhi,DC Fast,Bus,116.58,437.01,Active,2025-02-19
EV12341,Mumbai,Level 2,Car,110.85,137.98,Active,2025-12-06
EV12342,Calicut,Fast,Car,184.54,487.63,Active,2025-08-25
EV12343,Calicut,Level 2,Bike,93.99,422.25,Inactive,2025-12-31
EV12344,Kochi,Level 2,Car,89.12,434.29,Active,2025-08-04
EV12345,Bengaluru,Fast,Bike,94.52,303.43,Active,2025-01-10
EV12346,Trivandrum,Slow,Bike,204.35,356.4,Inactive,2025-10-31
EV12347,Calicut,Slow,Car,155.55,106.82,Inactive,2025-08-21
EV12348,Hyderabad,Slow,Bus,157.58,452.18,Active,2025-10-21
EV12349,Bengaluru,Level 2,Bike,223.69,402.57,Inactive,2025-09-27
EV12350,Chennai,Slow,Bus,168.77,155.75,Inactive,2025-08-22
EV12351,Kochi,DC Fast,Bus,35.39,277.79,Inactive,2025-11-14
EV12352,Hyderabad,DC Fast,Bike,143.26,245.25,Active,2025-08-16
EV12353,Kochi,DC Fast,Bus,28.19,349.25,Active,2025-12-10
EV12354,Mumbai,Fast,Bus,98.48,203.52,Active,2025-09-21
EV12355,Hyderabad,Slow,Car,199.31,48.97,Inactive,2025-08-15
EV12356,Trivandrum,Level 2,Car,150.18,390.28,Inactive,2025-04-07
EV12357,Chennai,Level 2,Bike,65.69,154.68,Inactive,2025-11-06
EV12358,Delhi,Slow,Bus,104.33,41.43,Inactive,2025-08-27
EV12359,Chennai,DC Fast,Bus,31.34,341.73,Inactive,2025-03-27
EV12360,Hyderabad,Slow,Bus,192.2,354.07,Active,2025-05-20
EV12361,Mumbai,Fast,Bus,73.04,63.57,Active,2025-06-15
EV12362,Mumbai,Fast,Bus,160.18,427.41,Inactive,2025-01-11
EV12363,Trivandrum,Slow,Bike,78.52,228.11,Inactive,2025-03-12
EV12364,Calicut,Slow,Car,36.69,408.98,Inactive,2025-09-19
EV12365,Bengaluru,Slow,Bus,111.61,215.9,Inactive,2025-07-03
EV12366,Calicut,Level 2,Car,226.68,328.25,Inactive,2025-07-28
EV12367,Kochi,Level 2,Bus,235.24,133.82,Active,2025-08-31
EV12368,Kochi,Slow,Bus,86.47,132.24,Active,2025-09-27
EV12369,Calicut,Level 2,Bus,86.89,213.7,Inactive,2025-09-08
EV12370,Chennai,Fast,Car,182.65,53.92,Inactive,2025-11-27
EV12371,Hyderabad,Slow,Bus,105.44,209.92,Inactive,2025-10-01
EV12372,Delhi,Fast,Bus,107.95,136.69,Inactive,2025-03-04
EV12373,Mumbai,Fast,Bus,186.72,179.84,Active,2025-12-18
EV12374,Chennai,DC Fast,Bike,38.88,352.24,Active,2025-05-06
EV12375,Delhi,Slow,Bus,43.12,425.62,Active,2025-12-12
EV12376,Bengaluru,Slow,Car,181.45,108.99,Active,2025-12-28
EV12377,Mumbai,Slow,Car,68.86,199.76,Active,2025-10-29
EV12378,Chennai,Level 2,Bike,18.25,222.87,Active,2025-09-07
EV12379,Hyderabad,Slow,Bus,240.04,355.52,Active,2025-07-14
EV12380,Calicut,Slow,Car,245.51,53.73,Inactive,2025-12-30
EV12381,Hyderabad,Slow,Car,159.04,77.05,Inactive,2025-06-08
EV12382,Calicut,Slow,Car,56.65,108.13,Inactive,2025-12-07
EV12383,Calicut,Slow,Car,137.29,92.46,Inactive,2025-07-18
EV12384,Hyderabad,Level 2,Bus,200.08,194.44,Inactive,2025-08-31
EV12385,Trivandrum,DC Fast,Car,67.33,407.75,Inactive,2025-10-25
EV12386,Bengaluru,Level 2,Bus,29.27,124.93,Active,2025-04-08
EV12387,Chennai,DC Fast,Car,185.46,309.75,Inactive,2025-01-12
EV12388,Bengaluru,DC Fast,Bike,210.52,280.13,Active,2025-04-07
EV12389,Hyderabad,DC Fast,Bus,73.84,171.8,Inactive,2025-03-30
EV12390,Delhi,Fast,Bus,213.55,325.73,Active,2025-12-06
EV12391,Mumbai,Fast,Bus,99.97,356.95,Inactive,2025-02-23
EV12392,Calicut,Level 2,Bike,115.06,170.57,Active,2025-08-11
EV12393,Trivandrum,Level 2,Bike,167.83,61.88,Inactive,2025-11-01
EV12394,Bengaluru,Level 2,Bike,23.29,355.7,Inactive,2025-08-07
EV12395,Trivandrum,Level 2,Bike,20.18,293.18,Inactive,2025-02-12
EV12396,Chennai,Level 2,Car,160.92,283.05,Inactive,2025-07-11
EV12397,Chennai,Slow,Bike,246.55,387.41,Inactive,2025-08-26
EV12398,Chennai,DC Fast,Bike,246.67,25.87,Inactive,2025-12-22
EV12399,Hyderabad,Fast,Bus,145.92,279.13,Inactive,2025-03-29
EV12400,Bengaluru,Fast,Car,218.41,348.63,Active,2025-06-24
EV12401,Mumbai,Fast,Bus,39.5,489.9,Inactive,2025-05-03
EV12402,Mumbai,Level 2,Bus,102.2,498.69,Inactive,2025-11-09
EV12403,Calicut,DC Fast,Car,73.39,330.93,Active,2025-11-07
EV12404,Trivandrum,Level 2,Bike,100.84,260.62,Inactive,2025-04-08
EV12405,Delhi,Level 2,Car,93.24,139.66,Active,2025-08-07
EV12406,Trivandrum,DC Fast,Car,24.7,199.27,Inactive,2025-07-21
EV12407,Calicut,Fast,Bike,50.92,333.91,Active,2025-08-15
EV12408,Kochi,Slow,Bus,132.14,29.3,Active,2025-09-11
EV12409,Mumbai,DC Fast,Bike,130.06,410.82,Inactive,2025-09-07
EV12410,Trivandrum,Slow,Car,83.1,297.44,Inactive,2025-08-26
EV12411,Delhi,DC Fast,Car,243.59,31.19,Active,2025-06-03
EV12412,Delhi,DC Fast,Car,189.32,348.98,Active,2025-12-05
EV12413,Chennai,DC Fast,Car,55.78,177.46,Active,2025-12-28
EV12414,Bengaluru,Level 2,Car,222.0,280.3,Inactive,2025-02-14
EV12415,Calicut,DC Fast,Car,220.64,376.68,Inactive,2025-07-22
EV12416,Kochi,Fast,Bike,215.65,422.45,Inactive,2025-04-23
EV12417,Bengaluru,DC Fast,Bus,88.87,65.89,Active,2025-12-12
EV12418,Bengaluru,Level 2,Car,222.84,379.56,Inactive,2025-03-04
EV12419,Chennai,Level 2,Bus,188.14,359.68,Inactive,2025-07-23
EV12420,Delhi,Fast,Car,149.6,346.99,Inactive,2025-01-16
EV12421,Delhi,Fast,Car,64.2,380.56,Inactive,2025-11-19
EV12422,Bengaluru,DC Fast,Bus,189.88,53.07,Active,2025-12-25
EV12423,Chennai,Fast,Bike,45.3,95.03,Active,2025-04-04
EV12424,Mumbai,Fast,Car,29.12,50.46,Active,2025-04-09
EV12425,Kochi,Slow,Bike,162.78,115.42,Inactive,2025-07-28
EV12426,Hyderabad,Level 2,Bike,19.29,465.38,Active,2025-02-26
EV12427,Chennai,DC Fast,Bus,114.33,55.36,Inactive,2025-07-07
EV12428,Chennai,Fast,Bike,51.89,477.32,Inactive,2025-10-21
EV12429,Hyderabad,Level 2,Bus,140.74,57.76,Active,2025-02-21
EV12430,Chennai,Level 2,Car,72.08,92.15,Active,2025-06-08
EV12431,Trivandrum,Slow,Bike,16.61,461.2,Active,2025-03-31
EV12432,Chennai,Slow,Car,214.3,159.25,Inactive,2025-01-17
EV12433,Delhi,Level 2,Bike,52.34,48.53,Inactive,2025-03-02
EV12434,Calicut,Level 2,Bike,57.75,330.71,Inactive,2025-02-13
EV12435,Trivandrum,Slow,Bus,84.96,485.9,Inactive,2025-07-11
EV12436,Chennai,Level 2,Bike,95.75,387.44,Active,2025-10-07
EV12437,Chennai,Level 2,Bike,222.27,180.49,Active,2025-09-15
EV12438,Chennai,Fast,Bus,143.64,114.83,Active,2025-02-10
EV12439,Kochi,Level 2,Bike,133.61,253.88,Active,2025-01-26
EV12440,Chennai,Level 2,Car,249.95,407.68,Inactive,2025-01-18
EV12441,Calicut,DC Fast,Bus,239.17,218.66,Inactive,2025-02-23
EV12442,Mumbai,Fast,Bike,31.78,20.75,Inactive,2025-05-24
EV12443,Hyderabad,Level 2,Bus,190.44,452.56,Inactive,2025-04-14
EV12444,Kochi,Slow,Bike,78.85,390.65,Inactive,2025-08-15
EV12445,Mumbai,Fast,Bus,187.81,377.29,Active,2025-04-08
EV12446,Mumbai,Fast,Bus,172.11,452.48,Inactive,2025-02-20
EV12447,Bengaluru,Slow,Bike,184.89,487.02,Inactive,2025-08-16
EV12448,Delhi,Fast,Bus,128.52,80.92,Active,2025-05-05
EV12449,Delhi,Level 2,Car,19.34,352.99,Active,2025-06-04
EV12450,Mumbai,Fast,Car,244.75,330.83,Active,2025-10-28
EV12451,Calicut,Slow,Car,182.02,268.22,Inactive,2025-08-24
EV12452,Bengaluru,Slow,Bike,202.08,302.4,Active,2025-04-03
EV12453,Mumbai,DC Fast,Car,52.65,244.68,Active,2025-01-03
EV12454,Chennai,Slow,Car,233.17,365.95,Active,2025-07-12
EV12455,Hyderabad,Fast,Car,58.56,251.66,Inactive,2025-01-16
EV12456,Chennai,Fast,Car,248.24,113.5,Active,2025-09-26
EV12457,Delhi,Slow,Bike,44.01,328.43,Active,2025-06-28
EV12458,Hyderabad,Level 2,Bike,14.31,208.03,Active,2025-09-12
EV12459,Hyderabad,Fast,Bike,118.47,79.03,Inactive,2025-04-03
EV12460,Calicut,Fast,Bike,96.74,379.44,Active,2025-01-12
EV12461,Delhi,Slow,Bus,216.46,137.83,Active,2025-05-20
EV12462,Kochi,DC Fast,Car,55.49,120.63,Inactive,2025-03-16
EV12463,Bengaluru,Fast,Bus,52.69,39.7,Inactive,2025-12-07
EV12464,Bengaluru,Slow,Bus,101.55,268.96,Inactive,2025-05-27
EV12465,Trivandrum,Slow,Car,164.45,56.12,Inactive,2025-04-05
EV12466,Mumbai,DC Fast,Bus,197.2,492.36,Active,2025-09-05
EV12467,Chennai,Slow,Car,218.34,182.2,Active,2025-05-12
EV12468,Kochi,DC Fast,Car,28.28,366.23,Inactive,2025-08-15
EV12469,Chennai,Fast,Bus,92.91,180.95,Inactive,2025-02-14
EV12470,Kochi,Level 2,Bus,236.12,244.89,Inactive,2025-01-31
EV12471,Bengaluru,Level 2,Car,36.45,442.59,Active,2025-09-14
EV12472,Trivandrum,DC Fast,Bike,115.5,52.38,Active,2025-10-03
EV12473,Trivandrum,Slow,Bike,135.61,369.17,Active,2025-04-20
EV12474,Trivandrum,Slow,Bus,67.4,480.6,Active,2025-09-11
EV12475,Kochi,DC Fast,Bus,182.61,285.21,Inactive,2025-07-19
EV12476,Delhi,DC Fast,Car,185.79,283.88,Active,2025-02-05
EV12477,Trivandrum,DC Fast,Bus,228.74,165.14,Inactive,2025-12-14
EV12478,Trivandrum,Level 2,Car,241.82,483.94,Active,2025-10-24
EV12479,Hyderabad,Fast,Car,71.28,451.96,Inactive,2025-05-07
EV12480,Calicut,Slow,Car,161.34,408.9,Inactive,2025-02-05
EV12481,Hyderabad,DC Fast,Car,222.45,121.57,Inactive,2025-05-16
EV12482,Kochi,Slow,Bike,19.6,195.37,Inactive,2025-11-04
EV12483,Chennai,Level 2,Bike,99.07,370.31,Active,2025-09-28
EV12484,Chennai,Slow,Bus,34.52,400.33,Inactive,2025-05-29
EV12485,Bengaluru,Slow,Car,42.97,282.42,Active,2025-06-13
EV12486,Bengaluru,Fast,Bus,114.66,248.09,Active,2025-04-26
EV12487,Mumbai,Level 2,Car,221.53,220.1,Inactive,2025-02-04
EV12488,Trivandrum,DC Fast,Bike,114.35,243.49,Inactive,2025-02-22
EV12489,Delhi,Level 2,Car,62.19,57.36,Active,2025-10-06
EV12490,Delhi,Level 2,Bus,214.62,55.86,Active,2025-09-20
EV12491,Kochi,Level 2,Car,139.7,296.68,Active,2025-12-16
EV12492,Trivandrum,Slow,Bus,95.81,283.38,Active,2025-09-29
EV12493,Bengaluru,DC Fast,Bus,235.85,95.32,Active,2025-05-13
EV12494,Bengaluru,Level 2,Bike,127.25,422.8,Inactive,2025-03-01
EV12495,Bengaluru,Slow,Car,228.84,353.82,Active,2025-09-29
EV12496,Kochi,DC Fast,Bike,10.78,419.15,Active,2025-07-24
EV12497,Bengaluru,Slow,Car,34.35,398.13,Active,2025-08-01
EV12498,Bengaluru,Slow,Car,209.89,53.03,Active,2025-11-24
EV12499,Mumbai,Fast,Car,182.95,298.16,Active,2025-09-18
EV12500,Bengaluru,Level 2,Bike,121.97,423.11,Active,2025-08-07
EV12501,Hyderabad,Fast,Car,86.91,378.05,Active,2025-05-14
EV12502,Calicut,Fast,Bike,32.62,245.25,Inactive,2025-06-06
EV12503,Bengaluru,Fast,Bike,146.44,452.86,Active,2025-03-01
EV12504,Calicut,DC Fast,Bus,135.52,488.82,Active,2025-09-08
EV12505,Calicut,Level 2,Car,174.34,391.25,Active,2025-02-12
EV12506,Mumbai,Slow,Car,191.03,195.83,Active,2025-09-22
EV12507,Calicut,DC Fast,Bus,49.96,161.36,Inactive,2025-07-09
EV12508,Trivandrum,DC Fast,Car,88.9,332.46,Inactive,2025-10-05
EV12509,Trivandrum,Fast,Bus,140.64,92.4,Inactive,2025-09-18
EV12510,Mumbai,DC Fast,Bus,141.02,403.83,Active,2025-11-12
EV12511,Bengaluru,Level 2,Car,23.55,398.11,Inactive,2025-04-16
EV12512,Hyderabad,DC Fast,Bus,38.12,495.39,Inactive,2025-11-16
EV12513,Calicut,Level 2,Bus,198.38,440.89,Active,2025-07-06
EV12514,Kochi,Slow,Bike,101.49,429.89,Inactive,2025-01-14
EV12515,Mumbai,Fast,Bus,220.7,203.03,Active,2025-10-07
EV12516,Bengaluru,Level 2,Bike,98.12,425.47,Active,2025-09-15
EV12517,Mumbai,Fast,Bus,201.16,252.53,Active,2025-02-15
EV12518,Kochi,Level 2,Bus,50.48,113.62,Active,2025-07-12
EV12519,Kochi,DC Fast,Car,245.54,153.01,Active,2025-11-22
EV12520,Mumbai,Slow,Bike,127.96,475.27,Inactive,2025-04-05
EV12521,Kochi,DC Fast,Bus,223.05,120.52,Inactive,2025-08-21
EV12522,Delhi,Fast,Car,14.02,203.83,Active,2025-02-27
EV12523,Trivandrum,Slow,Car,147.55,300.73,Inactive,2025-08-20
EV12524,Calicut,Slow,Car,163.68,129.13,Inactive,2025-10-05
EV12525,Delhi,Fast,Bus,30.69,190.97,Active,2025-09-07
EV12526,Bengaluru,DC Fast,Car,35.26,67.38,Inactive,2025-11-12
EV12527,Calicut,DC Fast,Bus,22.25,238.34,Inactive,2025-02-14
EV12528,Bengaluru,DC Fast,Car,244.05,134.51,Active,2025-05-16
EV12529,Bengaluru,Level 2,Car,19.02,259.01,Inactive,2025-04-01
EV12530,Mumbai,Fast,Bike,154.76,63.62,Inactive,2025-02-08
EV12531,Hyderabad,Fast,Bus,14.18,24.5,Inactive,2025-09-15
EV12532,Hyderabad,Slow,Car,137.98,137.01,Inactive,2025-10-23
EV12533,Hyderabad,Slow,Car,114.0,293.24,Inactive,2025-08-02
EV12534,Chennai,Fast,Bus,40.57,341.52,Inactive,2025-07-26
EV12535,Delhi,Fast,Car,18.0,264.01,Active,2025-03-27
EV12536,Delhi,Fast,Car,225.52,449.43,Active,2025-02-17
EV12537,Hyderabad,Fast,Car,94.77,73.26,Active,2025-09-08
EV12538,Bengaluru,Level 2,Car,29.88,161.33,Active,2025-03-19
EV12539,Chennai,Fast,Bike,132.9,459.98,Inactive,2025-08-19
EV12540,Trivandrum,DC Fast,Bus,52.98,147.83,Active,2025-12-10
EV12541,Mumbai,Slow,Bus,139.98,231.87,Active,2025-08-15
EV12542,Mumbai,Fast,Bike,32.24,472.7,Inactive,2025-10-15
EV12543,Bengaluru,Fast,Bus,144.16,234.69,Inactive,2025-03-05
EV12544,Delhi,Fast,Bike,31.83,358.77,Active,2025-02-12
EV12545,Hyderabad,DC Fast,Car,82.62,171.81,Active,2025-08-26
EV12546,Hyderabad,Level 2,Bike,167.67,489.89,Active,2025-07-20
EV12547,Mumbai,Slow,Bike,20.7,55.72,Inactive,2025-09-23
EV12548,Delhi,DC Fast,Bike,93.07,93.67,Active,2025-06-03
EV12549,Mumbai,Level 2,Bike,118.95,357.82,Inactive,2025-12-28
EV12550,Delhi,Slow,Car,89.41,281.03,Inactive,2025-03-02
EV12551,Bengaluru,Fast,Bus,22.03,467.58,Active,2025-12-30
EV12552,Kochi,Level 2,Bus,29.25,205.85,Inactive,2025-02-25
EV12553,Kochi,Level 2,Bus,32.32,135.09,Active,2025-10-20
EV12554,Kochi,Slow,Bus,248.55,318.25,Inactive,2025-03-04
EV12555,Kochi,Fast,Bike,156.93,322.53,Active,2025-04-10
EV12556,Delhi,DC Fast,Bike,213.11,81.92,Inactive,2025-01-07
EV12557,Kochi,Fast,Bus,197.0,488.52,Inactive,2025-02-24
EV12558,Calicut,Fast,Car,166.06,183.48,Active,2025-05-18
EV12559,Bengaluru,Slow,Bike,187.31,469.55,Active,2025-07-17
EV12560,Mumbai,DC Fast,Bike,140.49,77.73,Inactive,2025-01-22
EV12561,Calicut,Slow,Bike,184.26,186.45,Inactive,2025-01-18
EV12562,Bengaluru,DC Fast,Bus,95.86,263.53,Active,2025-05-10
EV12563,Calicut,Slow,Car,67.44,434.5,Active,2025-06-29
EV12564,Hyderabad,Level 2,Car,167.22,352.86,Inactive,2025-06-28
EV12565,Mumbai,Slow,Bus,92.44,346.95,Inactive,2025-04-17
EV12566,Bengaluru,Fast,Bus,170.42,335.7,Inactive,2025-10-13
EV12567,Calicut,Level 2,Bus,209.34,132.02,Inactive,2025-08-31
EV12568,Kochi,Fast,Bus,59.14,231.75,Inactive,2025-03-25
EV12569,Calicut,Slow,Bus,227.74,26.49,Inactive,2025-08-03
EV12570,Delhi,DC Fast,Bike,175.19,383.34,Active,2025-01-15
EV12571,Chennai,Level 2,Bus,106.79,458.35,Inactive,2025-09-22
EV12572,Delhi,Level 2,Bike,81.05,124.63,Inactive,2025-02-25
EV12573,Bengaluru,Fast,Bus,132.33,261.14,Active,2025-04-25
EV12574,Bengaluru,Fast,Bike,160.45,167.27,Inactive,2025-02-13
EV12575,Kochi,Fast,Bus,121.68,168.84,Active,2025-09-04
EV12576,Hyderabad,DC Fast,Bus,122.4,304.84,Inactive,2025-10-09
EV12577,Delhi,DC Fast,Bike,229.07,84.77,Active,2025-08-12
EV12578,Hyderabad,DC Fast,Car,232.48,167.55,Active,2025-03-18
EV12579,Kochi,Level 2,Car,89.0,381.69,Inactive,2025-01-23
EV12580,Delhi,DC Fast,Bike,78.37,322.12,Inactive,2025-07-20
EV12581,Hyderabad,Slow,Car,174.07,156.88,Inactive,2025-12-20
EV12582,Mumbai,DC Fast,Bus,156.17,130.66,Active,2025-08-07
EV12583,Trivandrum,Level 2,Car,249.18,95.39,Active,2025-03-04
EV12584,Delhi,DC Fast,Bus,41.15,462.61,Inactive,2025-03-08
EV12585,Hyderabad,Fast,Bus,219.06,439.27,Active,2025-03-31
EV12586,Hyderabad,DC Fast,Car,108.56,255.24,Active,2025-08-30
EV12587,Trivandrum,Slow,Car,107.46,36.13,Inactive,2025-04-12
EV12588,Chennai,Fast,Bus,140.23,265.96,Inactive,2025-08-18
EV12589,Calicut,DC Fast,Bus,99.12,158.53,Active,2025-10-15
EV12590,Hyderabad,Slow,Bike,176.72,204.18,Inactive,2025-08-17
EV12591,Bengaluru,Fast,Bus,247.53,380.35,Inactive,2025-04-27
EV12592,Hyderabad,DC Fast,Car,170.89,423.89,Active,2025-07-15
EV12593,Kochi,Slow,Bike,205.7,169.27,Active,2025-10-24
EV12594,Calicut,Fast,Car,45.7,280.18,Inactive,2025-06-02
EV12595,Trivandrum,DC Fast,Bike,104.4,419.71,Active,2025-05-11
EV12596,Calicut,Fast,Bus,168.85,158.28,Inactive,2025-05-02
EV12597,Bengaluru,Level 2,Bike,32.49,447.18,Inactive,2025-12-15
EV12598,Chennai,Fast,Car,156.99,364.6,Active,2025-04-04
EV12599,Bengaluru,Fast,Bike,64.11,133.83,Active,2025-07-22
EV12600,Bengaluru,Level 2,Bus,13.59,496.84,Active,2025-09-16
EV12601,Chennai,Fast,Car,132.9,193.85,Active,2025-12-02
EV12602,Bengaluru,Fast,Car,54.93,437.24,Active,2025-03-23
EV12603,Chennai,Slow,Car,179.9,348.99,Inactive,2025-12-03
EV12604,Kochi,Level 2,Car,62.67,330.04,Active,2025-09-23
EV12605,Hyderabad,Level 2,Bike,127.43,145.25,Inactive,2025-04-22
EV12606,Hyderabad,Fast,Bus,29.63,391.1,Active,2025-12-25
EV12607,Calicut,DC Fast,Car,154.15,221.37,Inactive,2025-03-18
EV12608,Trivandrum,DC Fast,Bike,132.82,153.74,Inactive,2025-12-23
EV12609,Kochi,Fast,Car,248.39,432.52,Active,2025-05-10
EV12610,Trivandrum,Fast,Bus,60.31,476.94,Inactive,2025-02-16
EV12611,Hyderabad,Fast,Car,97.28,318.82,Inactive,2025-08-23
EV12612,Kochi,Slow,Bike,202.9,388.75,Active,2025-05-12
EV12613,Kochi,Level 2,Bike,105.09,131.28,Active,2025-01-01
EV12614,Kochi,DC Fast,Car,113.01,434.44,Active,2025-01-12
EV12615,Chennai,Level 2,Car,241.06,411.7,Inactive,2025-10-13
EV12616,Calicut,DC Fast,Bike,167.54,26.22,Active,2025-10-25
EV12617,Kochi,Fast,Bus,45.46,362.35,Inactive,2025-03-29
EV12618,Hyderabad,DC Fast,Bus,81.65,428.55,Active,2025-10-03
EV12619,Bengaluru,DC Fast,Bike,24.42,60.78,Active,2025-09-19
EV12620,Kochi,Fast,Bus,142.9,252.87,Inactive,2025-04-14
EV12621,Delhi,Level 2,Bike,62.4,204.11,Inactive,2025-05-29
EV12622,Chennai,Level 2,Bike,114.97,195.24,Active,2025-11-02
EV12623,Trivandrum,Fast,Bike,28.5,235.55,Active,2025-11-30
EV12624,Delhi,Fast,Car,145.77,342.69,Inactive,2025-09-07
EV12625,Delhi,DC Fast,Car,181.32,135.85,Active,2025-01-08
EV12626,Mumbai,Slow,Bus,198.89,231.49,Active,2025-01-21
EV12627,Chennai,Level 2,Bike,12.25,442.23,Inactive,2025-12-08
EV12628,Kochi,Level 2,Car,23.15,41.09,Active,2025-02-23
EV12629,Trivandrum,DC Fast,Bike,90.2,363.42,Active,2025-11-18
EV12630,Calicut,DC Fast,Bus,150.98,408.49,Inactive,2025-05-31
EV12631,Mumbai,Level 2,Bike,146.58,147.88,Active,2025-06-28
EV12632,Chennai,Slow,Bus,119.08,60.39,Active,2025-08-23
EV12633,Bengaluru,Level 2,Bike,89.67,222.83,Active,2025-10-17
EV12634,Calicut,Fast,Bus,102.82,117.31,Active,2025-08-24
EV12635,Hyderabad,Slow,Car,234.49,304.92,Inactive,2025-10-06
EV12636,Bengaluru,Level 2,Bike,41.19,107.79,Inactive,2025-12-19
EV12637,Chennai,Slow,Bike,36.25,140.13,Inactive,2025-08-18
EV12638,Calicut,DC Fast,Bus,191.54,254.2,Active,2025-07-26
EV12639,Calicut,Slow,Bus,59.68,357.94,Inactive,2025-05-16
EV12640,Calicut,Slow,Bus,166.66,248.0,Active,2025-12-12
EV12641,Bengaluru,DC Fast,Car,221.14,407.46,Inactive,2025-01-09
EV12642,Trivandrum,Level 2,Bike,87.16,104.57,Inactive,2025-06-24
EV12643,Kochi,DC Fast,Bike,205.23,168.51,Active,2025-04-30
EV12644,Delhi,Level 2,Car,104.1,42.26,Inactive,2025-11-07
EV12645,Delhi,Slow,Bike,26.99,137.27,Inactive,2025-02-05
EV12646,Hyderabad,Slow,Bike,112.07,73.34,Inactive,2025-10-24
EV12647,Delhi,Fast,Car,105.23,126.31,Active,2025-01-13
EV12648,Hyderabad,Fast,Bus,177.4,117.6,Active,2025-09-21
EV12649,Trivandrum,DC Fast,Car,213.42,203.99,Inactive,2025-06-12
EV12650,Kochi,Fast,Bike,224.45,71.77,Inactive,2025-07-09
EV12651,Delhi,DC Fast,Bus,99.3,439.19,Active,2025-11-27
EV12652,Hyderabad,Slow,Car,166.86,43.29,Active,2025-07-26
EV12653,Bengaluru,Slow,Bike,238.34,434.21,Inactive,2025-02-20
EV12654,Hyderabad,Fast,Bike,139.05,221.59,Inactive,2025-03-14
EV12655,Trivandrum,Level 2,Bus,202.07,182.41,Active,2025-12-28
EV12656,Hyderabad,DC Fast,Car,17.82,433.52,Inactive,2025-06-14
EV12657,Delhi,Level 2,Bus,89.47,399.21,Active,2025-12-16
EV12658,Hyderabad,Slow,Bike,214.24,48.75,Active,2025-01-26
EV12659,Bengaluru,Level 2,Car,127.52,421.15,Inactive,2025-06-07
EV12660,Calicut,Level 2,Car,179.68,431.2,Active,2025-06-21
EV12661,Delhi,Slow,Car,121.75,239.76,Inactive,2025-03-18
EV12662,Hyderabad,Fast,Bike,15.62,243.35,Active,2025-05-12
EV12663,Trivandrum,Level 2,Bike,124.71,162.74,Inactive,2025-03-26
EV12664,Delhi,Fast,Car,37.72,376.68,Inactive,2025-01-24
EV12665,Delhi,Fast,Car,228.5,361.78,Inactive,2025-03-17
EV12666,Calicut,DC Fast,Car,159.47,341.24,Active,2025-10-25
EV12667,Chennai,DC Fast,Bike,220.41,278.58,Inactive,2025-01-09
EV12668,Mumbai,Level 2,Bus,146.12,376.21,Active,2025-03-22
EV12669,Delhi,Level 2,Bike,216.65,345.68,Active,2025-05-15
EV12670,Trivandrum,Slow,Car,54.05,151.5,Active,2025-06-14
EV12671,Hyderabad,Fast,Bike,103.24,104.47,Inactive,2025-07-24
EV12672,Trivandrum,Fast,Bus,110.04,94.86,Active,2025-10-16
EV12673,Bengaluru,Level 2,Bike,113.92,494.12,Active,2025-07-03
EV12674,Mumbai,Fast,Bus,245.03,304.48,Active,2025-04-29
EV12675,Hyderabad,DC Fast,Bus,23.68,389.26,Active,2025-12-24
EV12676,Trivandrum,DC Fast,Car,120.24,409.55,Active,2025-04-23
EV12677,Kochi,Fast,Car,59.13,203.18,Inactive,2025-07-04
EV12678,Bengaluru,Level 2,Car,220.51,162.55,Active,2025-08-27
EV12679,Kochi,Fast,Bus,242.38,394.58,Inactive,2025-10-03
EV12680,Bengaluru,Fast,Bike,53.17,238.46,Inactive,2025-08-17
EV12681,Delhi,DC Fast,Bus,33.15,135.76,Active,2025-08-20
EV12682,Chennai,Slow,Bus,138.71,112.56,Inactive,2025-01-05
EV12683,Kochi,Slow,Car,148.53,467.67,Inactive,2025-09-27
EV12684,Delhi,Fast,Car,241.08,381.3,Active,2025-06-28
EV12685,Chennai,DC Fast,Car,14.81,212.92,Active,2025-03-30
EV12686,Delhi,Slow,Bus,41.88,53.36,Active,2025-10-08
EV12687,Bengaluru,Slow,Car,71.12,248.32,Inactive,2025-10-25
EV12688,Calicut,Slow,Bus,123.26,45.63,Inactive,2025-10-31
EV12689,Trivandrum,Slow,Bus,249.88,340.94,Inactive,2025-04-18
EV12690,Mumbai,Slow,Car,118.68,231.85,Inactive,2025-03-19
EV12691,Bengaluru,Fast,Bus,183.5,113.32,Inactive,2025-09-06
EV12692,Calicut,Level 2,Bike,49.05,64.56,Inactive,2025-04-25
EV12693,Kochi,Slow,Car,128.58,244.25,Active,2025-05-11
EV12694,Hyderabad,Slow,Bike,79.88,67.33,Active,2025-01-07
EV12695,Hyderabad,Slow,Bike,69.77,186.84,Inactive,2025-06-28
EV12696,Hyderabad,Slow,Bike,37.14,122.91,Inactive,2025-10-11
EV12697,Chennai,Slow,Bike,215.22,278.2,Active,2025-12-11
EV12698,Bengaluru,DC Fast,Bike,210.82,116.24,Active,2025-09-26
EV12699,Delhi,DC Fast,Bus,62.8,478.81,Inactive,2025-05-18
EV12700,Hyderabad,Fast,Car,167.1,190.64,Inactive,2025-12-23
EV12701,Mumbai,Fast,Bike,23.68,36.86,Inactive,2025-10-15
EV12702,Chennai,Slow,Car,145.54,322.55,Active,2025-10-31
EV12703,Chennai,Slow,Car,27.99,376.01,Inactive,2025-09-22
EV12704,Mumbai,Fast,Bus,98.67,282.15,Active,2025-05-28
EV12705,Calicut,Fast,Car,243.86,111.56,Inactive,2025-01-29
EV12706,Kochi,Fast,Bus,138.39,23.18,Active,2025-01-05
EV12707,Bengaluru,Fast,Bike,123.42,366.21,Active,2025-01-13
EV12708,Kochi,Level 2,Bus,137.95,390.76,Active,2025-04-15
EV12709,Calicut,Slow,Bike,15.17,214.1,Inactive,2025-02-16
EV12710,Calicut,Slow,Bike,36.69,126.05,Active,2025-12-24
EV12711,Hyderabad,DC Fast,Bus,145.21,449.18,Inactive,2025-10-15
EV12712,Mumbai,Level 2,Bus,151.53,360.31,Inactive,2025-07-22
EV12713,Delhi,Level 2,Car,157.82,221.76,Active,2025-10-15
EV12714,Chennai,DC Fast,Bus,49.89,119.66,Active,2025-04-22
EV12715,Mumbai,Level 2,Bike,33.42,404.8,Inactive,2025-08-16
EV12716,Hyderabad,Fast,Bike,15.46,258.57,Active,2025-01-16
EV12717,Delhi,Level 2,Car,98.34,235.03,Inactive,2025-01-28
EV12718,Bengaluru,Slow,Bus,188.58,319.28,Active,2025-03-29
EV12719,Delhi,Level 2,Bike,142.26,200.61,Inactive,2025-12-01
EV12720,Trivandrum,Slow,Bus,45.55,158.07,Active,2025-12-30
EV12721,Hyderabad,Level 2,Car,162.27,408.94,Inactive,2025-08-26
EV12722,Hyderabad,DC Fast,Bike,109.59,114.3,Active,2025-03-14
EV12723,Bengaluru,Slow,Car,246.84,469.24,Active,2025-04-23
EV12724,Chennai,Fast,Bus,121.44,22.76,Active,2025-03-16
EV12725,Bengaluru,Slow,Car,55.86,352.36,Inactive,2025-08-08
EV12726,Bengaluru,Fast,Car,120.8,229.16,Active,2025-04-29
EV12727,Calicut,Fast,Bike,237.99,246.91,Inactive,2025-10-24
EV12728,Hyderabad,Level 2,Bike,211.43,174.58,Active,2025-05-04
EV12729,Delhi,Level 2,Bus,93.83,475.71,Inactive,2025-05-13
EV12730,Mumbai,DC Fast,Bus,104.37,159.81,Inactive,2025-12-24
EV12731,Calicut,Level 2,Car,225.55,408.19,Inactive,2025-02-28
EV12732,Calicut,Fast,Car,159.86,426.52,Active,2025-12-27
EV12733,Trivandrum,Slow,Bike,10.99,467.88,Inactive,2025-11-06
EV12734,Mumbai,Fast,Bus,220.04,282.96,Active,2025-07-18
EV12735,Mumbai,DC Fast,Car,109.67,458.4,Active,2025-04-22
EV12736,Kochi,Fast,Car,139.56,468.28,Active,2025-09-22
EV12737,Hyderabad,Fast,Bus,227.07,314.35,Inactive,2025-03-01
EV12738,Bengaluru,Level 2,Car,91.0,344.61,Inactive,2025-09-23
EV12739,Trivandrum,Slow,Bike,104.12,485.05,Inactive,2025-12-29
EV12740,Calicut,Fast,Bike,70.2,392.68,Active,2025-06-22
EV12741,Calicut,Slow,Car,79.49,473.26,Active,2025-11-28
EV12742,Kochi,Slow,Bus,146.57,35.21,Inactive,2025-11-23
EV12743,Trivandrum,Level 2,Bike,233.16,356.28,Inactive,2025-12-13
EV12744,Delhi,Slow,Bus,98.55,224.37,Active,2025-07-27
EV12745,Calicut,Slow,Bus,130.13,232.89,Inactive,2025-02-02
EV12746,Calicut,Fast,Bus,59.25,28.78,Active,2025-12-13
EV12747,Kochi,Level 2,Car,27.91,136.07,Inactive,2025-09-03
EV12748,Kochi,Slow,Bus,45.91,407.75,Active,2025-08-31
EV12749,Mumbai,Fast,Bus,24.03,350.93,Inactive,2025-05-10
EV12750,Delhi,Fast,Car,95.74,178.81,Inactive,2025-03-21
EV12751,Bengaluru,DC Fast,Bus,199.99,87.12,Active,2025-10-09
EV12752,Delhi,DC Fast,Bike,83.25,342.42,Inactive,2025-08-21
EV12753,Bengaluru,DC Fast,Bus,31.15,449.53,Active,2025-08-01
EV12754,Delhi,Fast,Car,59.26,402.2,Inactive,2025-04-16
EV12755,Trivandrum,Level 2,Car,47.68,266.07,Active,2025-07-02
EV12756,Calicut,Level 2,Car,141.03,115.11,Inactive,2025-08-18
EV12757,Kochi,DC Fast,Bike,162.69,487.81,Active,2025-11-11
EV12758,Bengaluru,DC Fast,Car,16.76,394.08,Inactive,2025-11-25
EV12759,Delhi,Level 2,Car,123.98,291.52,Active,2025-10-19
EV12760,Calicut,DC Fast,Car,219.71,411.13,Active,2025-10-11
EV12761,Mumbai,Level 2,Bike,136.6,324.11,Active,2025-01-13
EV12762,Trivandrum,Slow,Car,243.08,337.77,Inactive,2025-05-18
EV12763,Chennai,DC Fast,Bike,15.37,182.75,Inactive,2025-02-09
EV12764,Hyderabad,Slow,Car,61.13,171.75,Active,2025-04-20
EV12765,Kochi,Level 2,Bike,35.07,287.8,Inactive,2025-01-03
EV12766,Bengaluru,Level 2,Car,117.91,213.88,Active,2025-05-11
EV12767,Kochi,Fast,Bike,15.72,358.69,Active,2025-01-05
EV12768,Kochi,DC Fast,Bus,68.16,325.95,Inactive,2025-11-24
EV12769,Mumbai,Level 2,Bus,30.02,467.25,Active,2025-07-29
EV12770,Trivandrum,Level 2,Bus,236.46,236.18,Active,2025-04-20
EV12771,Bengaluru,Slow,Bike,153.74,485.06,Active,2025-04-06
EV12772,Mumbai,Level 2,Bike,127.12,113.64,Inactive,2025-12-23
EV12773,Trivandrum,Fast,Car,131.37,478.67,Inactive,2025-01-26
EV12774,Calicut,Slow,Bike,146.99,184.78,Inactive,2025-09-06
EV12775,Trivandrum,DC Fast,Bike,41.75,21.28,Active,2025-01-13
EV12776,Kochi,DC Fast,Car,83.28,111.08,Inactive,2025-02-13
EV12777,Delhi,DC Fast,Car,107.3,245.62,Inactive,2025-11-21
EV12778,Trivandrum,Fast,Bus,64.33,495.5,Inactive,2025-09-18
EV12779,Chennai,Level 2,Bike,59.16,68.39,Inactive,2025-02-12
EV12780,Delhi,Fast,Car,229.33,128.52,Inactive,2025-01-11
EV12781,Hyderabad,Slow,Bus,115.19,49.49,Active,2025-08-11
EV12782,Chennai,Slow,Bike,160.49,457.56,Active,2025-03-17
EV12783,Mumbai,Level 2,Car,116.67,129.66,Active,2025-05-03
EV12784,Trivandrum,Level 2,Car,227.14,229.42,Inactive,2025-10-19
EV12785,Hyderabad,DC Fast,Bus,191.18,230.19,Inactive,2025-12-02
EV12786,Bengaluru,Slow,Car,84.3,288.14,Inactive,2025-01-01
EV12787,Mumbai,Slow,Bus,145.34,298.4,Inactive,2025-12-07
EV12788,Chennai,DC Fast,Bike,237.24,412.76,Active,2025-04-17
EV12789,Chennai,Fast,Bike,203.93,135.86,Inactive,2025-10-09
EV12790,Kochi,Fast,Bike,55.4,89.67,Inactive,2025-07-04
EV12791,Bengaluru,DC Fast,Bike,177.89,493.36,Active,2025-07-13
EV12792,Trivandrum,DC Fast,Bike,228.3,364.24,Inactive,2025-08-20
EV12793,Kochi,Level 2,Car,147.56,228.65,Active,2025-01-23
EV12794,Hyderabad,DC Fast,Car,75.8,301.18,Active,2025-03-12
EV12795,Kochi,Slow,Bus,97.61,467.31,Inactive,2025-10-17
EV12796,Bengaluru,DC Fast,Bike,20.85,189.26,Active,2025-10-22
EV12797,Kochi,Fast,Bus,104.88,76.06,Active,2025-03-09
EV12798,Trivandrum,Fast,Bus,14.71,211.5,Inactive,2025-10-22
EV12799,Calicut,DC Fast,Bike,208.59,205.87,Active,2025-02-12
EV12800,Chennai,DC Fast,Bike,108.28,399.45,Active,2025-08-13
EV12801,Calicut,Fast,Bus,227.63,375.41,Active,2025-04-17
EV12802,Hyderabad,Fast,Car,249.99,483.59,Inactive,2025-08-10
EV12803,Delhi,DC Fast,Bus,118.28,293.84,Inactive,2025-01-23
EV12804,Bengaluru,DC Fast,Bus,35.01,171.47,Inactive,2025-10-25
EV12805,Bengaluru,DC Fast,Car,102.09,374.94,Inactive,2025-12-06
EV12806,Hyderabad,DC Fast,Bus,90.91,87.65,Inactive,2025-04-14
EV12807,Delhi,Level 2,Bike,142.66,327.03,Active,2025-08-30
EV12808,Mumbai,Slow,Bike,85.83,20.65,Active,2025-02-18
EV12809,Delhi,Slow,Bike,188.38,30.76,Inactive,2025-09-03
EV12810,Chennai,Slow,Bike,243.03,440.63,Active,2025-11-14
EV12811,Chennai,DC Fast,Bus,167.78,459.67,Inactive,2025-01-21
EV12812,Mumbai,Slow,Bus,105.86,50.02,Active,2025-03-05
EV12813,Kochi,Slow,Car,249.14,383.79,Active,2025-08-18
EV12814,Trivandrum,Fast,Bike,168.46,163.84,Inactive,2025-05-08
EV12815,Delhi,Slow,Bike,119.41,220.41,Active,2025-11-05
EV12816,Hyderabad,Fast,Bike,35.54,493.61,Inactive,2025-06-17
EV12817,Hyderabad,Fast,Car,110.46,77.04,Active,2025-11-09
EV12818,Trivandrum,Level 2,Car,214.37,458.05,Inactive,2025-10-22
EV12819,Mumbai,Level 2,Bike,15.71,421.91,Active,2025-04-20
EV12820,Chennai,DC Fast,Bike,209.29,92.42,Inactive,2025-01-02
EV12821,Bengaluru,Fast,Bike,28.87,101.99,Inactive,2025-06-21
EV12822,Mumbai,Fast,Car,143.83,100.53,Active,2025-12-08
EV12823,Chennai,Fast,Car,25.51,435.92,Active,2025-04-06
EV12824,Chennai,Slow,Bike,126.22,291.92,Inactive,2025-01-10
EV12825,Chennai,Fast,Car,142.67,148.91,Inactive,2025-07-09
EV12826,Delhi,Level 2,Car,155.05,340.13,Inactive,2025-10-04
EV12827,Trivandrum,Fast,Bus,174.29,165.09,Inactive,2025-07-05
EV12828,Chennai,Level 2,Bike,235.51,199.42,Inactive,2025-11-17
EV12829,Mumbai,Level 2,Bike,149.28,495.33,Inactive,2025-11-18
EV12830,Bengaluru,Fast,Bike,158.16,296.86,Active,2025-10-15
EV12831,Calicut,Fast,Bike,241.05,475.22,Inactive,2025-09-14
EV12832,Calicut,Fast,Bus,68.96,212.81,Inactive,2025-10-22
EV12833,Hyderabad,Slow,Bus,209.54,188.16,Inactive,2025-06-22
EV12834,Mumbai,Level 2,Bike,175.3,192.99,Active,2025-02-17
EV12835,Kochi,DC Fast,Bus,152.36,236.1,Active,2025-03-29
EV12836,Calicut,Fast,Bus,243.41,180.5,Inactive,2025-01-29
EV12837,Chennai,Level 2,Bike,191.19,168.49,Active,2025-10-27
EV12838,Bengaluru,DC Fast,Car,76.51,443.13,Active,2025-06-24
EV12839,Kochi,DC Fast,Car,155.58,147.63,Active,2025-12-05
EV12840,Kochi,DC Fast,Bike,243.81,397.56,Inactive,2025-05-10
EV12841,Bengaluru,Fast,Bus,88.42,227.73,Inactive,2025-10-09
EV12842,Hyderabad,Fast,Car,186.49,108.78,Active,2025-02-12
EV12843,Chennai,Slow,Car,94.96,191.19,Active,2025-04-07
EV12844,Hyderabad,Slow,Car,103.28,403.49,Active,2025-03-08
EV12845,Trivandrum,Slow,Bus,10.37,71.93,Active,2025-03-11
EV12846,Calicut,DC Fast,Bike,171.98,489.63,Inactive,2025-06-08
EV12847,Chennai,DC Fast,Bus,84.48,405.85,Inactive,2025-03-09
EV12848,Chennai,DC Fast,Bike,136.52,197.39,Inactive,2025-05-23
EV12849,Calicut,Fast,Bus,146.27,306.33,Inactive,2025-05-30
EV12850,Calicut,DC Fast,Bike,117.54,461.22,Active,2025-07-10
EV12851,Chennai,Level 2,Bike,162.83,307.92,Active,2025-09-28
EV12852,Trivandrum,Fast,Bike,236.63,148.86,Active,2025-04-27
EV12853,Bengaluru,DC Fast,Bike,77.25,279.21,Active,2025-06-10
EV12854,Kochi,DC Fast,Bike,72.18,180.98,Active,2025-06-07
EV12855,Hyderabad,Fast,Bus,47.22,116.59,Inactive,2025-04-03
EV12856,Bengaluru,Slow,Car,35.12,131.48,Inactive,2025-03-10
EV12857,Hyderabad,Slow,Bus,89.8,420.61,Inactive,2025-05-21
EV12858,Chennai,DC Fast,Bus,168.27,310.92,Active,2025-09-27
EV12859,Mumbai,Fast,Car,177.85,234.29,Inactive,2025-08-23
EV12860,Calicut,Fast,Bus,220.56,32.98,Inactive,2025-02-22
EV12861,Calicut,DC Fast,Bus,118.64,289.49,Active,2025-09-08
EV12862,Chennai,Slow,Bike,40.1,172.12,Inactive,2025-02-21
EV12863,Hyderabad,Level 2,Bus,45.65,128.8,Inactive,2025-01-13
EV12864,Hyderabad,Level 2,Bike,170.47,60.39,Inactive,2025-06-21
EV12865,Kochi,Slow,Bike,129.67,444.38,Active,2025-06-22
EV12866,Bengaluru,DC Fast,Bus,90.69,461.02,Active,2025-08-10
EV12867,Mumbai,DC Fast,Car,242.79,171.38,Inactive,2025-02-08
EV12868,Chennai,Slow,Car,168.92,420.63,Active,2025-06-07
EV12869,Calicut,Level 2,Car,49.93,73.13,Active,2025-10-08
EV12870,Kochi,Level 2,Car,39.89,405.28,Active,2025-06-27
EV12871,Calicut,Slow,Car,176.43,220.85,Active,2025-02-27
EV12872,Mumbai,Slow,Bike,132.98,337.41,Inactive,2025-12-29
EV12873,Kochi,Level 2,Bus,211.86,148.05,Inactive,2025-02-26
EV12874,Chennai,DC Fast,Car,89.64,74.5,Active,2025-12-14
EV12875,Delhi,Slow,Bus,197.88,495.03,Inactive,2025-08-29
EV12876,Chennai,Slow,Bus,151.04,223.63,Inactive,2025-01-31
EV12877,Mumbai,Slow,Bus,226.2,416.62,Inactive,2025-08-02
EV12878,Hyderabad,Level 2,Bike,76.48,459.53,Active,2025-03-22
EV12879,Calicut,DC Fast,Bike,112.08,22.52,Active,2025-07-21
EV12880,Chennai,Level 2,Bus,91.68,314.39,Inactive,2025-10-07
EV12881,Trivandrum,Level 2,Bus,73.93,277.41,Inactive,2025-04-26
EV12882,Kochi,Slow,Bus,191.94,450.84,Inactive,2025-01-17
EV12883,Mumbai,Fast,Bus,167.7,67.73,Active,2025-11-28
EV12884,Hyderabad,Slow,Bike,239.01,124.35,Inactive,2025-03-01
EV12885,Delhi,Fast,Car,78.18,207.58,Inactive,2025-08-05
EV12886,Trivandrum,DC Fast,Bus,131.72,97.86,Inactive,2025-12-21
EV12887,Chennai,Level 2,Car,243.58,197.6,Active,2025-03-09
EV12888,Trivandrum,Slow,Car,56.38,383.96,Active,2025-12-17
EV12889,Bengaluru,DC Fast,Bus,31.98,409.39,Inactive,2025-12-08
EV12890,Kochi,Slow,Bike,103.02,427.43,Active,2025-07-04
EV12891,Trivandrum,Level 2,Car,44.04,256.56,Inactive,2025-01-03
EV12892,Calicut,Fast,Bike,239.87,405.63,Active,2025-10-24
EV12893,Bengaluru,Slow,Bike,241.07,261.59,Active,2025-11-16
EV12894,Chennai,Fast,Bike,119.03,66.87,Active,2025-01-01
EV12895,Kochi,Fast,Bus,198.52,368.99,Active,2025-05-01
EV12896,Mumbai,DC Fast,Bus,39.53,85.3,Active,2025-01-30
EV12897,Trivandrum,Fast,Car,86.36,161.09,Inactive,2025-06-05
EV12898,Kochi,Fast,Bus,97.97,75.65,Active,2025-09-16
EV12899,Mumbai,Fast,Bike,210.68,242.05,Inactive,2025-09-24
EV12900,Bengaluru,Fast,Bike,205.7,256.35,Active,2025-11-06
EV12901,Delhi,DC Fast,Car,210.33,167.05,Inactive,2025-10-03
EV12902,Kochi,Fast,Bike,151.27,25.12,Inactive,2025-12-15
EV12903,Chennai,DC Fast,Bike,46.84,124.1,Active,2025-07-12
EV12904,Delhi,DC Fast,Bus,203.62,95.12,Inactive,2025-01-18
EV12905,Mumbai,DC Fast,Bike,73.7,225.2,Inactive,2025-10-05
EV12906,Delhi,Slow,Bike,72.32,370.08,Active,2025-09-08
EV12907,Kochi,Fast,Car,238.41,227.2,Inactive,2025-05-17
EV12908,Mumbai,Level 2,Bus,174.73,476.92,Inactive,2025-02-17
EV12909,Delhi,Level 2,Car,38.86,123.47,Active,2025-02-01
EV12910,Chennai,Slow,Bus,78.01,409.44,Active,2025-06-13
EV12911,Chennai,Level 2,Bus,111.09,21.97,Inactive,2025-01-24
EV12912,Delhi,Slow,Car,45.82,163.57,Inactive,2025-11-27
EV12913,Hyderabad,DC Fast,Car,46.96,489.71,Active,2025-12-18
EV12914,Calicut,Fast,Bike,183.96,299.57,Inactive,2025-04-12
EV12915,Calicut,Fast,Car,226.84,80.42,Inactive,2025-05-17
EV12916,Trivandrum,DC Fast,Car,131.38,35.92,Active,2025-11-12
EV12917,Chennai,Slow,Bike,99.69,404.9,Inactive,2025-01-18
EV12918,Chennai,Fast,Bike,129.27,493.78,Inactive,2025-07-27
EV12919,Kochi,DC Fast,Bus,15.89,338.87,Active,2025-06-30
EV12920,Trivandrum,DC Fast,Car,242.05,411.51,Active,2025-08-19
EV12921,Kochi,Fast,Car,41.11,314.88,Active,2025-01-16
EV12922,Delhi,Level 2,Bike,169.8,371.04,Active,2025-06-29
EV12923,Kochi,Slow,Bus,133.67,107.63,Active,2025-07-23
EV12924,Delhi,Slow,Car,16.52,307.56,Active,2025-04-18
EV12925,Mumbai,DC Fast,Car,124.07,382.07,Active,2025-09-22
EV12926,Trivandrum,DC Fast,Bus,196.18,115.63,Active,2025-07-17
EV12927,Calicut,Slow,Car,138.23,218.49,Inactive,2025-11-17
EV12928,Hyderabad,Level 2,Bike,58.4,306.73,Inactive,2025-10-03
EV12929,Mumbai,Fast,Bus,199.44,266.53,Active,2025-06-03
EV12930,Hyderabad,Slow,Bike,229.93,384.33,Active,2025-07-10
EV12931,Hyderabad,DC Fast,Bike,179.79,444.83,Active,2025-07-20
EV12932,Hyderabad,Fast,Bus,218.01,242.4,Active,2025-07-23
EV12933,Hyderabad,Slow,Car,219.35,171.04,Inactive,2025-04-17
EV12934,Trivandrum,Fast,Bike,216.47,175.66,Inactive,2025-05-27
EV12935,Kochi,Fast,Car,39.47,338.5,Active,2025-10-06
EV12936,Delhi,Slow,Bike,10.69,404.67,Active,2025-09-24
EV12937,Kochi,Slow,Car,222.42,228.74,Active,2025-08-27
EV12938,Calicut,DC Fast,Bike,34.57,314.35,Inactive,2025-05-15
EV12939,Hyderabad,Slow,Bus,238.79,20.02,Active,2025-10-11
EV12940,Kochi,Slow,Car,117.0,360.44,Inactive,2025-07-20
EV12941,Mumbai,DC Fast,Car,77.15,272.81,Active,2025-10-18
EV12942,Mumbai,Level 2,Bike,242.87,344.37,Active,2025-10-07
EV12943,Kochi,Slow,Bus,174.9,364.81,Active,2025-10-17
EV12944,Calicut,Fast,Bike,77.69,395.82,Inactive,2025-11-14
EV12945,Chennai,Level 2,Bus,219.29,44.44,Inactive,2025-08-09
EV12946,Delhi,Slow,Bike,182.83,390.06,Inactive,2025-10-25
EV12947,Bengaluru,Slow,Car,77.75,270.54,Inactive,2025-01-28
EV12948,Chennai,DC Fast,Bus,112.28,35.67,Inactive,2025-08-16
EV12949,Mumbai,Slow,Car,29.25,332.95,Inactive,2025-10-26
EV12950,Calicut,Fast,Bus,75.22,431.22,Active,2025-01-23
EV12951,Bengaluru,DC Fast,Bus,157.04,78.88,Inactive,2025-03-25
EV12952,Kochi,Fast,Car,158.87,478.79,Inactive,2025-08-25
EV12953,Hyderabad,Level 2,Car,31.87,230.24,Inactive,2025-06-06
EV12954,Hyderabad,Fast,Bike,53.62,384.83,Active,2025-11-20
EV12955,Mumbai,Fast,Bus,152.32,494.38,Inactive,2025-08-16
EV12956,Kochi,Level 2,Bus,48.72,159.8,Inactive,2025-12-27
EV12957,Chennai,Slow,Car,84.38,454.8,Inactive,2025-05-30
EV12958,Calicut,DC Fast,Car,165.94,54.51,Active,2025-07-14
EV12959,Bengaluru,Fast,Bike,235.05,99.79,Active,2025-01-23
EV12960,Chennai,Level 2,Bike,202.07,150.11,Inactive,2025-12-02
EV12961,Calicut,Level 2,Bus,54.17,176.22,Active,2025-08-08
EV12962,Delhi,Fast,Bike,106.72,109.51,Active,2025-01-28
EV12963,Calicut,Fast,Bus,59.54,233.56,Active,2025-03-17
EV12964,Mumbai,Fast,Bus,167.9,340.98,Inactive,2025-06-04
EV12965,Calicut,Level 2,Bus,14.53,329.52,Active,2025-10-02
EV12966,Delhi,Fast,Bus,23.62,401.6,Inactive,2025-09-27
EV12967,Trivandrum,Fast,Car,54.0,408.31,Inactive,2025-04-03
EV12968,Hyderabad,DC Fast,Car,89.81,102.04,Inactive,2025-04-02
EV12969,Delhi,Slow,Bike,155.82,146.35,Active,2025-03-10
EV12970,Bengaluru,Level 2,Bike,87.96,399.83,Active,2025-01-03
EV12971,Trivandrum,DC Fast,Car,144.34,165.29,Active,2025-11-11
EV12972,Chennai,DC Fast,Car,164.01,253.79,Inactive,2025-04-23
EV12973,Mumbai,Fast,Car,234.93,223.14,Active,2025-10-21
EV12974,Hyderabad,Slow,Bus,207.33,472.56,Inactive,2025-08-17
EV12975,Calicut,Level 2,Car,114.18,347.2,Inactive,2025-12-18
EV12976,Chennai,DC Fast,Bike,158.57,316.85,Active,2025-09-06
EV12977,Mumbai,Slow,Bus,85.92,188.58,Active,2025-12-06
EV12978,Mumbai,Level 2,Bus,182.82,37.82,Inactive,2025-08-29
EV12979,Delhi,DC Fast,Car,208.58,234.71,Inactive,2025-10-11
EV12980,Calicut,Slow,Car,145.31,149.9,Inactive,2025-07-30
EV12981,Chennai,Fast,Bike,154.1,470.91,Inactive,2025-05-21
EV12982,Mumbai,Level 2,Bus,163.51,469.21,Inactive,2025-04-12
EV12983,Chennai,DC Fast,Bike,228.03,412.12,Active,2025-10-05
EV12984,Chennai,Slow,Bike,162.48,282.81,Inactive,2025-10-06
EV12985,Trivandrum,DC Fast,Bike,80.94,264.64,Inactive,2025-01-26
EV12986,Calicut,Slow,Bike,80.71,110.64,Inactive,2025-06-04
EV12987,Hyderabad,Level 2,Bus,197.8,171.11,Active,2025-03-12
EV12988,Chennai,Slow,Bus,80.54,161.68,Active,2025-03-06
EV12989,Delhi,Slow,Car,208.85,256.11,Inactive,2025-11-18
EV12990,Hyderabad,DC Fast,Bike,48.71,106.11,Active,2025-12-02
EV12991,Delhi,DC Fast,Car,182.9,422.79,Inactive,2025-07-30
EV12992,Hyderabad,Slow,Bike,146.44,452.91,Active,2025-08-14
EV12993,Bengaluru,Slow,Car,75.37,350.83,Inactive,2025-05-26
EV12994,Trivandrum,Fast,Car,54.28,188.42,Active,2025-10-29
EV12995,Mumbai,Level 2,Car,229.24,147.34,Active,2025-01-01
EV12996,Hyderabad,Fast,Bike,220.48,275.97,Active,2025-03-04
EV12997,Hyderabad,DC Fast,Bus,50.41,320.96,Inactive,2025-09-17
EV12998,Chennai,Slow,Bus,184.58,27.68,Inactive,2025-08-29
EV12999,Kochi,Slow,Bike,141.35,31.4,Inactive,2025-02-17
EV13000,Kochi,DC Fast,Car,23.78,426.2,Inactive,2025-04-18
EV13001,Calicut,Slow,Bike,101.86,368.58,Inactive,2025-12-27
EV13002,Chennai,Slow,Bike,86.37,284.01,Active,2025-12-03
EV13003,Trivandrum,DC Fast,Car,119.29,134.97,Inactive,2025-11-30
EV13004,Kochi,Slow,Bus,232.06,274.05,Inactive,2025-11-12
EV13005,Mumbai,Fast,Bus,121.57,215.69,Active,2025-11-01
EV13006,Kochi,Fast,Bike,238.58,438.2,Active,2025-07-30
EV13007,Calicut,Fast,Bus,52.07,48.46,Inactive,2025-04-13
EV13008,Bengaluru,Fast,Bus,151.02,139.67,Inactive,2025-11-26
EV13009,Mumbai,Fast,Bike,86.43,99.51,Active,2025-12-02
EV13010,Chennai,Fast,Bike,131.63,137.51,Active,2025-07-06
EV13011,Mumbai,Level 2,Car,34.97,105.86,Inactive,2025-03-20
EV13012,Calicut,Fast,Bus,34.96,374.05,Inactive,2025-09-19
EV13013,Delhi,Fast,Bike,196.84,228.88,Active,2025-09-19
EV13014,Chennai,DC Fast,Bike,127.87,236.69,Inactive,2025-09-21
EV13015,Trivandrum,Level 2,Bike,94.71,466.02,Inactive,2025-02-23
EV13016,Chennai,Slow,Bus,16.81,164.54,Active,2025-07-07
EV13017,Trivandrum,Fast,Bus,143.13,117.32,Inactive,2025-10-21
EV13018,Delhi,Level 2,Bike,204.24,212.74,Inactive,2025-10-16
EV13019,Delhi,Fast,Bike,60.88,460.9,Active,2025-11-18
EV13020,Chennai,Fast,Bike,122.1,417.85,Inactive,2025-06-19
EV13021,Bengaluru,Slow,Bike,60.22,278.99,Active,2025-07-23
EV13022,Trivandrum,Level 2,Bus,71.04,324.41,Inactive,2025-09-22
EV13023,Trivandrum,Fast,Bus,48.75,318.86,Active,2025-03-26
EV13024,Chennai,Slow,Car,160.89,253.66,Active,2025-02-01
EV13025,Trivandrum,Fast,Bus,88.5,388.86,Active,2025-12-11
EV13026,Trivandrum,Level 2,Bus,203.1,49.11,Inactive,2025-09-22
EV13027,Hyderabad,Fast,Bike,231.52,40.3,Inactive,2025-04-06
EV13028,Delhi,Fast,Bus,114.96,386.36,Active,2025-09-27
EV13029,Bengaluru,Fast,Car,139.31,157.22,Active,2025-09-03
EV13030,Calicut,Fast,Car,123.15,310.01,Inactive,2025-05-15
EV13031,Mumbai,Fast,Bike,28.41,133.99,Active,2025-03-17
EV13032,Mumbai,Fast,Bike,104.35,304.58,Active,2025-01-12
EV13033,Bengaluru,Fast,Bus,155.04,342.07,Active,2025-03-07
EV13034,Hyderabad,Fast,Car,235.05,388.96,Inactive,2025-01-16
EV13035,Mumbai,Level 2,Car,145.93,106.83,Inactive,2025-09-14
EV13036,Bengaluru,Level 2,Car,242.77,426.03,Active,2025-06-29
EV13037,Calicut,DC Fast,Bus,18.96,132.79,Active,2025-03-15
EV13038,Chennai,Fast,Car,27.24,147.57,Inactive,2025-03-11
EV13039,Bengaluru,DC Fast,Car,119.96,135.45,Active,2025-10-04
EV13040,Hyderabad,Fast,Bike,12.54,120.79,Active,2025-12-14
EV13041,Chennai,Slow,Car,197.13,480.0,Active,2025-03-24
EV13042,Chennai,Fast,Car,196.73,361.5,Active,2025-07-31
EV13043,Hyderabad,Fast,Bike,31.84,303.06,Active,2025-07-02
EV13044,Delhi,Level 2,Bike,100.94,477.58,Active,2025-11-23
EV13045,Trivandrum,Slow,Bike,44.74,211.33,Active,2025-11-10
EV13046,Chennai,Slow,Bike,140.52,109.76,Inactive,2025-05-11
EV13047,Bengaluru,Level 2,Bike,76.18,338.37,Active,2025-11-19
EV13048,Trivandrum,DC Fast,Bike,241.49,435.57,Active,2025-06-16
EV13049,Calicut,Level 2,Bus,132.22,441.87,Inactive,2025-05-04
EV13050,Hyderabad,DC Fast,Bike,190.12,169.52,Inactive,2025-09-08
EV13051,Chennai,Fast,Bus,180.13,240.32,Inactive,2025-12-21
EV13052,Chennai,Level 2,Bike,166.26,343.42,Active,2025-09-30
EV13053,Delhi,Fast,Bus,231.57,271.01,Inactive,2025-07-31
EV13054,Bengaluru,Level 2,Car,97.84,194.24,Inactive,2025-09-07
EV13055,Delhi,Slow,Car,151.41,105.2,Inactive,2025-09-26
EV13056,Chennai,Fast,Bus,75.17,392.26,Inactive,2025-01-07
EV13057,Calicut,DC Fast,Bike,27.18,399.83,Inactive,2025-02-25
EV13058,Chennai,DC Fast,Bike,145.11,127.08,Inactive,2025-01-19
EV13059,Trivandrum,Level 2,Bus,168.41,454.56,Inactive,2025-05-21
EV13060,Bengaluru,Slow,Car,199.38,406.1,Inactive,2025-11-01
EV13061,Kochi,Slow,Car,164.36,199.36,Active,2025-08-17
EV13062,Chennai,Slow,Car,214.92,387.49,Inactive,2025-06-06
EV13063,Calicut,Level 2,Bike,64.15,480.45,Active,2025-10-21
EV13064,Hyderabad,Slow,Bus,79.91,286.11,Inactive,2025-10-06
EV13065,Kochi,Level 2,Bus,48.49,302.02,Active,2025-06-03
EV13066,Bengaluru,Slow,Car,85.3,467.76,Active,2025-09-11
EV13067,Bengaluru,Slow,Car,178.23,443.91,Active,2025-09-29
EV13068,Kochi,DC Fast,Bus,147.16,245.86,Inactive,2025-11-15
EV13069,Kochi,Fast,Bus,228.42,412.4,Active,2025-01-21
EV13070,Calicut,DC Fast,Bike,13.9,255.93,Inactive,2025-05-21
EV13071,Kochi,Fast,Bus,167.83,366.76,Inactive,2025-01-20
EV13072,Mumbai,DC Fast,Car,43.04,419.38,Inactive,2025-11-06
EV13073,Chennai,Fast,Car,127.18,268.69,Inactive,2025-02-22
EV13074,Trivandrum,DC Fast,Car,183.22,252.57,Inactive,2025-11-05
EV13075,Trivandrum,Slow,Bus,167.26,422.87,Active,2025-08-29
EV13076,Bengaluru,DC Fast,Bus,105.62,412.92,Inactive,2025-01-21
EV13077,Kochi,DC Fast,Car,181.95,264.11,Active,2025-10-08
EV13078,Calicut,Fast,Bike,104.21,300.4,Inactive,2025-07-26
EV13079,Hyderabad,Fast,Bike,230.64,378.63,Active,2025-05-19
EV13080,Hyderabad,Level 2,Bike,219.13,491.83,Inactive,2025-12-14
EV13081,Mumbai,Level 2,Bus,150.36,370.94,Active,2025-07-25
EV13082,Chennai,Level 2,Car,110.15,76.48,Active,2025-12-24
EV13083,Hyderabad,Level 2,Bike,167.64,463.94,Inactive,2025-07-01
EV13084,Mumbai,Fast,Bus,139.95,312.31,Inactive,2025-09-30
EV13085,Trivandrum,DC Fast,Bus,117.97,301.68,Inactive,2025-08-19
EV13086,Bengaluru,Fast,Car,73.53,201.54,Active,2025-01-16
EV13087,Hyderabad,Slow,Bike,189.75,205.23,Active,2025-11-18
EV13088,Trivandrum,Slow,Bike,112.46,326.25,Inactive,2025-10-09
EV13089,Bengaluru,Level 2,Bike,11.78,474.07,Inactive,2025-01-15
EV13090,Trivandrum,Fast,Car,148.61,472.09,Inactive,2025-10-16
EV13091,Trivandrum,Slow,Bus,177.38,218.41,Active,2025-11-29
EV13092,Delhi,DC Fast,Car,67.0,322.33,Active,2025-10-17
EV13093,Bengaluru,Slow,Bike,63.7,313.06,Active,2025-05-04
EV13094,Hyderabad,Level 2,Car,23.62,171.69,Inactive,2025-10-03
EV13095,Bengaluru,Fast,Bike,180.68,487.39,Inactive,2025-01-20
EV13096,Hyderabad,DC Fast,Bus,127.43,152.58,Inactive,2025-07-21
EV13097,Hyderabad,Level 2,Bus,199.21,269.01,Inactive,2025-08-11
EV13098,Trivandrum,Level 2,Bike,40.28,230.26,Active,2025-07-27
EV13099,Hyderabad,Level 2,Car,145.93,367.01,Inactive,2025-10-11
EV13100,Delhi,Level 2,Bus,35.71,435.01,Inactive,2025-07-29
EV13101,Bengaluru,Slow,Bus,106.08,92.25,Active,2025-09-30
EV13102,Trivandrum,Fast,Bus,87.0,453.03,Active,2025-09-09
EV13103,Chennai,Slow,Car,13.66,435.46,Active,2025-01-12
EV13104,Mumbai,Fast,Bike,109.57,483.51,Inactive,2025-04-15
EV13105,Mumbai,Slow,Bike,114.23,464.33,Active,2025-11-16
EV13106,Hyderabad,Fast,Bike,97.65,455.09,Active,2025-01-07
EV13107,Trivandrum,DC Fast,Car,145.46,209.59,Active,2025-09-20
EV13108,Trivandrum,Level 2,Car,198.95,279.28,Inactive,2025-12-14
EV13109,Kochi,DC Fast,Bike,64.59,49.7,Inactive,2025-09-06
EV13110,Calicut,DC Fast,Car,240.95,110.15,Inactive,2025-01-23
EV13111,Delhi,Slow,Car,53.78,416.87,Active,2025-03-26
EV13112,Calicut,DC Fast,Bus,25.13,64.51,Inactive,2025-10-20
EV13113,Mumbai,DC Fast,Bike,26.1,134.2,Inactive,2025-08-30
EV13114,Bengaluru,Slow,Bus,37.32,467.66,Inactive,2025-03-12
EV13115,Chennai,DC Fast,Bike,55.41,322.44,Active,2025-12-16
EV13116,Delhi,Fast,Bus,115.65,284.43,Inactive,2025-12-31
EV13117,Chennai,DC Fast,Bike,23.95,299.94,Inactive,2025-12-30
EV13118,Calicut,Fast,Car,13.73,273.44,Active,2025-08-01
EV13119,Mumbai,DC Fast,Bike,83.23,419.47,Active,2025-07-07
EV13120,Kochi,Level 2,Bus,44.16,158.3,Inactive,2025-11-24
EV13121,Hyderabad,Slow,Bike,83.93,297.96,Active,2025-10-12
EV13122,Kochi,Level 2,Bus,202.22,390.88,Inactive,2025-04-30
EV13123,Calicut,Fast,Bus,118.88,139.15,Active,2025-03-29
EV13124,Kochi,DC Fast,Car,202.83,113.59,Active,2025-02-21
EV13125,Hyderabad,DC Fast,Car,226.77,101.5,Inactive,2025-05-20
EV13126,Calicut,Fast,Car,66.16,277.48,Active,2025-06-17
EV13127,Trivandrum,Level 2,Bus,223.0,246.11,Active,2025-07-06
EV13128,Bengaluru,Level 2,Car,62.26,195.19,Inactive,2025-04-19
EV13129,Kochi,DC Fast,Car,216.24,494.86,Inactive,2025-12-28
EV13130,Trivandrum,Level 2,Car,242.86,28.74,Active,2025-03-21
EV13131,Delhi,Level 2,Bus,72.88,202.22,Inactive,2025-05-08
EV13132,Kochi,Level 2,Bike,133.62,205.31,Active,2025-06-04
EV13133,Kochi,DC Fast,Car,24.38,134.93,Inactive,2025-02-07
EV13134,Hyderabad,Level 2,Car,243.02,329.27,Active,2025-05-21
EV13135,Kochi,Slow,Bus,225.53,386.14,Active,2025-09-06
EV13136,Calicut,DC Fast,Bus,120.58,220.65,Inactive,2025-12-02
EV13137,Calicut,Slow,Bike,93.67,61.73,Inactive,2025-05-20
EV13138,Chennai,DC Fast,Car,135.76,464.28,Inactive,2025-04-27
EV13139,Hyderabad,Level 2,Bus,159.97,156.57,Inactive,2025-10-03
EV13140,Trivandrum,Fast,Car,186.72,231.94,Inactive,2025-12-29
EV13141,Kochi,Slow,Bike,136.19,307.21,Inactive,2025-10-12
EV13142,Bengaluru,DC Fast,Bike,126.39,127.47,Inactive,2025-10-05
EV13143,Calicut,Slow,Bus,159.18,361.87,Inactive,2025-07-31
EV13144,Hyderabad,Fast,Bike,61.85,281.99,Active,2025-03-15
EV13145,Mumbai,Fast,Bus,70.7,151.05,Inactive,2025-04-03
EV13146,Chennai,Fast,Bike,152.64,176.39,Inactive,2025-05-24
EV13147,Chennai,Level 2,Car,12.14,237.07,Inactive,2025-12-05
EV13148,Trivandrum,Fast,Car,111.87,190.19,Inactive,2025-09-09
EV13149,Bengaluru,Fast,Car,44.21,313.6,Active,2025-03-10
EV13150,Hyderabad,Level 2,Bus,151.2,239.09,Active,2025-06-28
EV13151,Kochi,Fast,Bike,99.61,466.96,Inactive,2025-12-27
EV13152,Hyderabad,Level 2,Car,99.19,48.28,Inactive,2025-05-15
EV13153,Kochi,Level 2,Car,144.01,81.0,Active,2025-01-26
EV13154,Chennai,Slow,Bus,160.29,86.99,Inactive,2025-11-16
EV13155,Hyderabad,DC Fast,Bike,67.85,101.82,Active,2025-04-11
EV13156,Hyderabad,Slow,Bus,111.8,295.65,Active,2025-03-07
EV13157,Hyderabad,Fast,Bike,219.07,173.61,Inactive,2025-10-13
EV13158,Chennai,Slow,Car,35.37,436.37,Inactive,2025-01-03
EV13159,Kochi,DC Fast,Bus,235.63,37.35,Active,2025-02-03
EV13160,Trivandrum,Fast,Bike,236.97,273.65,Inactive,2025-01-05
EV13161,Trivandrum,Level 2,Car,240.72,57.76,Inactive,2025-04-27
EV13162,Delhi,Level 2,Car,138.16,438.94,Active,2025-04-06
EV13163,Delhi,Level 2,Bike,153.84,475.05,Active,2025-02-07
EV13164,Delhi,Slow,Car,185.46,240.3,Inactive,2025-08-30
EV13165,Calicut,DC Fast,Bike,33.4,111.21,Inactive,2025-03-20
EV13166,Hyderabad,DC Fast,Bike,16.74,293.49,Active,2025-04-20
EV13167,Mumbai,Fast,Bus,33.5,383.04,Active,2025-07-26
EV13168,Mumbai,Level 2,Bus,218.11,479.69,Inactive,2025-03-20
EV13169,Kochi,DC Fast,Bike,21.14,216.67,Inactive,2025-05-18
EV13170,Kochi,Fast,Car,25.03,316.56,Active,2025-01-17
EV13171,Hyderabad,Fast,Bus,237.96,431.97,Inactive,2025-08-25
EV13172,Chennai,DC Fast,Car,187.85,396.96,Inactive,2025-12-05
EV13173,Mumbai,Fast,Bus,235.62,115.33,Active,2025-06-18
EV13174,Trivandrum,DC Fast,Car,224.97,460.63,Inactive,2025-04-01
EV13175,Trivandrum,Level 2,Bike,100.63,363.42,Inactive,2025-07-04
EV13176,Mumbai,Level 2,Car,49.35,318.27,Active,2025-12-07
EV13177,Bengaluru,Slow,Car,196.58,295.12,Active,2025-12-29
EV13178,Kochi,Level 2,Car,240.27,190.05,Active,2025-03-31
EV13179,Bengaluru,Slow,Bike,145.08,476.03,Inactive,2025-02-22
EV13180,Mumbai,Slow,Bike,66.41,405.11,Inactive,2025-12-17
EV13181,Bengaluru,Fast,Car,216.44,405.14,Inactive,2025-08-29
EV13182,Hyderabad,Level 2,Car,101.9,428.95,Active,2025-07-29
EV13183,Kochi,Fast,Bus,76.14,460.53,Inactive,2025-07-16
EV13184,Trivandrum,Fast,Bus,126.53,350.86,Active,2025-11-06
EV13185,Kochi,Fast,Bike,230.82,93.22,Inactive,2025-05-02
EV13186,Hyderabad,Level 2,Car,84.66,214.14,Active,2025-11-12
EV13187,Chennai,Fast,Car,16.14,121.96,Active,2025-03-10
EV13188,Calicut,Slow,Bus,140.06,128.44,Active,2025-04-30
EV13189,Mumbai,DC Fast,Car,233.44,303.33,Active,2025-12-30
EV13190,Calicut,Fast,Bus,161.36,421.41,Active,2025-09-04
EV13191,Mumbai,Slow,Bike,181.68,486.91,Active,2025-10-27
EV13192,Kochi,Level 2,Bike,148.05,255.69,Active,2025-08-05
EV13193,Mumbai,Slow,Bus,18.18,200.27,Active,2025-12-21
EV13194,Hyderabad,Slow,Car,104.85,353.55,Inactive,2025-08-04
EV13195,Hyderabad,Fast,Bus,37.55,401.83,Active,2025-11-12
EV13196,Mumbai,Slow,Bus,15.46,465.19,Active,2025-08-27
EV13197,Bengaluru,Fast,Bus,173.2,309.1,Active,2025-07-09
EV13198,Chennai,Fast,Bike,233.73,353.78,Active,2025-12-11
EV13199,Bengaluru,DC Fast,Bus,168.22,136.53,Inactive,2025-05-03
EV13200,Mumbai,Slow,Bus,44.66,177.18,Inactive,2025-12-15
EV13201,Mumbai,Slow,Bus,175.94,117.01,Active,2025-01-04
EV13202,Hyderabad,Fast,Bike,211.05,267.75,Active,2025-04-04
EV13203,Hyderabad,Fast,Car,79.79,337.58,Active,2025-05-15
EV13204,Trivandrum,DC Fast,Bus,237.49,119.25,Inactive,2025-07-10
EV13205,Bengaluru,DC Fast,Bus,56.56,496.28,Inactive,2025-11-29
EV13206,Mumbai,Level 2,Car,159.48,98.03,Inactive,2025-08-20
EV13207,Chennai,Slow,Bus,151.44,350.14,Inactive,2025-06-30
EV13208,Kochi,Fast,Bike,124.57,467.79,Inactive,2025-06-22
EV13209,Trivandrum,Fast,Bike,77.88,267.81,Inactive,2025-03-04
EV13210,Kochi,Slow,Bus,153.86,150.78,Inactive,2025-08-12
EV13211,Trivandrum,Fast,Car,69.65,244.66,Active,2025-10-01
EV13212,Calicut,Level 2,Bus,127.74,132.74,Inactive,2025-09-12
EV13213,Hyderabad,Slow,Bike,30.57,86.52,Active,2025-12-25
EV13214,Delhi,Level 2,Car,12.61,270.37,Active,2025-09-29
EV13215,Bengaluru,DC Fast,Bus,184.29,410.63,Inactive,2025-10-03
EV13216,Hyderabad,DC Fast,Bus,163.84,413.25,Inactive,2025-04-16
EV13217,Kochi,Slow,Car,132.6,168.82,Active,2025-12-31
EV13218,Mumbai,Level 2,Bike,240.51,330.05,Active,2025-03-07
EV13219,Trivandrum,Fast,Bike,241.92,239.49,Active,2025-01-01
EV13220,Kochi,DC Fast,Car,80.38,362.85,Inactive,2025-07-09
EV13221,Calicut,Level 2,Car,61.35,298.24,Active,2025-02-02
EV13222,Mumbai,Level 2,Car,122.96,288.29,Active,2025-08-15
EV13223,Trivandrum,Slow,Bus,51.99,57.61,Inactive,2025-09-05
EV13224,Kochi,Level 2,Bike,145.04,192.14,Active,2025-11-13
EV13225,Bengaluru,Slow,Car,72.65,285.43,Inactive,2025-03-01
EV13226,Trivandrum,Fast,Bus,243.85,159.21,Active,2025-04-06
EV13227,Bengaluru,DC Fast,Bike,108.53,149.21,Inactive,2025-11-07
EV13228,Trivandrum,Fast,Bike,100.93,117.47,Active,2025-05-10
EV13229,Kochi,Fast,Bike,192.0,97.95,Active,2025-11-02
EV13230,Delhi,Slow,Bus,22.14,448.88,Active,2025-09-02
EV13231,Kochi,Level 2,Car,77.91,327.04,Active,2025-07-14
EV13232,Hyderabad,Fast,Bike,22.58,146.33,Inactive,2025-07-05
EV13233,Trivandrum,DC Fast,Car,172.59,419.21,Active,2025-08-14
EV13234,Kochi,DC Fast,Bike,67.09,451.36,Active,2025-12-11
EV13235,Kochi,Slow,Car,95.67,370.06,Active,2025-01-20
EV13236,Hyderabad,Fast,Bus,119.95,352.37,Active,2025-09-20
EV13237,Kochi,DC Fast,Bike,200.7,67.17,Inactive,2025-08-03
EV13238,Trivandrum,Level 2,Car,219.06,189.55,Inactive,2025-04-18
EV13239,Hyderabad,Slow,Car,122.71,427.14,Active,2025-06-25
EV13240,Kochi,Fast,Car,248.13,75.12,Inactive,2025-07-12
EV13241,Bengaluru,DC Fast,Car,67.51,471.91,Inactive,2025-02-24
EV13242,Trivandrum,DC Fast,Car,95.19,265.9,Active,2025-12-16
EV13243,Chennai,Level 2,Car,30.96,126.28,Active,2025-05-22
EV13244,Trivandrum,Fast,Car,207.09,137.31,Active,2025-01-10
EV13245,Calicut,DC Fast,Car,57.69,83.14,Inactive,2025-09-26
EV13246,Bengaluru,DC Fast,Bike,119.1,162.63,Inactive,2025-05-05
EV13247,Calicut,Fast,Bus,130.54,452.28,Inactive,2025-03-13
EV13248,Trivandrum,Fast,Bus,61.42,159.1,Active,2025-06-10
EV13249,Delhi,Fast,Bike,38.63,384.7,Inactive,2025-05-14
EV13250,Chennai,DC Fast,Car,167.1,192.18,Active,2025-02-22
EV13251,Trivandrum,DC Fast,Bike,215.89,222.15,Inactive,2025-04-26
EV13252,Delhi,Level 2,Bus,114.74,177.09,Inactive,2025-07-09
EV13253,Calicut,Fast,Car,219.08,200.64,Inactive,2025-09-16
EV13254,Chennai,DC Fast,Car,72.92,251.16,Inactive,2025-07-11
EV13255,Trivandrum,Level 2,Bike,152.67,68.14,Inactive,2025-07-29
EV13256,Mumbai,Level 2,Bike,175.39,262.94,Inactive,2025-11-29
EV13257,Mumbai,DC Fast,Car,110.14,439.86,Inactive,2025-10-12
EV13258,Delhi,Level 2,Bike,100.89,298.5,Inactive,2025-07-30
EV13259,Delhi,Slow,Bus,217.49,166.52,Active,2025-11-26
EV13260,Calicut,DC Fast,Car,26.57,382.99,Active,2025-02-05
EV13261,Bengaluru,Fast,Car,28.63,40.05,Active,2025-11-23
EV13262,Trivandrum,Slow,Bike,198.16,294.97,Inactive,2025-04-13
EV13263,Kochi,DC Fast,Car,89.46,452.76,Inactive,2025-03-10
EV13264,Bengaluru,Level 2,Car,86.59,134.4,Inactive,2025-03-14
EV13265,Chennai,Fast,Bike,165.33,297.22,Inactive,2025-07-07
EV13266,Chennai,Fast,Bus,228.44,146.22,Active,2025-01-17
EV13267,Chennai,Fast,Car,228.96,158.63,Inactive,2025-10-10
EV13268,Chennai,Fast,Bus,96.06,442.59,Inactive,2025-02-21
EV13269,Trivandrum,Fast,Car,18.0,184.69,Active,2025-01-02
EV13270,Chennai,Fast,Bike,91.17,229.33,Inactive,2025-07-07
EV13271,Delhi,Level 2,Bike,218.19,313.89,Active,2025-03-20
EV13272,Delhi,Level 2,Car,241.63,131.17,Active,2025-02-26
EV13273,Mumbai,Level 2,Bus,163.16,466.89,Active,2025-01-20
EV13274,Chennai,Fast,Car,129.39,209.14,Inactive,2025-10-20
EV13275,Bengaluru,DC Fast,Car,109.82,374.2,Active,2025-07-12
EV13276,Trivandrum,Fast,Bus,158.75,339.45,Active,2025-06-21
EV13277,Kochi,Fast,Bus,129.32,305.59,Inactive,2025-09-21
EV13278,Kochi,Fast,Bike,168.42,154.36,Inactive,2025-08-10
EV13279,Delhi,DC Fast,Bike,177.62,42.74,Active,2025-07-21
EV13280,Hyderabad,Fast,Bike,227.44,431.1,Inactive,2025-02-08
EV13281,Kochi,Fast,Bus,188.15,283.7,Active,2025-05-24
EV13282,Chennai,Fast,Bike,121.27,491.74,Active,2025-12-19
EV13283,Mumbai,Level 2,Bus,198.71,240.7,Active,2025-10-22
EV13284,Mumbai,Fast,Bike,20.18,238.69,Inactive,2025-08-30
EV13285,Chennai,Slow,Bus,29.32,290.62,Inactive,2025-10-07
EV13286,Kochi,Slow,Car,150.14,152.39,Inactive,2025-05-28
EV13287,Hyderabad,DC Fast,Bike,121.74,37.24,Inactive,2025-09-10
EV13288,Mumbai,Level 2,Car,71.34,450.71,Active,2025-03-19
EV13289,Mumbai,Slow,Bus,99.58,277.19,Inactive,2025-09-04
EV13290,Bengaluru,Level 2,Bus,207.68,61.01,Active,2025-04-13
EV13291,Delhi,Slow,Bus,138.27,167.34,Active,2025-08-16
EV13292,Hyderabad,Fast,Car,25.39,307.81,Inactive,2025-01-10
EV13293,Calicut,Fast,Bus,69.11,384.95,Inactive,2025-07-03
EV13294,Kochi,Level 2,Bike,93.12,480.87,Inactive,2025-01-26
EV13295,Mumbai,DC Fast,Bus,75.42,255.8,Inactive,2025-05-18
EV13296,Hyderabad,DC Fast,Bus,247.17,34.39,Active,2025-09-12
EV13297,Hyderabad,Slow,Bike,68.93,242.23,Active,2025-03-25
EV13298,Bengaluru,Slow,Bus,159.04,177.99,Inactive,2025-12-02
EV13299,Chennai,DC Fast,Car,113.64,437.05,Active,2025-01-06
EV13300,Mumbai,Slow,Car,195.03,401.11,Inactive,2025-02-23
EV13301,Kochi,Level 2,Bike,35.39,129.8,Active,2025-11-19
EV13302,Mumbai,Slow,Bus,233.6,73.06,Inactive,2025-08-23
EV13303,Hyderabad,Level 2,Bus,60.29,486.91,Inactive,2025-12-11
EV13304,Trivandrum,Slow,Car,105.22,125.01,Inactive,2025-01-30
EV13305,Hyderabad,Fast,Bus,167.16,477.24,Active,2025-03-05
EV13306,Bengaluru,Slow,Car,17.37,449.86,Inactive,2025-04-12
EV13307,Mumbai,Slow,Car,32.85,452.0,Inactive,2025-09-04
EV13308,Bengaluru,Slow,Bike,223.42,102.85,Active,2025-08-17
EV13309,Bengaluru,Level 2,Car,111.78,226.83,Inactive,2025-02-17
EV13310,Calicut,DC Fast,Car,205.53,162.41,Active,2025-02-14
EV13311,Delhi,DC Fast,Car,132.7,429.0,Active,2025-12-23
EV13312,Trivandrum,DC Fast,Bus,87.67,473.38,Active,2025-11-11
EV13313,Hyderabad,Slow,Car,71.69,103.09,Active,2025-04-26
EV13314,Chennai,Slow,Bus,111.22,106.47,Active,2025-03-08
EV13315,Chennai,Fast,Car,196.58,222.12,Active,2025-06-17
EV13316,Delhi,Slow,Bike,64.02,344.88,Inactive,2025-08-12
EV13317,Trivandrum,Fast,Car,99.92,55.01,Active,2025-03-11
EV13318,Delhi,Fast,Bike,212.05,318.63,Inactive,2025-10-07
EV13319,Trivandrum,Slow,Bus,200.37,439.97,Active,2025-02-17
EV13320,Mumbai,Fast,Car,80.29,351.49,Active,2025-09-29
EV13321,Trivandrum,Fast,Car,165.18,53.53,Active,2025-08-02
EV13322,Delhi,Slow,Bus,91.02,449.74,Inactive,2025-07-08
EV13323,Trivandrum,Slow,Bike,21.69,152.65,Inactive,2025-10-30
EV13324,Calicut,Slow,Bike,114.08,103.62,Inactive,2025-11-22
EV13325,Kochi,Level 2,Car,157.27,450.1,Active,2025-03-12
EV13326,Chennai,Slow,Car,121.56,374.22,Active,2025-05-24
EV13327,Delhi,Level 2,Bus,159.51,206.77,Active,2025-09-25
EV13328,Bengaluru,Fast,Bike,38.18,78.74,Inactive,2025-11-29
EV13329,Delhi,Fast,Bike,148.29,67.51,Inactive,2025-02-19
EV13330,Mumbai,DC Fast,Bike,74.23,492.12,Inactive,2025-05-20
EV13331,Trivandrum,DC Fast,Bike,242.68,349.18,Inactive,2025-01-31
EV13332,Delhi,Level 2,Bike,107.2,315.35,Inactive,2025-10-12
EV13333,Delhi,Fast,Bike,170.94,68.99,Active,2025-04-21
EV13334,Trivandrum,DC Fast,Bus,180.98,490.59,Inactive,2025-08-24
EV13335,Delhi,Slow,Car,87.67,497.86,Inactive,2025-05-05
EV13336,Trivandrum,Level 2,Bike,90.55,70.86,Inactive,2025-04-05
EV13337,Kochi,Fast,Bike,21.65,300.84,Inactive,2025-05-14
EV13338,Chennai,Fast,Bike,206.81,391.46,Inactive,2025-12-08
EV13339,Bengaluru,Slow,Bus,96.62,213.53,Active,2025-12-02
EV13340,Bengaluru,Slow,Bus,130.09,208.95,Inactive,2025-01-05
EV13341,Mumbai,DC Fast,Car,31.69,322.38,Inactive,2025-02-13
EV13342,Bengaluru,DC Fast,Bike,53.7,401.2,Inactive,2025-08-20
EV13343,Trivandrum,Slow,Car,245.0,290.79,Inactive,2025-02-17
EV13344,Chennai,DC Fast,Bus,165.87,155.24,Inactive,2025-08-22
EV13345,Chennai,DC Fast,Bike,217.88,335.62,Inactive,2025-12-31
EV13346,Delhi,Level 2,Car,41.5,333.66,Active,2025-10-25
EV13347,Mumbai,Level 2,Bike,217.53,361.7,Inactive,2025-04-18
EV13348,Kochi,Fast,Car,52.79,374.94,Inactive,2025-05-20
EV13349,Bengaluru,Level 2,Bus,246.81,217.71,Inactive,2025-10-03
EV13350,Kochi,Fast,Car,75.86,69.18,Active,2025-05-27
EV13351,Trivandrum,DC Fast,Car,92.12,345.09,Active,2025-04-29
EV13352,Delhi,Slow,Bike,38.19,144.66,Active,2025-07-05
EV13353,Chennai,Fast,Car,72.71,46.83,Active,2025-10-15
EV13354,Mumbai,Fast,Bus,144.61,182.72,Active,2025-05-11
EV13355,Kochi,Slow,Car,216.22,91.49,Active,2025-02-13
EV13356,Calicut,DC Fast,Car,116.35,220.31,Active,2025-01-31
EV13357,Delhi,Slow,Car,194.84,413.26,Inactive,2025-06-24
EV13358,Mumbai,Fast,Car,179.78,393.12,Inactive,2025-06-11
EV13359,Bengaluru,Level 2,Car,95.68,354.78,Active,2025-04-05
EV13360,Bengaluru,Level 2,Car,96.49,142.54,Active,2025-05-28
EV13361,Calicut,Level 2,Car,111.68,211.36,Active,2025-01-01
EV13362,Kochi,Level 2,Bike,220.11,63.93,Active,2025-02-28
EV13363,Bengaluru,Fast,Bike,54.89,170.7,Inactive,2025-02-06
EV13364,Delhi,Slow,Bike,97.0,436.37,Inactive,2025-10-29
EV13365,Delhi,Fast,Bike,78.52,265.49,Inactive,2025-01-28
EV13366,Kochi,Fast,Car,27.32,396.92,Active,2025-07-10
EV13367,Hyderabad,Fast,Bike,205.41,67.58,Active,2025-01-25
EV13368,Trivandrum,Fast,Bike,10.12,24.8,Active,2025-07-23
EV13369,Hyderabad,Fast,Bus,209.25,355.6,Active,2025-06-17
EV13370,Kochi,DC Fast,Car,189.5,163.81,Active,2025-04-25
EV13371,Chennai,Level 2,Bus,37.75,411.02,Inactive,2025-08-12
EV13372,Kochi,DC Fast,Car,60.32,212.26,Inactive,2025-09-10
EV13373,Bengaluru,Slow,Bus,49.54,445.08,Inactive,2025-11-26
EV13374,Delhi,Level 2,Bike,160.06,41.53,Inactive,2025-02-04
EV13375,Kochi,DC Fast,Car,77.31,410.06,Active,2025-12-27
EV13376,Bengaluru,Fast,Car,114.07,195.85,Active,2025-08-10
EV13377,Calicut,Fast,Car,166.16,129.24,Active,2025-02-18
EV13378,Chennai,Level 2,Car,158.74,486.43,Active,2025-04-24
EV13379,Trivandrum,Fast,Bus,122.91,262.19,Active,2025-02-21
EV13380,Calicut,Fast,Bus,48.54,438.29,Inactive,2025-12-16
EV13381,Hyderabad,Slow,Bus,147.04,192.48,Active,2025-02-16
EV13382,Chennai,Slow,Bus,208.5,226.73,Active,2025-08-15
EV13383,Kochi,Fast,Bus,98.34,29.38,Active,2025-08-23
EV13384,Chennai,Level 2,Car,14.35,207.62,Active,2025-03-01
EV13385,Delhi,Fast,Car,199.7,454.14,Active,2025-07-03
EV13386,Mumbai,Slow,Bike,11.6,154.33,Active,2025-12-17
EV13387,Calicut,Level 2,Bike,40.37,48.83,Active,2025-04-02
EV13388,Chennai,Fast,Bus,105.66,439.27,Active,2025-01-15
EV13389,Chennai,DC Fast,Car,207.21,434.15,Inactive,2025-02-11
EV13390,Kochi,Fast,Car,22.29,449.29,Active,2025-12-30
EV13391,Kochi,Slow,Bike,220.72,282.24,Inactive,2025-03-15
EV13392,Chennai,Slow,Bike,65.74,72.08,Active,2025-11-11
EV13393,Kochi,Slow,Car,64.23,361.25,Active,2025-04-08
EV13394,Trivandrum,DC Fast,Bus,210.72,163.56,Active,2025-03-23
EV13395,Hyderabad,Fast,Bike,27.2,467.29,Active,2025-09-22
EV13396,Mumbai,Fast,Car,145.07,278.11,Inactive,2025-11-03
EV13397,Hyderabad,Fast,Car,162.85,319.13,Inactive,2025-04-26
EV13398,Mumbai,DC Fast,Car,20.56,468.64,Active,2025-03-28
EV13399,Kochi,Level 2,Car,231.84,158.42,Active,2025-11-08
EV13400,Delhi,DC Fast,Bike,247.95,420.58,Inactive,2025-06-07
EV13401,Hyderabad,Fast,Bus,87.54,442.94,Inactive,2025-09-28
EV13402,Chennai,Level 2,Bike,24.14,117.78,Active,2025-09-19
EV13403,Bengaluru,DC Fast,Bike,43.87,306.56,Active,2025-03-15
EV13404,Chennai,DC Fast,Bus,10.56,484.63,Inactive,2025-06-27
EV13405,Delhi,Level 2,Bike,193.72,257.23,Active,2025-03-12
EV13406,Delhi,Fast,Bike,133.0,275.94,Inactive,2025-06-07
EV13407,Kochi,Slow,Bus,186.25,273.86,Active,2025-01-18
EV13408,Chennai,Level 2,Bike,35.87,111.66,Inactive,2025-05-20
EV13409,Hyderabad,DC Fast,Car,16.98,423.45,Inactive,2025-04-14
EV13410,Bengaluru,Level 2,Bike,219.27,35.46,Active,2025-04-22
EV13411,Calicut,Fast,Car,149.73,54.76,Inactive,2025-04-30
EV13412,Kochi,Fast,Bus,224.62,113.57,Inactive,2025-05-25
EV13413,Mumbai,Slow,Car,107.17,363.21,Inactive,2025-11-18
EV13414,Bengaluru,Fast,Car,87.35,496.95,Active,2025-08-09
EV13415,Calicut,DC Fast,Car,96.76,207.12,Inactive,2025-12-05
EV13416,Bengaluru,Level 2,Bus,217.5,322.24,Inactive,2025-04-02
EV13417,Calicut,Slow,Car,25.88,325.43,Active,2025-11-08
EV13418,Hyderabad,DC Fast,Car,245.82,313.73,Active,2025-05-18
EV13419,Bengaluru,Fast,Car,96.19,155.86,Active,2025-02-21
EV13420,Calicut,Slow,Car,207.24,173.74,Active,2025-10-15
EV13421,Kochi,Level 2,Bus,60.1,138.63,Inactive,2025-01-22
EV13422,Chennai,DC Fast,Car,56.32,86.89,Active,2025-09-28
EV13423,Mumbai,DC Fast,Bike,100.11,43.83,Inactive,2025-10-21
EV13424,Mumbai,DC Fast,Bus,101.23,117.56,Active,2025-12-21
EV13425,Trivandrum,Level 2,Car,22.34,93.73,Inactive,2025-03-16
EV13426,Chennai,DC Fast,Car,119.26,133.99,Inactive,2025-07-03
EV13427,Calicut,Slow,Bike,149.4,201.07,Active,2025-05-28
EV13428,Chennai,Slow,Car,158.49,356.69,Active,2025-03-31
EV13429,Bengaluru,Fast,Bike,74.92,332.72,Active,2025-12-06
EV13430,Trivandrum,DC Fast,Car,38.22,450.17,Inactive,2025-06-18
EV13431,Kochi,Level 2,Car,133.0,120.92,Inactive,2025-01-12
EV13432,Bengaluru,Level 2,Car,231.15,265.22,Active,2025-05-18
EV13433,Kochi,Fast,Car,245.39,499.23,Active,2025-04-10
EV13434,Trivandrum,Level 2,Car,63.01,325.4,Active,2025-12-08
EV13435,Mumbai,Slow,Bike,73.29,485.89,Inactive,2025-07-14
EV13436,Trivandrum,Level 2,Bike,18.48,348.46,Inactive,2025-03-03
EV13437,Bengaluru,Level 2,Bus,216.34,383.18,Inactive,2025-09-23
EV13438,Bengaluru,Level 2,Bus,17.23,236.06,Inactive,2025-09-08
EV13439,Kochi,Slow,Car,11.42,226.76,Inactive,2025-08-12
EV13440,Mumbai,Fast,Bus,120.15,227.94,Active,2025-10-01
EV13441,Delhi,Slow,Bike,32.37,444.06,Active,2025-01-16
EV13442,Calicut,Fast,Bus,92.48,337.68,Active,2025-04-19
EV13443,Kochi,Fast,Bike,201.99,316.98,Inactive,2025-01-20
EV13444,Kochi,Fast,Bus,132.25,414.38,Inactive,2025-10-12
EV13445,Trivandrum,Fast,Bus,211.15,433.62,Inactive,2025-05-31
EV13446,Hyderabad,DC Fast,Bus,147.37,405.27,Active,2025-08-12
EV13447,Bengaluru,Level 2,Car,115.82,489.68,Inactive,2025-10-03
EV13448,Kochi,Fast,Bus,221.4,326.54,Active,2025-08-20
EV13449,Hyderabad,DC Fast,Bike,10.65,307.78,Active,2025-08-15
EV13450,Bengaluru,DC Fast,Bus,207.67,322.72,Active,2025-01-24
EV13451,Mumbai,DC Fast,Bike,234.24,462.19,Active,2025-11-13
EV13452,Bengaluru,Slow,Bus,130.94,429.28,Inactive,2025-07-29
EV13453,Mumbai,DC Fast,Bus,15.59,88.03,Inactive,2025-11-21
EV13454,Delhi,DC Fast,Bus,214.95,478.58,Active,2025-01-28
EV13455,Chennai,Level 2,Bus,168.63,480.65,Inactive,2025-02-24
EV13456,Chennai,Slow,Bus,234.41,474.1,Active,2025-10-06
EV13457,Chennai,Level 2,Bike,127.92,423.1,Active,2025-05-17
EV13458,Bengaluru,Slow,Bus,161.95,310.6,Active,2025-10-18
EV13459,Calicut,DC Fast,Bike,18.63,53.2,Active,2025-10-28
EV13460,Chennai,DC Fast,Car,131.78,23.68,Inactive,2025-01-08
EV13461,Mumbai,Level 2,Bike,16.67,39.32,Inactive,2025-01-03
EV13462,Calicut,Fast,Bike,28.16,25.19,Inactive,2025-01-05
EV13463,Hyderabad,Fast,Car,102.68,311.31,Inactive,2025-02-26
EV13464,Calicut,DC Fast,Bus,154.45,62.76,Inactive,2025-07-24
EV13465,Calicut,Level 2,Bus,196.24,224.06,Active,2025-06-24
EV13466,Calicut,Slow,Bus,197.46,32.94,Inactive,2025-07-12
EV13467,Mumbai,Slow,Car,146.46,56.73,Active,2025-03-26
EV13468,Trivandrum,Slow,Bus,38.89,491.65,Inactive,2025-12-19
EV13469,Kochi,Fast,Bike,166.31,477.6,Active,2025-10-15
EV13470,Trivandrum,DC Fast,Bus,54.72,326.31,Inactive,2025-05-23
EV13471,Mumbai,Level 2,Bus,74.07,76.2,Active,2025-10-11
EV13472,Calicut,Fast,Bike,235.8,126.12,Inactive,2025-04-10
EV13473,Delhi,Level 2,Bike,83.77,450.86,Active,2025-12-10
EV13474,Mumbai,DC Fast,Bus,175.75,96.6,Active,2025-11-26
EV13475,Delhi,Level 2,Bike,170.85,480.76,Inactive,2025-05-24
EV13476,Bengaluru,DC Fast,Bus,43.03,497.54,Inactive,2025-04-29
EV13477,Kochi,Fast,Car,147.65,35.26,Inactive,2025-01-19
EV13478,Hyderabad,Fast,Bus,18.61,441.25,Active,2025-05-22
EV13479,Hyderabad,Level 2,Car,62.89,45.39,Active,2025-08-15
EV13480,Calicut,Fast,Bus,183.11,36.71,Active,2025-06-20
EV13481,Bengaluru,Level 2,Bus,70.89,465.54,Active,2025-04-27
EV13482,Calicut,Level 2,Bus,171.87,279.83,Active,2025-06-24
EV13483,Bengaluru,Fast,Car,36.52,261.93,Inactive,2025-07-20
EV13484,Trivandrum,Slow,Bike,146.77,45.73,Active,2025-09-12
EV13485,Chennai,Slow,Bike,10.05,329.0,Active,2025-02-19
EV13486,Chennai,Fast,Car,121.6,119.72,Active,2025-09-12
EV13487,Chennai,Fast,Car,198.3,282.94,Active,2025-02-23
EV13488,Kochi,Fast,Bus,210.17,339.42,Active,2025-02-17
EV13489,Hyderabad,Fast,Car,169.55,158.39,Inactive,2025-04-23
EV13490,Kochi,DC Fast,Car,178.36,479.01,Inactive,2025-01-06
EV13491,Chennai,Level 2,Bus,126.8,222.43,Inactive,2025-01-26
EV13492,Trivandrum,DC Fast,Bus,12.8,158.71,Active,2025-05-30
EV13493,Chennai,DC Fast,Bus,103.84,451.26,Active,2025-10-26
EV13494,Delhi,Slow,Bike,205.5,344.9,Inactive,2025-07-25
EV13495,Chennai,Slow,Car,134.54,346.7,Inactive,2025-10-25
EV13496,Mumbai,Level 2,Bike,246.48,311.01,Inactive,2025-02-26
EV13497,Hyderabad,Slow,Car,60.29,304.08,Active,2025-02-10
EV13498,Trivandrum,Fast,Car,21.53,155.61,Inactive,2025-09-11
EV13499,Hyderabad,DC Fast,Car,209.7,481.46,Active,2025-04-08
EV13500,Kochi,Slow,Car,43.05,470.91,Active,2025-05-09
EV13501,Mumbai,Slow,Car,247.55,155.0,Inactive,2025-02-24
EV13502,Hyderabad,DC Fast,Bike,220.29,79.06,Active,2025-04-28
EV13503,Chennai,Level 2,Bike,169.0,473.62,Inactive,2025-11-18
EV13504,Bengaluru,Fast,Bike,22.43,217.04,Active,2025-08-21
EV13505,Mumbai,DC Fast,Bike,101.36,436.84,Inactive,2025-11-06
EV13506,Bengaluru,Slow,Bus,185.21,465.46,Active,2025-04-29
EV13507,Calicut,DC Fast,Bike,94.82,116.47,Inactive,2025-06-24
EV13508,Hyderabad,DC Fast,Bike,230.28,132.88,Active,2025-11-22
EV13509,Calicut,DC Fast,Car,17.07,294.55,Active,2025-04-14
EV13510,Mumbai,Slow,Bike,137.37,453.64,Inactive,2025-10-13
EV13511,Bengaluru,Fast,Car,106.67,255.93,Inactive,2025-10-19
EV13512,Bengaluru,Fast,Bike,140.12,445.12,Active,2025-12-23
EV13513,Hyderabad,Level 2,Bus,132.83,201.11,Active,2025-12-06
EV13514,Bengaluru,Fast,Car,26.9,36.92,Inactive,2025-04-05
EV13515,Mumbai,Fast,Bus,115.81,256.16,Active,2025-02-13
EV13516,Delhi,Fast,Bus,163.39,133.02,Inactive,2025-12-18
EV13517,Trivandrum,Slow,Bike,93.54,462.31,Active,2025-02-22
EV13518,Calicut,Slow,Bike,172.31,333.53,Inactive,2025-01-14
EV13519,Hyderabad,Slow,Car,155.19,367.5,Active,2025-12-17
EV13520,Chennai,DC Fast,Bike,97.36,129.47,Inactive,2025-05-17
EV13521,Bengaluru,Level 2,Bike,89.89,152.05,Active,2025-05-01
EV13522,Trivandrum,DC Fast,Car,110.09,133.9,Inactive,2025-04-04
EV13523,Chennai,DC Fast,Bike,73.54,485.58,Inactive,2025-12-06
EV13524,Bengaluru,DC Fast,Bus,204.81,353.58,Active,2025-04-05
EV13525,Calicut,Fast,Bike,206.86,20.27,Inactive,2025-03-21
EV13526,Chennai,Level 2,Car,216.47,338.4,Inactive,2025-06-24
EV13527,Hyderabad,Fast,Car,181.96,299.89,Inactive,2025-04-23
EV13528,Delhi,Level 2,Car,209.11,423.78,Inactive,2025-10-04
EV13529,Calicut,Fast,Car,60.98,34.42,Active,2025-05-31
EV13530,Mumbai,DC Fast,Bike,153.66,241.58,Inactive,2025-03-15
EV13531,Bengaluru,Fast,Bus,163.63,211.3,Active,2025-10-08
EV13532,Delhi,Fast,Bike,207.58,53.77,Active,2025-02-06
EV13533,Kochi,DC Fast,Bus,154.52,63.32,Inactive,2025-07-02
EV13534,Mumbai,Level 2,Car,50.05,173.65,Inactive,2025-03-22
EV13535,Mumbai,Fast,Bus,160.82,91.72,Inactive,2025-06-02
EV13536,Hyderabad,DC Fast,Bus,72.7,490.29,Inactive,2025-08-20
EV13537,Bengaluru,Fast,Bike,38.35,29.56,Active,2025-02-02
EV13538,Bengaluru,Level 2,Bike,67.14,176.06,Active,2025-06-30
EV13539,Trivandrum,Level 2,Bike,165.4,205.34,Inactive,2025-02-07
EV13540,Hyderabad,Slow,Bike,67.34,180.98,Inactive,2025-07-17
EV13541,Chennai,Fast,Bus,77.28,28.52,Inactive,2025-04-29
EV13542,Hyderabad,Slow,Car,229.51,219.29,Active,2025-08-10
EV13543,Calicut,Slow,Bike,113.3,293.87,Inactive,2025-04-28
EV13544,Calicut,Level 2,Bus,61.4,66.9,Inactive,2025-11-19
EV13545,Hyderabad,Slow,Car,123.91,439.56,Inactive,2025-09-13
EV13546,Mumbai,Slow,Bike,235.48,410.13,Active,2025-04-18
EV13547,Calicut,Fast,Bus,48.53,429.31,Active,2025-10-25
EV13548,Bengaluru,Level 2,Bus,230.22,471.8,Active,2025-08-06
EV13549,Mumbai,Fast,Bike,37.31,398.28,Active,2025-05-03
EV13550,Bengaluru,Slow,Car,211.02,357.69,Inactive,2025-03-12
EV13551,Trivandrum,Level 2,Bus,32.27,435.77,Inactive,2025-09-19
EV13552,Hyderabad,Slow,Bike,245.43,222.34,Inactive,2025-08-09
EV13553,Bengaluru,Fast,Car,84.95,375.27,Active,2025-07-05
EV13554,Delhi,Slow,Bike,225.03,222.21,Inactive,2025-08-27
EV13555,Kochi,Level 2,Car,49.71,495.64,Active,2025-07-27
EV13556,Hyderabad,Level 2,Car,166.9,362.82,Inactive,2025-09-01
EV13557,Kochi,Fast,Bike,149.1,385.44,Active,2025-02-13
EV13558,Mumbai,DC Fast,Car,143.54,142.24,Inactive,2025-07-17
EV13559,Kochi,Level 2,Car,230.16,157.77,Inactive,2025-07-31
EV13560,Mumbai,Level 2,Bike,100.02,136.75,Active,2025-03-22
EV13561,Trivandrum,Level 2,Car,34.12,116.49,Inactive,2025-12-05
EV13562,Mumbai,Level 2,Car,214.92,69.09,Inactive,2025-08-22
EV13563,Mumbai,DC Fast,Bus,197.82,122.34,Inactive,2025-08-29
EV13564,Trivandrum,Slow,Car,238.97,491.32,Active,2025-03-29
EV13565,Trivandrum,Slow,Car,209.37,318.03,Inactive,2025-01-01
EV13566,Hyderabad,Slow,Car,213.31,54.12,Inactive,2025-03-27
EV13567,Kochi,DC Fast,Bike,149.66,182.99,Active,2025-04-26
EV13568,Calicut,Level 2,Bus,71.71,144.96,Active,2025-10-06
EV13569,Bengaluru,DC Fast,Car,83.09,453.3,Active,2025-10-24
EV13570,Delhi,DC Fast,Bus,143.56,268.9,Inactive,2025-11-01
EV13571,Kochi,DC Fast,Bus,47.93,344.26,Inactive,2025-04-07
EV13572,Trivandrum,Slow,Car,34.8,398.92,Inactive,2025-01-18
EV13573,Trivandrum,Slow,Car,248.54,498.46,Inactive,2025-05-10
EV13574,Chennai,DC Fast,Bike,136.72,279.84,Active,2025-01-07
EV13575,Trivandrum,DC Fast,Car,50.37,446.03,Inactive,2025-07-15
EV13576,Calicut,Slow,Bike,196.53,443.23,Active,2025-01-31
EV13577,Kochi,Level 2,Car,217.38,267.85,Inactive,2025-01-05
EV13578,Hyderabad,Fast,Bike,167.99,43.44,Inactive,2025-11-09
EV13579,Delhi,Fast,Bike,73.95,89.87,Inactive,2025-12-05
EV13580,Delhi,DC Fast,Bike,193.83,156.86,Inactive,2025-05-21
EV13581,Trivandrum,Level 2,Bike,186.97,105.13,Active,2025-01-29
EV13582,Bengaluru,Level 2,Bus,17.24,83.52,Active,2025-07-18
EV13583,Kochi,DC Fast,Bike,174.33,319.11,Active,2025-07-12
EV13584,Calicut,Slow,Bus,53.05,248.6,Active,2025-04-21
EV13585,Trivandrum,Fast,Car,116.17,253.89,Active,2025-03-22
EV13586,Hyderabad,Fast,Bike,56.97,313.47,Active,2025-10-22
EV13587,Kochi,Slow,Bike,32.61,284.3,Active,2025-01-09
EV13588,Hyderabad,Level 2,Bus,143.45,442.51,Inactive,2025-12-24
EV13589,Hyderabad,Fast,Bike,64.19,369.66,Inactive,2025-10-10
EV13590,Delhi,DC Fast,Bus,202.41,482.56,Active,2025-11-03
EV13591,Chennai,Fast,Car,190.13,143.99,Active,2025-01-03
EV13592,Chennai,Fast,Bike,92.31,121.01,Inactive,2025-01-18
EV13593,Delhi,DC Fast,Car,204.83,345.02,Active,2025-01-30
EV13594,Mumbai,DC Fast,Bus,116.08,495.36,Active,2025-03-31
EV13595,Hyderabad,Fast,Bus,40.99,367.44,Active,2025-07-29
EV13596,Chennai,Slow,Car,149.93,75.13,Active,2025-05-06
EV13597,Trivandrum,Level 2,Bike,104.37,115.96,Inactive,2025-11-14
EV13598,Hyderabad,Slow,Bike,201.17,416.98,Active,2025-04-26
EV13599,Calicut,DC Fast,Bike,212.13,210.03,Inactive,2025-10-01
EV13600,Delhi,Fast,Car,193.34,152.77,Inactive,2025-02-15
EV13601,Kochi,Level 2,Bike,129.72,213.49,Inactive,2025-07-02
EV13602,Delhi,Slow,Car,75.18,326.78,Active,2025-02-05
EV13603,Hyderabad,Fast,Car,48.91,103.61,Inactive,2025-10-24
EV13604,Chennai,Level 2,Car,48.23,133.26,Active,2025-08-29
EV13605,Mumbai,Level 2,Car,116.98,154.26,Inactive,2025-01-21
EV13606,Mumbai,Fast,Bike,131.38,59.1,Active,2025-11-25
EV13607,Hyderabad,Slow,Bike,145.78,435.65,Active,2025-10-11
EV13608,Bengaluru,Level 2,Bike,19.43,318.01,Active,2025-08-06
EV13609,Chennai,Level 2,Bus,42.1,445.3,Inactive,2025-11-20
EV13610,Chennai,DC Fast,Bike,183.0,377.81,Inactive,2025-12-08
EV13611,Hyderabad,Fast,Bike,205.23,113.21,Inactive,2025-03-04
EV13612,Calicut,Slow,Car,130.26,353.24,Active,2025-12-04
EV13613,Bengaluru,Fast,Bike,127.55,463.5,Inactive,2025-10-26
EV13614,Chennai,Fast,Bike,193.47,265.36,Active,2025-11-26
EV13615,Mumbai,Level 2,Bike,175.2,446.83,Inactive,2025-11-16
EV13616,Delhi,Slow,Bike,134.52,376.46,Active,2025-02-04
EV13617,Trivandrum,DC Fast,Car,151.82,58.31,Inactive,2025-07-23
EV13618,Calicut,Slow,Car,101.42,65.62,Inactive,2025-02-14
EV13619,Bengaluru,DC Fast,Bike,201.35,152.9,Inactive,2025-03-31
EV13620,Calicut,Slow,Bike,158.37,107.78,Inactive,2025-02-22
EV13621,Kochi,Slow,Bike,108.81,345.34,Inactive,2025-03-22
EV13622,Calicut,Fast,Car,205.75,76.0,Active,2025-01-30
EV13623,Mumbai,Slow,Bike,91.9,305.06,Inactive,2025-05-05
EV13624,Kochi,Fast,Bike,112.06,73.86,Active,2025-04-04
EV13625,Hyderabad,Level 2,Bike,75.18,103.25,Inactive,2025-11-20
EV13626,Calicut,Slow,Bike,29.58,465.85,Inactive,2025-02-07
EV13627,Calicut,Level 2,Car,90.87,396.58,Inactive,2025-04-22
EV13628,Calicut,DC Fast,Bike,18.19,365.85,Active,2025-01-13
EV13629,Bengaluru,DC Fast,Bike,35.25,229.86,Inactive,2025-05-05
EV13630,Trivandrum,DC Fast,Bus,167.97,455.45,Inactive,2025-11-25
EV13631,Mumbai,Slow,Bus,120.87,486.66,Inactive,2025-12-20
EV13632,Hyderabad,Fast,Car,247.98,47.52,Active,2025-04-08
EV13633,Bengaluru,Slow,Bus,71.22,90.38,Inactive,2025-02-16
EV13634,Hyderabad,Level 2,Bus,225.55,95.59,Active,2025-02-05
EV13635,Hyderabad,Level 2,Car,211.14,445.44,Inactive,2025-11-25
EV13636,Kochi,Slow,Bike,154.39,352.06,Active,2025-12-09
EV13637,Calicut,Fast,Car,79.59,134.98,Active,2025-06-16
EV13638,Delhi,Fast,Bike,171.29,368.99,Active,2025-08-21
EV13639,Hyderabad,Level 2,Car,76.82,103.05,Inactive,2025-03-08
EV13640,Bengaluru,DC Fast,Car,103.03,85.18,Active,2025-02-16
EV13641,Trivandrum,Fast,Car,94.74,72.2,Inactive,2025-05-21
EV13642,Bengaluru,DC Fast,Bus,230.62,465.59,Inactive,2025-09-23
EV13643,Delhi,DC Fast,Bike,33.7,178.26,Inactive,2025-07-25
EV13644,Bengaluru,Level 2,Car,189.65,487.86,Active,2025-02-18
EV13645,Calicut,Fast,Bike,150.1,179.14,Active,2025-04-26
EV13646,Chennai,Slow,Bus,81.45,334.48,Active,2025-10-18
EV13647,Chennai,DC Fast,Bus,47.07,64.17,Active,2025-03-06
EV13648,Delhi,DC Fast,Bus,216.66,288.14,Inactive,2025-06-23
EV13649,Hyderabad,DC Fast,Car,86.63,275.58,Inactive,2025-11-21
EV13650,Bengaluru,Fast,Bike,99.08,161.14,Inactive,2025-10-25
EV13651,Hyderabad,Level 2,Bike,169.85,253.39,Active,2025-01-11
EV13652,Kochi,DC Fast,Bus,66.73,356.4,Active,2025-02-03
EV13653,Chennai,Fast,Bike,234.31,436.83,Inactive,2025-07-01
EV13654,Trivandrum,Level 2,Bus,208.13,170.56,Active,2025-02-19
EV13655,Chennai,DC Fast,Car,46.69,61.72,Active,2025-07-02
EV13656,Trivandrum,Level 2,Bike,99.33,245.51,Inactive,2025-02-01
EV13657,Calicut,Slow,Car,77.65,292.17,Active,2025-06-01
EV13658,Hyderabad,Fast,Car,12.92,355.32,Inactive,2025-03-23
EV13659,Chennai,DC Fast,Car,70.1,351.1,Inactive,2025-09-19
EV13660,Hyderabad,Fast,Bike,62.07,212.15,Inactive,2025-05-28
EV13661,Chennai,DC Fast,Bike,156.38,229.24,Inactive,2025-11-14
EV13662,Chennai,Slow,Bus,230.24,208.8,Inactive,2025-11-26
EV13663,Trivandrum,Level 2,Car,88.21,402.64,Inactive,2025-07-31
EV13664,Hyderabad,Level 2,Bike,205.78,433.6,Inactive,2025-09-11
EV13665,Delhi,Slow,Car,43.53,402.31,Inactive,2025-12-25
EV13666,Kochi,Slow,Bike,245.18,385.89,Inactive,2025-03-18
EV13667,Trivandrum,DC Fast,Bus,48.18,358.4,Inactive,2025-09-28
EV13668,Delhi,Level 2,Car,49.64,87.75,Active,2025-11-25
EV13669,Trivandrum,DC Fast,Bus,124.58,170.4,Inactive,2025-07-09
EV13670,Delhi,Fast,Bus,219.48,61.74,Active,2025-10-08
EV13671,Hyderabad,Level 2,Bus,135.12,138.96,Active,2025-02-08
EV13672,Delhi,Level 2,Bike,188.17,40.0,Active,2025-02-09
EV13673,Kochi,Level 2,Bus,223.82,199.77,Inactive,2025-07-21
EV13674,Chennai,Slow,Bus,92.76,44.2,Inactive,2025-05-14
EV13675,Mumbai,Slow,Bus,39.81,57.68,Active,2025-03-04
EV13676,Hyderabad,Level 2,Bike,23.77,360.7,Inactive,2025-10-11
EV13677,Bengaluru,Fast,Bus,93.21,132.06,Inactive,2025-01-07
EV13678,Kochi,Level 2,Bus,81.14,134.39,Active,2025-09-25
EV13679,Bengaluru,Fast,Car,206.89,356.79,Active,2025-07-14
EV13680,Bengaluru,Fast,Bus,29.73,70.83,Inactive,2025-11-05
EV13681,Bengaluru,Fast,Bike,41.29,185.49,Inactive,2025-06-29
EV13682,Chennai,DC Fast,Bike,240.92,293.75,Inactive,2025-09-17
EV13683,Trivandrum,Slow,Bike,50.37,385.09,Inactive,2025-08-13
EV13684,Kochi,Fast,Bus,191.51,474.54,Inactive,2025-02-25
EV13685,Kochi,Fast,Bus,20.1,231.29,Active,2025-12-09
EV13686,Bengaluru,Level 2,Bus,167.34,465.18,Inactive,2025-03-14
EV13687,Chennai,Slow,Bike,33.26,330.54,Active,2025-09-17
EV13688,Calicut,Level 2,Bus,38.64,73.16,Inactive,2025-08-05
EV13689,Trivandrum,Slow,Bus,228.55,349.55,Inactive,2025-03-24
EV13690,Mumbai,Level 2,Bike,151.81,247.5,Inactive,2025-03-15
EV13691,Kochi,Level 2,Bus,225.8,315.88,Inactive,2025-03-01
EV13692,Chennai,Slow,Car,151.13,153.45,Inactive,2025-04-15
EV13693,Trivandrum,Level 2,Bike,85.16,192.26,Active,2025-03-01
EV13694,Trivandrum,DC Fast,Car,32.95,129.26,Inactive,2025-06-13
EV13695,Calicut,Fast,Bus,85.18,150.19,Inactive,2025-12-03
EV13696,Delhi,Level 2,Bus,242.63,355.9,Active,2025-12-27
EV13697,Mumbai,Level 2,Car,83.24,70.57,Inactive,2025-09-06
EV13698,Hyderabad,Level 2,Car,208.6,488.96,Inactive,2025-05-31
EV13699,Delhi,Level 2,Car,194.05,164.31,Inactive,2025-07-15
EV13700,Hyderabad,Level 2,Bike,33.43,87.67,Inactive,2025-03-24
EV13701,Calicut,DC Fast,Bus,79.89,365.52,Active,2025-05-06
EV13702,Mumbai,Fast,Bike,47.96,118.16,Inactive,2025-09-20
EV13703,Hyderabad,Slow,Bus,22.72,281.58,Active,2025-05-30
EV13704,Bengaluru,Fast,Bike,224.94,378.19,Active,2025-04-24
EV13705,Trivandrum,Slow,Bike,217.72,390.77,Active,2025-07-22
EV13706,Bengaluru,DC Fast,Bike,108.26,81.88,Inactive,2025-08-25
EV13707,Hyderabad,Fast,Bus,190.7,391.6,Inactive,2025-06-12
EV13708,Chennai,Level 2,Bus,90.53,332.98,Inactive,2025-10-08
EV13709,Bengaluru,Level 2,Bike,72.81,107.75,Inactive,2025-12-05
EV13710,Delhi,Fast,Bike,92.84,162.19,Active,2025-04-19
EV13711,Calicut,Fast,Bike,58.18,57.47,Active,2025-01-22
EV13712,Mumbai,DC Fast,Car,249.9,361.25,Inactive,2025-09-09
EV13713,Hyderabad,Fast,Bike,19.93,211.29,Active,2025-01-22
EV13714,Chennai,Fast,Bus,18.76,298.42,Inactive,2025-11-01
EV13715,Delhi,DC Fast,Bus,212.5,248.91,Inactive,2025-03-17
EV13716,Trivandrum,Fast,Bike,94.97,182.76,Inactive,2025-06-15
EV13717,Delhi,Fast,Bus,45.75,341.76,Inactive,2025-02-22
EV13718,Delhi,Fast,Car,166.14,291.62,Inactive,2025-08-17
EV13719,Trivandrum,DC Fast,Bus,21.62,299.81,Active,2025-07-21
EV13720,Bengaluru,Level 2,Car,226.51,348.74,Active,2025-06-05
EV13721,Trivandrum,Slow,Bike,182.27,37.82,Inactive,2025-08-11
EV13722,Hyderabad,Level 2,Bike,28.74,429.43,Inactive,2025-03-15
EV13723,Trivandrum,Fast,Bike,49.83,347.41,Inactive,2025-08-30
EV13724,Mumbai,Slow,Bus,71.87,191.01,Active,2025-06-30
EV13725,Delhi,DC Fast,Car,113.12,421.33,Inactive,2025-07-07
EV13726,Delhi,Level 2,Bike,128.95,441.51,Inactive,2025-08-12
EV13727,Mumbai,DC Fast,Bus,238.72,189.93,Inactive,2025-02-09
EV13728,Trivandrum,Slow,Car,109.96,28.42,Active,2025-10-29
EV13729,Chennai,Slow,Bus,235.91,266.67,Inactive,2025-10-05
EV13730,Calicut,Fast,Car,113.53,25.62,Active,2025-12-23
EV13731,Kochi,DC Fast,Bus,49.53,425.38,Inactive,2025-12-23
EV13732,Chennai,Fast,Bus,99.8,177.25,Inactive,2025-10-28
EV13733,Kochi,DC Fast,Bike,56.24,123.89,Inactive,2025-11-02
EV13734,Chennai,Slow,Bus,196.48,180.43,Active,2025-04-28
EV13735,Kochi,DC Fast,Car,238.71,278.22,Inactive,2025-05-15
EV13736,Hyderabad,DC Fast,Car,228.06,201.27,Active,2025-02-27
EV13737,Calicut,DC Fast,Bike,213.33,23.24,Inactive,2025-10-28
EV13738,Bengaluru,Level 2,Bike,131.61,154.38,Active,2025-01-17
EV13739,Kochi,Level 2,Bike,18.84,110.93,Inactive,2025-09-05
EV13740,Delhi,Level 2,Bus,48.18,486.41,Inactive,2025-10-02
EV13741,Chennai,DC Fast,Bike,20.24,126.37,Active,2025-01-05
EV13742,Calicut,DC Fast,Bike,134.28,48.13,Inactive,2025-12-12
EV13743,Chennai,Slow,Bus,102.49,54.61,Inactive,2025-01-24
EV13744,Delhi,Fast,Car,203.23,409.29,Active,2025-02-11
EV13745,Trivandrum,DC Fast,Car,200.85,414.39,Active,2025-10-26
EV13746,Trivandrum,Level 2,Car,168.01,44.52,Inactive,2025-08-04
EV13747,Chennai,DC Fast,Car,187.85,246.11,Inactive,2025-10-21
EV13748,Bengaluru,Slow,Car,244.15,114.95,Inactive,2025-10-10
EV13749,Trivandrum,Slow,Bus,30.77,337.31,Inactive,2025-03-06
EV13750,Chennai,Fast,Bike,48.08,38.32,Active,2025-01-21
EV13751,Kochi,DC Fast,Bike,14.47,343.72,Active,2025-07-02
EV13752,Kochi,Slow,Bike,74.36,484.95,Active,2025-05-06
EV13753,Trivandrum,Slow,Bike,47.45,121.2,Inactive,2025-02-03
EV13754,Trivandrum,Level 2,Bike,157.84,102.35,Inactive,2025-12-10
EV13755,Hyderabad,Fast,Bike,47.45,313.36,Inactive,2025-10-31
EV13756,Bengaluru,Level 2,Bus,65.94,78.24,Active,2025-04-19
EV13757,Kochi,Fast,Car,18.62,389.75,Inactive,2025-11-07
EV13758,Delhi,DC Fast,Bike,30.94,164.17,Active,2025-04-25
EV13759,Hyderabad,Level 2,Bike,198.31,328.26,Active,2025-01-15
EV13760,Mumbai,Slow,Car,165.09,339.45,Inactive,2025-09-17
EV13761,Kochi,Slow,Bike,70.86,264.15,Active,2025-12-03
EV13762,Hyderabad,DC Fast,Bus,99.25,283.12,Active,2025-01-10
EV13763,Mumbai,DC Fast,Bike,98.52,193.99,Inactive,2025-02-01
EV13764,Mumbai,Fast,Bike,221.24,303.44,Active,2025-05-14
EV13765,Chennai,Slow,Bike,207.37,301.29,Inactive,2025-08-20
EV13766,Bengaluru,DC Fast,Car,206.15,227.88,Inactive,2025-01-10
EV13767,Kochi,DC Fast,Bus,245.82,128.47,Inactive,2025-02-10
EV13768,Mumbai,Fast,Bike,75.58,114.21,Inactive,2025-05-19
EV13769,Trivandrum,Fast,Car,52.22,450.55,Inactive,2025-02-09
EV13770,Hyderabad,Level 2,Bike,170.75,102.67,Inactive,2025-10-25
EV13771,Kochi,Level 2,Bike,150.97,188.25,Active,2025-03-27
EV13772,Hyderabad,Slow,Bus,224.13,424.01,Inactive,2025-05-19
EV13773,Calicut,Slow,Car,32.05,431.99,Inactive,2025-04-25
EV13774,Hyderabad,Level 2,Bus,30.39,494.59,Active,2025-04-18
EV13775,Bengaluru,Fast,Bike,127.7,140.29,Inactive,2025-06-01
EV13776,Delhi,DC Fast,Bike,186.47,44.52,Active,2025-08-12
EV13777,Delhi,DC Fast,Bike,76.0,349.62,Inactive,2025-03-27
EV13778,Hyderabad,Slow,Bus,112.26,274.46,Active,2025-03-24
EV13779,Trivandrum,Slow,Car,51.8,169.36,Active,2025-05-01
EV13780,Bengaluru,Fast,Bus,227.16,498.2,Inactive,2025-08-13
EV13781,Chennai,Slow,Car,122.03,94.82,Inactive,2025-12-15
EV13782,Trivandrum,Slow,Bus,105.69,444.47,Active,2025-10-23
EV13783,Chennai,Slow,Bus,241.15,66.36,Inactive,2025-06-10
EV13784,Mumbai,Level 2,Bus,21.39,151.91,Inactive,2025-10-26
EV13785,Calicut,Slow,Car,101.05,471.06,Active,2025-10-29
EV13786,Kochi,DC Fast,Bike,111.96,115.12,Active,2025-03-16
EV13787,Trivandrum,DC Fast,Car,57.31,351.39,Active,2025-09-30
EV13788,Mumbai,Level 2,Car,154.08,300.43,Inactive,2025-07-13
EV13789,Hyderabad,Fast,Car,177.7,210.16,Inactive,2025-06-16
EV13790,Bengaluru,Fast,Car,50.14,211.53,Active,2025-10-28
EV13791,Chennai,DC Fast,Car,164.49,304.01,Inactive,2025-09-13
EV13792,Calicut,Fast,Bike,100.09,395.86,Active,2025-09-16
EV13793,Chennai,Slow,Bike,126.92,165.92,Active,2025-01-14
EV13794,Trivandrum,Level 2,Car,194.78,322.26,Inactive,2025-07-18
EV13795,Trivandrum,Fast,Bike,205.91,57.85,Inactive,2025-11-09
EV13796,Mumbai,DC Fast,Bus,99.69,290.68,Active,2025-04-10
EV13797,Trivandrum,Fast,Bike,46.82,277.48,Active,2025-04-02
EV13798,Kochi,Slow,Bus,11.09,142.37,Inactive,2025-07-13
EV13799,Kochi,Slow,Car,102.54,140.61,Active,2025-11-27
EV13800,Kochi,DC Fast,Bus,206.09,465.27,Active,2025-02-23
EV13801,Trivandrum,Slow,Car,13.08,70.84,Inactive,2025-08-14
EV13802,Kochi,Slow,Car,31.14,91.66,Inactive,2025-10-03
EV13803,Trivandrum,Fast,Bike,142.84,241.35,Active,2025-07-08
EV13804,Mumbai,Fast,Bike,27.39,485.49,Inactive,2025-10-21
EV13805,Kochi,Fast,Bus,102.16,410.17,Inactive,2025-01-13
EV13806,Chennai,DC Fast,Bike,228.63,272.99,Active,2025-03-12
EV13807,Bengaluru,DC Fast,Bike,242.79,388.43,Inactive,2025-01-12
EV13808,Delhi,DC Fast,Car,31.52,430.47,Active,2025-06-05
EV13809,Bengaluru,Fast,Bike,83.05,298.82,Inactive,2025-10-12
EV13810,Kochi,DC Fast,Bus,61.4,278.28,Inactive,2025-08-05
EV13811,Trivandrum,Level 2,Bus,173.12,287.79,Inactive,2025-07-11
EV13812,Bengaluru,DC Fast,Bus,179.11,400.4,Inactive,2025-05-08
EV13813,Hyderabad,Slow,Bike,125.37,313.16,Active,2025-07-25
EV13814,Delhi,Fast,Bus,129.51,496.1,Active,2025-01-10
EV13815,Mumbai,DC Fast,Bike,88.62,43.68,Active,2025-02-28
EV13816,Trivandrum,DC Fast,Car,48.81,358.13,Inactive,2025-11-27
EV13817,Trivandrum,Slow,Car,25.65,223.53,Active,2025-09-20
EV13818,Kochi,Slow,Bus,83.44,418.68,Active,2025-06-20
EV13819,Mumbai,Level 2,Bus,54.18,277.45,Active,2025-04-09
EV13820,Bengaluru,DC Fast,Bike,199.23,252.14,Inactive,2025-08-11
EV13821,Mumbai,Fast,Bus,107.35,285.3,Inactive,2025-08-27
EV13822,Hyderabad,Level 2,Bus,214.14,394.68,Active,2025-03-02
EV13823,Hyderabad,Slow,Car,183.87,397.86,Inactive,2025-11-15
EV13824,Trivandrum,Slow,Car,107.42,87.71,Active,2025-11-07
EV13825,Trivandrum,Fast,Car,95.96,84.09,Inactive,2025-07-17
EV13826,Delhi,Slow,Bus,35.26,464.91,Inactive,2025-09-07
EV13827,Mumbai,Slow,Car,75.93,137.19,Active,2025-10-09
EV13828,Kochi,Fast,Bus,100.6,47.11,Active,2025-12-22
EV13829,Kochi,Slow,Bus,144.37,393.38,Inactive,2025-08-25
EV13830,Calicut,Slow,Bus,92.51,82.73,Inactive,2025-12-27
EV13831,Hyderabad,Slow,Bus,10.38,322.59,Inactive,2025-06-19
EV13832,Bengaluru,Fast,Car,94.49,156.19,Inactive,2025-07-31
EV13833,Hyderabad,Slow,Car,199.51,171.09,Active,2025-06-28
EV13834,Chennai,Slow,Car,110.57,474.67,Active,2025-06-04
EV13835,Bengaluru,Level 2,Bike,248.54,81.85,Active,2025-05-07
EV13836,Trivandrum,Level 2,Car,225.6,439.67,Inactive,2025-09-04
EV13837,Delhi,Level 2,Bike,131.19,290.48,Inactive,2025-11-12
EV13838,Bengaluru,Level 2,Bus,26.62,182.04,Inactive,2025-04-04
EV13839,Bengaluru,Slow,Bus,202.59,285.84,Active,2025-02-04
EV13840,Hyderabad,DC Fast,Bike,237.11,219.33,Active,2025-06-09
EV13841,Mumbai,Fast,Bike,86.75,99.19,Inactive,2025-01-11
EV13842,Delhi,Slow,Bus,70.92,372.45,Inactive,2025-10-30
EV13843,Hyderabad,DC Fast,Bike,166.3,487.38,Inactive,2025-10-28
EV13844,Calicut,DC Fast,Bus,115.49,138.78,Active,2025-07-23
EV13845,Trivandrum,Slow,Bus,42.22,54.75,Inactive,2025-08-18
EV13846,Calicut,Fast,Bus,181.51,227.83,Inactive,2025-12-03
EV13847,Hyderabad,Level 2,Bus,48.24,259.84,Inactive,2025-05-23
EV13848,Mumbai,DC Fast,Bus,29.05,207.15,Inactive,2025-07-01
EV13849,Mumbai,DC Fast,Bike,151.15,98.1,Active,2025-12-28
EV13850,Calicut,Fast,Bus,73.4,441.59,Active,2025-12-14
EV13851,Chennai,Slow,Bike,183.92,344.17,Active,2025-07-10
EV13852,Delhi,Slow,Bike,15.13,259.66,Inactive,2025-12-24
EV13853,Calicut,Fast,Bike,205.65,473.57,Inactive,2025-03-23
EV13854,Hyderabad,Level 2,Bike,42.24,327.27,Inactive,2025-05-29
EV13855,Bengaluru,Fast,Car,183.51,396.92,Inactive,2025-08-07
EV13856,Chennai,Fast,Bike,160.19,458.4,Inactive,2025-09-15
EV13857,Bengaluru,Level 2,Car,243.97,132.13,Active,2025-03-01
EV13858,Kochi,Fast,Car,136.35,485.62,Inactive,2025-10-03
EV13859,Bengaluru,Slow,Bus,239.27,486.23,Inactive,2025-01-15
EV13860,Trivandrum,DC Fast,Bus,109.16,357.0,Active,2025-09-10
EV13861,Chennai,Fast,Bike,33.45,187.16,Active,2025-12-18
EV13862,Mumbai,Level 2,Car,117.94,126.75,Inactive,2025-10-07
EV13863,Delhi,Level 2,Bike,182.58,200.37,Inactive,2025-02-19
EV13864,Hyderabad,Level 2,Bike,25.67,481.2,Active,2025-06-04
EV13865,Chennai,Level 2,Car,32.43,263.98,Active,2025-10-08
EV13866,Kochi,Slow,Car,99.76,498.84,Active,2025-01-06
EV13867,Calicut,Slow,Bus,81.45,108.39,Active,2025-08-03
EV13868,Kochi,Slow,Bus,146.21,494.56,Inactive,2025-06-03
EV13869,Hyderabad,Fast,Bike,196.36,316.6,Inactive,2025-02-01
EV13870,Delhi,Fast,Car,20.17,335.37,Active,2025-03-06
EV13871,Bengaluru,DC Fast,Bike,152.14,199.72,Inactive,2025-11-30
EV13872,Bengaluru,Fast,Car,152.22,159.8,Inactive,2025-07-28
EV13873,Calicut,DC Fast,Bike,158.57,334.75,Inactive,2025-11-05
EV13874,Calicut,DC Fast,Car,58.47,342.22,Active,2025-04-14
EV13875,Mumbai,Fast,Car,192.17,239.13,Active,2025-02-21
EV13876,Mumbai,Slow,Bike,59.93,68.94,Active,2025-08-18
EV13877,Trivandrum,DC Fast,Bus,208.27,259.8,Inactive,2025-12-15
EV13878,Hyderabad,Level 2,Car,42.45,370.36,Active,2025-06-28
EV13879,Chennai,Fast,Car,32.68,105.64,Active,2025-07-31
EV13880,Kochi,DC Fast,Bus,63.84,137.7,Active,2025-11-11
EV13881,Calicut,Slow,Bike,213.32,328.75,Active,2025-07-15
EV13882,Calicut,Slow,Bike,25.13,343.15,Active,2025-04-04
EV13883,Delhi,Level 2,Car,188.8,382.92,Active,2025-11-06
EV13884,Mumbai,Slow,Car,177.1,201.31,Inactive,2025-06-10
EV13885,Kochi,DC Fast,Bike,240.77,145.73,Inactive,2025-03-13
EV13886,Bengaluru,DC Fast,Car,188.42,285.69,Inactive,2025-08-12
EV13887,Calicut,Level 2,Car,232.79,223.9,Active,2025-02-02
EV13888,Hyderabad,Level 2,Bike,11.09,97.13,Inactive,2025-08-03
EV13889,Kochi,Slow,Bus,11.12,260.53,Inactive,2025-02-25
EV13890,Calicut,Level 2,Bus,229.55,135.61,Active,2025-12-17
EV13891,Chennai,Level 2,Car,163.16,99.88,Active,2025-07-27
EV13892,Calicut,Level 2,Bus,139.19,247.04,Active,2025-10-18
EV13893,Hyderabad,DC Fast,Bus,128.6,344.28,Active,2025-01-03
EV13894,Chennai,DC Fast,Bus,139.31,279.93,Active,2025-12-20
EV13895,Mumbai,DC Fast,Bus,197.29,316.13,Inactive,2025-09-08
EV13896,Kochi,DC Fast,Bus,158.15,138.16,Active,2025-01-01
EV13897,Mumbai,DC Fast,Car,29.92,339.38,Inactive,2025-03-25
EV13898,Chennai,Slow,Bike,232.98,68.07,Active,2025-03-22
EV13899,Calicut,Slow,Car,102.32,80.44,Active,2025-12-29
EV13900,Bengaluru,Level 2,Car,99.16,25.07,Inactive,2025-07-25
EV13901,Delhi,Fast,Bus,159.14,450.98,Active,2025-05-14
EV13902,Delhi,Level 2,Bike,219.31,183.31,Inactive,2025-04-18
EV13903,Hyderabad,Fast,Bus,47.3,385.57,Active,2025-12-24
EV13904,Bengaluru,Fast,Bike,217.31,414.01,Inactive,2025-11-27
EV13905,Delhi,Slow,Bus,110.13,68.71,Active,2025-10-22
EV13906,Mumbai,DC Fast,Car,131.26,385.35,Inactive,2025-04-09
EV13907,Hyderabad,Slow,Bus,187.53,413.1,Inactive,2025-01-20
EV13908,Calicut,Slow,Car,115.44,475.99,Inactive,2025-02-08
EV13909,Chennai,Fast,Car,103.53,302.13,Active,2025-09-13
EV13910,Kochi,DC Fast,Car,188.77,59.35,Inactive,2025-09-12
EV13911,Mumbai,Level 2,Bike,34.6,304.76,Inactive,2025-12-26
EV13912,Delhi,Level 2,Car,64.33,262.23,Inactive,2025-09-18
EV13913,Delhi,DC Fast,Car,111.68,349.39,Inactive,2025-07-21
EV13914,Chennai,Slow,Bus,95.4,438.6,Inactive,2025-01-25
EV13915,Trivandrum,Slow,Bike,214.23,108.08,Inactive,2025-02-09
EV13916,Bengaluru,DC Fast,Bus,208.88,96.75,Active,2025-06-06
EV13917,Chennai,Level 2,Bike,247.3,280.19,Inactive,2025-12-17
EV13918,Trivandrum,Slow,Car,199.24,180.85,Inactive,2025-05-08
EV13919,Chennai,Level 2,Bus,137.39,483.6,Active,2025-12-14
EV13920,Calicut,Fast,Bike,199.82,280.72,Active,2025-10-30
EV13921,Bengaluru,Level 2,Bike,118.71,147.3,Active,2025-10-16
EV13922,Mumbai,Fast,Car,142.86,104.89,Active,2025-03-10
EV13923,Delhi,DC Fast,Bus,185.53,203.6,Active,2025-08-27
EV13924,Delhi,Fast,Bike,181.57,342.62,Active,2025-08-10
EV13925,Kochi,Fast,Bus,183.33,150.89,Active,2025-12-24
EV13926,Bengaluru,Fast,Bike,245.58,73.63,Inactive,2025-07-16
EV13927,Kochi,Slow,Car,170.78,399.19,Active,2025-08-12
EV13928,Bengaluru,Fast,Bus,137.57,440.86,Inactive,2025-04-16
EV13929,Chennai,DC Fast,Bike,145.63,241.75,Inactive,2025-05-26
EV13930,Delhi,DC Fast,Bus,11.13,292.0,Active,2025-04-26
EV13931,Delhi,Level 2,Bus,75.98,230.52,Inactive,2025-01-30
EV13932,Chennai,Slow,Bike,228.24,194.8,Active,2025-06-06
EV13933,Hyderabad,Slow,Bike,233.36,158.62,Inactive,2025-08-30
EV13934,Bengaluru,DC Fast,Bus,71.33,143.15,Active,2025-10-29
EV13935,Chennai,Level 2,Bus,77.83,175.99,Active,2025-03-20
EV13936,Bengaluru,Slow,Bus,216.59,120.8,Inactive,2025-11-15
EV13937,Chennai,Level 2,Bus,174.57,244.53,Active,2025-03-24
EV13938,Chennai,Slow,Bike,211.54,445.82,Active,2025-12-04
EV13939,Trivandrum,Fast,Bike,81.12,197.98,Active,2025-12-16
EV13940,Hyderabad,Fast,Bike,169.59,58.42,Active,2025-05-20
EV13941,Trivandrum,Level 2,Car,192.69,287.46,Inactive,2025-08-03
EV13942,Mumbai,Level 2,Bike,233.31,317.93,Inactive,2025-10-27
EV13943,Mumbai,Fast,Car,119.49,53.43,Inactive,2025-01-13
EV13944,Hyderabad,Slow,Car,19.95,213.35,Active,2025-07-27
EV13945,Mumbai,DC Fast,Bike,243.7,27.92,Inactive,2025-01-05
EV13946,Calicut,Fast,Bus,184.68,263.89,Inactive,2025-05-02
EV13947,Trivandrum,Level 2,Car,171.94,162.02,Inactive,2025-03-17
EV13948,Calicut,Level 2,Car,225.77,167.56,Inactive,2025-09-09
EV13949,Trivandrum,DC Fast,Bike,28.89,314.0,Active,2025-06-04
EV13950,Trivandrum,DC Fast,Bike,58.43,80.27,Inactive,2025-07-02
EV13951,Mumbai,DC Fast,Bus,179.64,368.9,Inactive,2025-06-14
EV13952,Trivandrum,DC Fast,Car,218.99,53.84,Active,2025-11-26
EV13953,Calicut,Level 2,Bike,202.44,440.35,Active,2025-07-01
EV13954,Chennai,DC Fast,Bike,197.54,207.01,Active,2025-11-09
EV13955,Trivandrum,DC Fast,Car,78.17,173.26,Active,2025-06-23
EV13956,Bengaluru,DC Fast,Bus,208.18,343.54,Active,2025-09-24
EV13957,Delhi,Level 2,Bike,43.04,375.18,Inactive,2025-03-05
EV13958,Calicut,Slow,Bus,153.92,45.85,Active,2025-02-22
EV13959,Mumbai,DC Fast,Car,231.63,110.06,Active,2025-02-05
EV13960,Kochi,Slow,Car,110.77,301.98,Inactive,2025-08-29
EV13961,Hyderabad,Fast,Car,186.14,182.73,Active,2025-10-09
EV13962,Hyderabad,DC Fast,Bike,124.52,346.59,Inactive,2025-01-13
EV13963,Trivandrum,Level 2,Car,34.2,486.52,Inactive,2025-12-28
EV13964,Mumbai,Level 2,Car,224.29,73.16,Active,2025-04-06
EV13965,Trivandrum,DC Fast,Bike,201.37,340.88,Active,2025-02-05
EV13966,Mumbai,Fast,Car,63.09,35.36,Active,2025-03-15
EV13967,Bengaluru,Slow,Car,190.55,154.71,Active,2025-07-30
EV13968,Kochi,Level 2,Bike,153.61,200.6,Active,2025-02-22
EV13969,Kochi,Fast,Bike,77.57,182.98,Inactive,2025-01-24
EV13970,Chennai,Fast,Car,197.75,66.82,Active,2025-02-10
EV13971,Calicut,Level 2,Bike,48.57,365.18,Active,2025-08-09
EV13972,Kochi,DC Fast,Bike,91.93,48.49,Inactive,2025-01-19
EV13973,Mumbai,Fast,Bus,51.86,214.95,Active,2025-04-03
EV13974,Chennai,DC Fast,Car,32.75,434.82,Inactive,2025-05-29
EV13975,Mumbai,Fast,Car,232.33,494.39,Inactive,2025-05-05
EV13976,Chennai,Fast,Car,191.03,325.96,Inactive,2025-12-13
EV13977,Delhi,Fast,Car,124.07,105.86,Active,2025-02-08
EV13978,Trivandrum,Fast,Bus,183.15,431.53,Active,2025-07-27
EV13979,Kochi,Fast,Bus,96.84,79.57,Active,2025-05-06
EV13980,Chennai,Level 2,Car,163.21,357.3,Inactive,2025-07-03
EV13981,Kochi,Slow,Bus,101.25,216.69,Active,2025-01-20
EV13982,Bengaluru,DC Fast,Bus,47.85,28.89,Inactive,2025-04-25
EV13983,Delhi,Level 2,Bike,201.17,160.47,Inactive,2025-03-13
EV13984,Calicut,Level 2,Car,17.6,335.65,Inactive,2025-12-16
EV13985,Chennai,DC Fast,Car,192.37,269.16,Inactive,2025-02-05
EV13986,Calicut,DC Fast,Car,144.64,257.12,Active,2025-10-27
EV13987,Delhi,Level 2,Bus,208.95,69.61,Inactive,2025-09-12
EV13988,Kochi,Level 2,Bike,110.78,337.98,Active,2025-12-26
EV13989,Chennai,Slow,Bike,148.44,69.24,Inactive,2025-09-08
EV13990,Delhi,Fast,Bus,146.37,289.63,Inactive,2025-05-01
EV13991,Bengaluru,Slow,Bike,169.3,181.16,Inactive,2025-10-08
EV13992,Bengaluru,DC Fast,Bus,115.09,337.61,Active,2025-03-30
EV13993,Kochi,Level 2,Car,225.25,113.79,Inactive,2025-05-18
EV13994,Trivandrum,DC Fast,Bike,211.75,92.94,Inactive,2025-03-27
EV13995,Trivandrum,Slow,Bike,141.81,202.12,Active,2025-07-09
EV13996,Delhi,DC Fast,Bus,130.79,26.49,Inactive,2025-09-14
EV13997,Chennai,DC Fast,Car,74.39,46.48,Active,2025-11-14
EV13998,Kochi,Slow,Car,162.87,295.34,Inactive,2025-05-27
EV13999,Bengaluru,DC Fast,Bus,53.13,24.33,Active,2025-04-03
EV14000,Kochi,Level 2,Bus,225.46,38.69,Active,2025-10-18
EV14001,Delhi,Fast,Car,164.65,55.68,Active,2025-10-06
EV14002,Kochi,Slow,Bike,159.94,432.5,Active,2025-05-01
EV14003,Trivandrum,Level 2,Bus,29.44,79.66,Inactive,2025-10-05
EV14004,Kochi,Fast,Bus,79.66,455.38,Inactive,2025-02-07
EV14005,Chennai,Level 2,Car,171.02,85.94,Inactive,2025-12-03
EV14006,Calicut,Level 2,Bus,15.41,303.62,Inactive,2025-10-27
EV14007,Mumbai,Fast,Bus,237.85,87.31,Inactive,2025-05-27
EV14008,Chennai,Fast,Bus,49.41,259.12,Active,2025-05-27
EV14009,Trivandrum,DC Fast,Car,13.19,427.49,Active,2025-07-05
EV14010,Bengaluru,DC Fast,Car,45.67,330.61,Inactive,2025-11-13
EV14011,Delhi,Fast,Car,248.68,463.1,Inactive,2025-10-14
EV14012,Calicut,DC Fast,Bike,177.08,288.97,Active,2025-05-29
EV14013,Trivandrum,Fast,Car,123.23,285.72,Active,2025-01-04
EV14014,Hyderabad,Level 2,Bike,162.53,26.74,Inactive,2025-12-20
EV14015,Kochi,DC Fast,Bike,81.32,392.85,Active,2025-11-12
EV14016,Chennai,Slow,Bus,11.46,38.82,Inactive,2025-08-18
EV14017,Calicut,Slow,Bike,167.12,43.7,Inactive,2025-03-02
EV14018,Delhi,DC Fast,Bike,73.52,462.47,Inactive,2025-01-06
EV14019,Chennai,Fast,Bike,39.13,191.2,Inactive,2025-04-30
EV14020,Delhi,Level 2,Bus,45.69,385.94,Inactive,2025-10-30
EV14021,Chennai,Slow,Bike,153.81,248.99,Active,2025-01-26
EV14022,Trivandrum,Fast,Bike,215.06,354.73,Inactive,2025-09-07
EV14023,Delhi,Level 2,Bus,166.18,331.47,Inactive,2025-07-12
EV14024,Trivandrum,DC Fast,Car,226.88,21.27,Active,2025-11-19
EV14025,Bengaluru,Level 2,Bus,201.06,99.48,Active,2025-01-22
EV14026,Chennai,Fast,Bike,226.42,305.05,Active,2025-02-20
EV14027,Trivandrum,Fast,Car,167.78,241.92,Inactive,2025-02-20
EV14028,Bengaluru,Fast,Car,54.21,228.18,Active,2025-11-13
EV14029,Mumbai,DC Fast,Car,13.91,463.89,Active,2025-04-29
EV14030,Trivandrum,Level 2,Car,218.77,105.08,Inactive,2025-09-27
EV14031,Delhi,Slow,Bike,47.27,229.66,Active,2025-09-11
EV14032,Bengaluru,Level 2,Bus,230.6,96.48,Active,2025-08-01
EV14033,Hyderabad,Level 2,Bus,220.62,425.37,Inactive,2025-12-03
EV14034,Trivandrum,Level 2,Bus,110.54,243.99,Active,2025-02-11
EV14035,Hyderabad,DC Fast,Bus,92.7,394.87,Inactive,2025-04-25
EV14036,Calicut,Slow,Bus,153.38,163.53,Inactive,2025-03-11
EV14037,Kochi,Fast,Bus,210.14,400.05,Inactive,2025-08-28
EV14038,Mumbai,Level 2,Bus,132.75,263.0,Inactive,2025-07-01
EV14039,Trivandrum,DC Fast,Bus,103.63,56.54,Inactive,2025-11-04
EV14040,Hyderabad,Slow,Bike,200.11,131.26,Inactive,2025-05-18
EV14041,Trivandrum,Level 2,Car,204.95,326.59,Active,2025-01-31
EV14042,Delhi,Level 2,Bike,32.71,479.62,Inactive,2025-11-24
EV14043,Bengaluru,Level 2,Car,241.2,170.44,Active,2025-11-16
EV14044,Trivandrum,Fast,Bus,163.78,302.25,Active,2025-05-14
EV14045,Calicut,Slow,Bike,137.91,423.18,Active,2025-02-06
EV14046,Bengaluru,Level 2,Bus,71.03,292.13,Inactive,2025-01-12
EV14047,Chennai,Slow,Bike,164.12,161.91,Active,2025-08-05
EV14048,Hyderabad,Level 2,Bus,85.47,288.75,Inactive,2025-02-19
EV14049,Calicut,Slow,Car,60.57,224.5,Active,2025-11-10
EV14050,Delhi,Slow,Bus,73.32,154.95,Active,2025-01-19
EV14051,Chennai,Slow,Bus,104.22,135.31,Active,2025-07-15
EV14052,Delhi,DC Fast,Bus,173.12,310.63,Inactive,2025-09-24
EV14053,Delhi,Level 2,Car,146.25,372.23,Active,2025-12-26
EV14054,Chennai,Level 2,Bus,167.61,333.23,Inactive,2025-03-17
EV14055,Trivandrum,Fast,Bike,41.75,480.37,Active,2025-07-08
EV14056,Hyderabad,Slow,Bus,108.09,335.27,Inactive,2025-07-31
EV14057,Calicut,Fast,Bike,14.84,385.17,Active,2025-06-29
EV14058,Hyderabad,Level 2,Car,111.83,444.1,Inactive,2025-06-14
EV14059,Bengaluru,Slow,Car,143.65,489.48,Active,2025-10-26
EV14060,Trivandrum,Slow,Bus,14.43,27.85,Inactive,2025-05-23
EV14061,Bengaluru,Slow,Bike,126.96,430.4,Inactive,2025-08-26
EV14062,Bengaluru,Slow,Bus,218.77,386.47,Active,2025-09-23
EV14063,Trivandrum,Fast,Bike,139.91,36.07,Active,2025-11-24
EV14064,Kochi,Slow,Bus,140.52,177.14,Active,2025-07-16
EV14065,Mumbai,DC Fast,Car,44.94,280.99,Inactive,2025-05-26
EV14066,Bengaluru,Level 2,Car,238.95,138.44,Inactive,2025-10-21
EV14067,Calicut,Slow,Bike,46.76,75.63,Inactive,2025-04-11
EV14068,Chennai,Slow,Bus,155.66,315.28,Inactive,2025-12-18
EV14069,Chennai,Slow,Car,91.51,113.12,Inactive,2025-11-14
EV14070,Chennai,Fast,Bus,212.46,213.01,Active,2025-03-23
EV14071,Hyderabad,Slow,Car,179.37,143.04,Active,2025-06-23
EV14072,Bengaluru,DC Fast,Bus,106.57,264.25,Active,2025-11-20
EV14073,Kochi,Level 2,Bus,91.16,225.25,Active,2025-08-21
EV14074,Calicut,DC Fast,Bike,239.87,235.05,Active,2025-10-25
EV14075,Kochi,Fast,Car,101.9,84.3,Active,2025-09-27
EV14076,Chennai,Level 2,Bike,134.87,207.27,Active,2025-11-23
EV14077,Bengaluru,Fast,Bike,249.45,65.87,Inactive,2025-07-01
EV14078,Hyderabad,Level 2,Bus,126.85,259.78,Active,2025-08-29
EV14079,Kochi,Slow,Car,73.17,318.77,Inactive,2025-10-15
EV14080,Delhi,DC Fast,Bus,147.9,244.07,Inactive,2025-09-28
EV14081,Delhi,DC Fast,Bike,147.51,230.71,Inactive,2025-08-04
EV14082,Delhi,Fast,Bike,134.95,250.59,Inactive,2025-02-14
EV14083,Delhi,Fast,Car,223.8,243.96,Active,2025-07-21
EV14084,Calicut,Fast,Bus,222.77,345.1,Active,2025-04-05
EV14085,Mumbai,DC Fast,Car,196.78,228.57,Active,2025-09-06
EV14086,Hyderabad,DC Fast,Bike,131.32,366.05,Inactive,2025-06-14
EV14087,Kochi,Level 2,Car,44.18,432.31,Active,2025-10-08
EV14088,Delhi,Level 2,Bus,233.41,335.48,Active,2025-11-15
EV14089,Hyderabad,DC Fast,Bike,236.17,424.85,Active,2025-05-01
EV14090,Bengaluru,Level 2,Bike,133.36,60.1,Active,2025-05-08
EV14091,Kochi,Slow,Bike,191.1,43.62,Active,2025-07-01
EV14092,Trivandrum,DC Fast,Car,144.37,67.48,Inactive,2025-08-21
EV14093,Delhi,Slow,Car,186.54,151.72,Inactive,2025-12-10
EV14094,Mumbai,Fast,Bike,67.69,242.75,Active,2025-01-23
EV14095,Trivandrum,Slow,Car,225.09,473.28,Inactive,2025-04-02
EV14096,Delhi,DC Fast,Bike,90.83,421.58,Active,2025-11-15
EV14097,Hyderabad,Slow,Car,243.31,186.35,Inactive,2025-06-03
EV14098,Mumbai,Slow,Bus,229.44,169.76,Inactive,2025-08-27
EV14099,Mumbai,DC Fast,Bus,51.79,32.62,Inactive,2025-09-06
EV14100,Mumbai,Fast,Bus,87.28,243.64,Active,2025-05-13
EV14101,Calicut,DC Fast,Car,150.04,88.81,Inactive,2025-05-18
EV14102,Chennai,Level 2,Bike,189.03,289.02,Inactive,2025-02-21
EV14103,Bengaluru,DC Fast,Car,155.23,104.86,Inactive,2025-08-26
EV14104,Mumbai,Level 2,Bike,128.13,102.66,Active,2025-12-04
EV14105,Delhi,Fast,Car,237.59,331.13,Active,2025-05-02
EV14106,Mumbai,DC Fast,Bus,26.62,453.03,Inactive,2025-01-17
EV14107,Hyderabad,DC Fast,Car,155.28,355.61,Active,2025-12-08
EV14108,Hyderabad,Fast,Car,157.61,122.3,Active,2025-03-28
EV14109,Chennai,Slow,Bus,119.01,30.41,Inactive,2025-06-02
EV14110,Calicut,Level 2,Bike,243.05,232.99,Inactive,2025-09-07
EV14111,Calicut,DC Fast,Bike,115.22,115.25,Inactive,2025-02-01
EV14112,Bengaluru,Level 2,Bus,150.71,286.99,Inactive,2025-08-19
EV14113,Mumbai,Fast,Bike,59.56,374.83,Inactive,2025-04-26
EV14114,Kochi,Fast,Bus,135.62,150.01,Active,2025-06-26
EV14115,Calicut,DC Fast,Bus,67.86,265.48,Active,2025-12-22
EV14116,Mumbai,Slow,Bus,13.78,107.41,Inactive,2025-03-11
EV14117,Mumbai,Slow,Bus,61.62,454.25,Active,2025-07-25
EV14118,Chennai,Level 2,Car,16.85,459.93,Inactive,2025-03-30
EV14119,Delhi,Level 2,Bike,193.22,162.91,Active,2025-02-17
EV14120,Chennai,DC Fast,Bus,149.37,265.73,Inactive,2025-05-19
EV14121,Mumbai,Level 2,Bus,17.53,76.13,Inactive,2025-07-18
EV14122,Delhi,Slow,Bike,236.8,335.48,Active,2025-09-16
EV14123,Mumbai,Fast,Bike,78.34,359.28,Inactive,2025-03-14
EV14124,Delhi,Slow,Bike,91.66,34.42,Inactive,2025-03-14
EV14125,Bengaluru,Slow,Bike,211.12,250.9,Inactive,2025-10-17
EV14126,Mumbai,Fast,Bike,29.51,334.0,Active,2025-07-03
EV14127,Hyderabad,DC Fast,Car,236.83,253.42,Inactive,2025-09-30
EV14128,Hyderabad,DC Fast,Car,172.56,423.6,Inactive,2025-12-05
EV14129,Mumbai,Level 2,Car,218.58,127.44,Inactive,2025-08-08
EV14130,Delhi,Fast,Bus,119.03,22.6,Inactive,2025-09-12
EV14131,Chennai,DC Fast,Bike,221.82,203.1,Inactive,2025-02-17
EV14132,Trivandrum,DC Fast,Car,114.4,42.5,Active,2025-11-12
EV14133,Delhi,Fast,Bike,29.1,89.31,Inactive,2025-12-24
EV14134,Calicut,Level 2,Car,49.89,174.58,Active,2025-11-17
EV14135,Bengaluru,DC Fast,Car,171.18,498.35,Inactive,2025-06-25
EV14136,Bengaluru,Level 2,Car,107.09,346.76,Active,2025-03-28
EV14137,Kochi,Slow,Bike,37.86,30.93,Inactive,2025-05-11
EV14138,Bengaluru,Slow,Car,182.27,105.53,Inactive,2025-07-23
EV14139,Bengaluru,Fast,Bike,147.52,369.38,Active,2025-06-08
EV14140,Mumbai,Level 2,Car,129.35,396.72,Inactive,2025-01-23
EV14141,Trivandrum,Fast,Bus,147.46,239.41,Inactive,2025-01-19
EV14142,Mumbai,Slow,Bus,195.4,335.08,Active,2025-08-24
EV14143,Chennai,Slow,Car,173.93,440.9,Inactive,2025-09-21
EV14144,Hyderabad,Fast,Car,67.52,210.33,Inactive,2025-10-16
EV14145,Hyderabad,DC Fast,Bike,32.34,219.68,Active,2025-11-25
EV14146,Hyderabad,Slow,Bike,182.35,191.71,Active,2025-09-28
EV14147,Chennai,DC Fast,Bus,118.15,265.54,Inactive,2025-09-03
EV14148,Mumbai,Level 2,Car,116.62,26.82,Inactive,2025-06-24
EV14149,Chennai,DC Fast,Bus,149.22,299.64,Inactive,2025-06-16
EV14150,Calicut,Slow,Bus,221.38,157.99,Active,2025-01-05
EV14151,Bengaluru,Level 2,Bike,33.97,172.02,Active,2025-03-12
EV14152,Chennai,Fast,Bike,216.16,355.63,Active,2025-10-08
EV14153,Hyderabad,Fast,Bike,157.42,107.55,Inactive,2025-12-21
EV14154,Bengaluru,DC Fast,Bike,245.52,162.77,Active,2025-04-27
EV14155,Delhi,Slow,Bus,48.32,184.51,Active,2025-10-09
EV14156,Chennai,Slow,Bike,108.52,305.58,Inactive,2025-04-09
EV14157,Calicut,Level 2,Bus,106.21,145.7,Active,2025-11-15
EV14158,Delhi,DC Fast,Bike,20.77,93.58,Active,2025-05-28
EV14159,Delhi,Slow,Bike,239.57,51.09,Active,2025-06-30
EV14160,Kochi,Fast,Car,168.92,128.18,Active,2025-05-08
EV14161,Kochi,DC Fast,Bike,234.13,94.51,Active,2025-01-25
EV14162,Bengaluru,Level 2,Bike,151.09,123.63,Inactive,2025-02-19
EV14163,Bengaluru,Level 2,Car,100.13,156.95,Inactive,2025-09-28
EV14164,Delhi,Fast,Bus,112.3,423.4,Inactive,2025-07-20
EV14165,Calicut,Slow,Bus,190.47,179.71,Active,2025-03-01
EV14166,Bengaluru,Slow,Car,18.65,71.29,Inactive,2025-12-09
EV14167,Chennai,Fast,Car,31.83,65.31,Active,2025-08-31
EV14168,Delhi,Level 2,Bus,37.67,378.28,Active,2025-08-05
EV14169,Delhi,Slow,Bike,248.72,489.66,Active,2025-11-29
EV14170,Calicut,Level 2,Bike,28.63,279.17,Active,2025-04-07
EV14171,Calicut,DC Fast,Bike,229.13,31.46,Inactive,2025-03-01
EV14172,Kochi,Slow,Bike,34.52,372.39,Inactive,2025-09-17
EV14173,Bengaluru,Level 2,Bike,216.87,430.59,Inactive,2025-04-08
EV14174,Trivandrum,Fast,Bus,118.23,304.07,Inactive,2025-06-18
EV14175,Kochi,Fast,Bus,125.14,406.67,Inactive,2025-07-21
EV14176,Bengaluru,Level 2,Bike,226.75,77.54,Active,2025-01-19
EV14177,Hyderabad,Level 2,Car,100.47,350.73,Active,2025-10-15
EV14178,Calicut,Fast,Bus,95.33,183.3,Active,2025-12-27
EV14179,Chennai,DC Fast,Bus,222.17,104.68,Active,2025-03-12
EV14180,Delhi,Fast,Bike,220.85,407.59,Active,2025-05-01
EV14181,Delhi,Slow,Bus,121.12,148.85,Active,2025-09-24
EV14182,Hyderabad,Level 2,Bus,117.33,229.59,Active,2025-05-15
EV14183,Delhi,Level 2,Car,160.08,198.13,Active,2025-05-05
EV14184,Kochi,DC Fast,Car,84.12,391.63,Active,2025-04-26
EV14185,Hyderabad,Level 2,Car,130.57,341.43,Inactive,2025-11-11
EV14186,Bengaluru,DC Fast,Car,214.37,311.75,Inactive,2025-02-15
EV14187,Chennai,Fast,Bus,107.68,136.64,Inactive,2025-05-20
EV14188,Calicut,Level 2,Car,229.32,153.44,Active,2025-11-23
EV14189,Delhi,DC Fast,Bus,229.76,120.51,Inactive,2025-09-20
EV14190,Bengaluru,Slow,Bus,24.39,467.33,Active,2025-05-18
EV14191,Bengaluru,Level 2,Bike,217.48,202.97,Active,2025-10-18
EV14192,Chennai,Level 2,Bus,243.35,216.12,Inactive,2025-03-14
EV14193,Delhi,Level 2,Bike,49.45,439.77,Inactive,2025-09-18
EV14194,Bengaluru,DC Fast,Bus,49.4,50.55,Active,2025-08-09
EV14195,Kochi,Fast,Bike,218.89,493.38,Inactive,2025-12-30
EV14196,Chennai,Fast,Bus,129.59,216.13,Active,2025-10-21
EV14197,Calicut,Slow,Car,85.6,222.87,Inactive,2025-09-05
EV14198,Trivandrum,Slow,Bus,92.26,267.95,Active,2025-05-27
EV14199,Bengaluru,Slow,Car,110.85,30.99,Active,2025-01-27
EV14200,Chennai,Slow,Car,158.81,261.39,Inactive,2025-04-01
EV14201,Trivandrum,DC Fast,Bus,88.28,195.85,Inactive,2025-08-16
EV14202,Mumbai,Fast,Bus,65.75,481.09,Inactive,2025-08-13
EV14203,Bengaluru,Fast,Bus,43.3,303.4,Inactive,2025-12-24
EV14204,Bengaluru,Slow,Car,209.09,441.05,Active,2025-02-11
EV14205,Bengaluru,Fast,Bus,101.03,450.44,Inactive,2025-11-17
EV14206,Kochi,Level 2,Bike,68.67,494.9,Active,2025-11-08
EV14207,Trivandrum,Slow,Bus,106.45,217.7,Active,2025-02-21
EV14208,Delhi,DC Fast,Bus,60.19,202.48,Active,2025-12-03
EV14209,Bengaluru,Fast,Car,63.02,34.03,Inactive,2025-11-24
EV14210,Hyderabad,Level 2,Car,91.66,379.24,Inactive,2025-04-20
EV14211,Hyderabad,Level 2,Bus,39.95,254.54,Active,2025-11-21
EV14212,Chennai,DC Fast,Bus,98.26,370.55,Inactive,2025-05-23
EV14213,Delhi,Slow,Bus,242.81,370.67,Active,2025-07-07
EV14214,Chennai,Slow,Bus,20.28,176.8,Inactive,2025-11-15
EV14215,Chennai,DC Fast,Bus,138.96,295.66,Active,2025-10-03
EV14216,Chennai,Level 2,Car,86.87,367.51,Active,2025-02-04
EV14217,Trivandrum,Level 2,Bus,115.35,270.93,Active,2025-07-01
EV14218,Chennai,DC Fast,Car,17.69,206.25,Inactive,2025-06-13
EV14219,Hyderabad,DC Fast,Car,86.1,483.82,Inactive,2025-11-09
EV14220,Delhi,Slow,Bus,77.96,249.6,Inactive,2025-12-25
EV14221,Bengaluru,Fast,Bus,140.21,343.47,Active,2025-12-04
EV14222,Mumbai,DC Fast,Bike,166.07,35.29,Inactive,2025-05-23
EV14223,Chennai,Fast,Car,180.39,105.14,Active,2025-06-27
EV14224,Mumbai,Slow,Bike,102.0,75.37,Active,2025-01-24
EV14225,Chennai,Fast,Bike,106.04,29.34,Inactive,2025-12-29
EV14226,Calicut,DC Fast,Bike,206.44,137.46,Inactive,2025-11-04
EV14227,Kochi,Slow,Bus,127.32,123.57,Inactive,2025-06-29
EV14228,Chennai,Slow,Bike,217.37,181.66,Inactive,2025-11-02
EV14229,Calicut,DC Fast,Car,200.43,121.46,Active,2025-07-11
EV14230,Delhi,Level 2,Car,50.69,284.05,Inactive,2025-03-29
EV14231,Mumbai,Fast,Car,185.41,100.86,Active,2025-07-08
EV14232,Bengaluru,DC Fast,Bike,93.16,102.66,Active,2025-05-13
EV14233,Chennai,Level 2,Car,127.89,399.36,Active,2025-07-02
EV14234,Trivandrum,Slow,Car,230.28,420.24,Active,2025-09-28
EV14235,Kochi,Level 2,Bike,47.85,83.17,Active,2025-10-27
EV14236,Mumbai,Fast,Bus,87.28,343.03,Active,2025-12-09
EV14237,Kochi,Fast,Car,140.57,413.31,Inactive,2025-03-31
EV14238,Kochi,Level 2,Bike,70.45,97.68,Inactive,2025-04-26
EV14239,Trivandrum,DC Fast,Bike,125.47,258.47,Inactive,2025-03-03
EV14240,Chennai,DC Fast,Bike,106.48,230.29,Active,2025-03-28
EV14241,Calicut,DC Fast,Bike,207.35,446.28,Active,2025-09-06
EV14242,Kochi,Fast,Car,144.95,142.24,Active,2025-10-24
EV14243,Mumbai,Level 2,Bus,96.41,384.15,Inactive,2025-01-22
EV14244,Calicut,Level 2,Bike,155.76,149.14,Active,2025-05-31
EV14245,Kochi,DC Fast,Bus,184.74,387.08,Inactive,2025-05-15
EV14246,Bengaluru,Slow,Car,216.91,379.92,Inactive,2025-01-09
EV14247,Chennai,Fast,Bus,181.22,168.91,Active,2025-10-17
EV14248,Bengaluru,Fast,Bus,37.61,86.19,Active,2025-03-07
EV14249,Bengaluru,Fast,Car,67.1,279.24,Inactive,2025-05-13
EV14250,Hyderabad,Level 2,Bike,126.82,137.76,Active,2025-01-22
EV14251,Kochi,Slow,Bike,134.58,150.8,Inactive,2025-01-08
EV14252,Trivandrum,DC Fast,Bike,146.5,297.78,Active,2025-02-15
EV14253,Mumbai,Level 2,Bike,113.23,490.63,Active,2025-01-22
EV14254,Kochi,Slow,Bike,190.14,452.0,Inactive,2025-01-11
EV14255,Delhi,Level 2,Bike,24.71,471.75,Active,2025-06-11
EV14256,Delhi,Fast,Car,42.57,52.85,Inactive,2025-09-29
EV14257,Hyderabad,Level 2,Bike,97.57,169.75,Active,2025-04-23
EV14258,Calicut,Level 2,Car,174.24,201.27,Inactive,2025-02-17
EV14259,Chennai,Fast,Car,229.76,440.14,Active,2025-06-07
EV14260,Calicut,Level 2,Bus,232.18,31.45,Active,2025-02-16
EV14261,Bengaluru,Slow,Bike,142.56,226.16,Active,2025-11-05
EV14262,Trivandrum,Level 2,Car,89.37,92.21,Active,2025-02-10
EV14263,Kochi,DC Fast,Bike,22.29,183.58,Active,2025-04-19
EV14264,Delhi,DC Fast,Bus,174.8,45.7,Inactive,2025-12-16
EV14265,Calicut,DC Fast,Bike,139.18,302.86,Inactive,2025-08-09
EV14266,Calicut,Fast,Bus,64.04,340.5,Inactive,2025-04-19
EV14267,Calicut,Level 2,Car,90.98,407.48,Inactive,2025-03-01
EV14268,Hyderabad,Fast,Bus,228.31,366.98,Inactive,2025-06-05
EV14269,Hyderabad,Slow,Bus,220.23,203.19,Inactive,2025-03-16
EV14270,Calicut,Level 2,Car,67.02,180.33,Active,2025-02-19
EV14271,Kochi,Fast,Car,37.6,424.96,Active,2025-09-26
EV14272,Kochi,Fast,Car,111.25,29.77,Inactive,2025-01-11
EV14273,Kochi,Level 2,Car,239.2,31.36,Inactive,2025-10-20
EV14274,Calicut,Level 2,Car,27.02,285.58,Active,2025-09-17
EV14275,Mumbai,DC Fast,Car,75.34,35.48,Inactive,2025-10-07
EV14276,Mumbai,DC Fast,Bike,137.81,268.44,Active,2025-01-15
EV14277,Kochi,Fast,Car,70.84,87.33,Inactive,2025-09-29
EV14278,Delhi,Fast,Bike,84.62,424.94,Active,2025-04-27
EV14279,Trivandrum,Level 2,Bus,77.72,441.57,Active,2025-04-27
EV14280,Trivandrum,DC Fast,Car,83.59,282.01,Inactive,2025-03-27
EV14281,Bengaluru,Slow,Car,101.63,379.31,Inactive,2025-12-07
EV14282,Delhi,DC Fast,Car,143.46,278.13,Active,2025-10-26
EV14283,Trivandrum,Level 2,Bike,80.54,176.92,Inactive,2025-02-20
EV14284,Hyderabad,Level 2,Bike,130.8,455.99,Active,2025-04-13
EV14285,Kochi,DC Fast,Car,76.58,440.1,Inactive,2025-10-20
EV14286,Mumbai,DC Fast,Car,14.0,329.34,Active,2025-11-14
EV14287,Calicut,DC Fast,Bike,152.98,213.99,Active,2025-10-22
EV14288,Chennai,Fast,Bus,47.61,205.43,Active,2025-05-27
EV14289,Hyderabad,DC Fast,Car,115.8,289.9,Inactive,2025-11-05
EV14290,Mumbai,Level 2,Car,146.81,87.42,Active,2025-01-15
EV14291,Calicut,DC Fast,Car,236.1,242.65,Active,2025-11-24
EV14292,Calicut,Slow,Bus,240.51,407.02,Inactive,2025-12-15
EV14293,Bengaluru,DC Fast,Bike,103.02,488.23,Active,2025-08-11
EV14294,Mumbai,Slow,Bus,54.29,135.52,Inactive,2025-01-25
EV14295,Mumbai,DC Fast,Bus,82.09,63.98,Active,2025-04-18
EV14296,Chennai,DC Fast,Car,202.33,66.83,Active,2025-03-29
EV14297,Trivandrum,Level 2,Bike,226.62,105.58,Active,2025-05-17
EV14298,Kochi,Fast,Car,118.51,113.73,Active,2025-01-22
EV14299,Trivandrum,DC Fast,Bike,238.33,74.42,Inactive,2025-05-13
EV14300,Calicut,Fast,Bus,196.0,380.08,Active,2025-10-27
EV14301,Hyderabad,DC Fast,Bus,159.0,362.87,Inactive,2025-04-25
EV14302,Mumbai,Fast,Bike,28.63,269.48,Active,2025-04-02
EV14303,Bengaluru,Slow,Car,73.68,470.77,Active,2025-12-01
EV14304,Bengaluru,Slow,Car,208.58,120.54,Active,2025-07-07
EV14305,Mumbai,Slow,Bike,176.49,440.9,Active,2025-02-13
EV14306,Calicut,Level 2,Car,147.73,110.87,Active,2025-10-24
EV14307,Mumbai,Level 2,Bike,100.37,381.98,Inactive,2025-07-18
EV14308,Delhi,Slow,Car,184.23,165.33,Inactive,2025-01-24
EV14309,Chennai,Level 2,Bike,235.98,108.65,Active,2025-09-26
EV14310,Hyderabad,Level 2,Car,215.74,486.2,Inactive,2025-06-08
EV14311,Calicut,Level 2,Bike,166.18,419.39,Active,2025-04-18
EV14312,Bengaluru,DC Fast,Car,74.75,362.24,Active,2025-03-12
EV14313,Mumbai,DC Fast,Car,54.96,363.29,Inactive,2025-04-11
EV14314,Calicut,DC Fast,Car,234.1,254.74,Active,2025-08-06
EV14315,Kochi,Fast,Bike,228.84,84.87,Active,2025-08-20
EV14316,Calicut,Fast,Bus,130.69,300.8,Inactive,2025-01-19
EV14317,Hyderabad,Fast,Car,85.65,407.6,Inactive,2025-12-14
EV14318,Chennai,Slow,Car,36.18,92.3,Inactive,2025-10-09
EV14319,Bengaluru,Slow,Bus,110.59,300.24,Inactive,2025-11-14
EV14320,Bengaluru,DC Fast,Bus,75.95,298.93,Inactive,2025-12-23
EV14321,Kochi,DC Fast,Bike,156.97,416.54,Active,2025-04-08
EV14322,Bengaluru,DC Fast,Car,58.89,181.12,Inactive,2025-01-14
EV14323,Chennai,Slow,Bike,126.88,436.48,Active,2025-04-01
EV14324,Trivandrum,Slow,Bus,39.73,81.63,Active,2025-03-14
EV14325,Mumbai,Fast,Bus,140.3,101.08,Active,2025-08-20
EV14326,Mumbai,DC Fast,Bus,202.19,24.88,Active,2025-08-30
EV14327,Bengaluru,Slow,Bus,170.68,74.11,Active,2025-11-15
EV14328,Bengaluru,Level 2,Car,168.13,338.83,Inactive,2025-04-09
EV14329,Trivandrum,DC Fast,Bike,184.98,364.82,Active,2025-06-03
EV14330,Trivandrum,Slow,Car,151.9,80.54,Active,2025-06-06
EV14331,Kochi,Fast,Bike,200.95,57.88,Inactive,2025-06-07
EV14332,Hyderabad,Slow,Bike,55.72,363.27,Inactive,2025-08-22
EV14333,Trivandrum,Level 2,Bus,100.02,93.31,Active,2025-07-22
EV14334,Trivandrum,DC Fast,Bike,103.67,40.2,Inactive,2025-06-24
EV14335,Hyderabad,Slow,Bike,112.63,184.02,Active,2025-12-21
EV14336,Kochi,Level 2,Bike,141.29,210.05,Active,2025-01-25
EV14337,Bengaluru,Slow,Bus,54.46,418.57,Inactive,2025-04-07
EV14338,Calicut,Slow,Bus,17.47,403.02,Inactive,2025-09-22
EV14339,Trivandrum,Slow,Bike,221.9,437.42,Inactive,2025-01-22
EV14340,Trivandrum,DC Fast,Bus,12.06,122.86,Active,2025-11-20
EV14341,Bengaluru,Slow,Car,107.46,87.68,Active,2025-02-12
EV14342,Trivandrum,DC Fast,Car,198.32,315.48,Inactive,2025-06-19
EV14343,Chennai,Level 2,Bus,144.74,113.77,Inactive,2025-10-17
EV14344,Delhi,Level 2,Bike,76.48,110.91,Inactive,2025-10-22
EV14345,Kochi,Slow,Car,188.53,121.26,Active,2025-02-24
EV14346,Bengaluru,Level 2,Car,248.41,443.08,Inactive,2025-03-07
EV14347,Delhi,Fast,Bike,96.41,20.63,Active,2025-06-04
EV14348,Mumbai,Level 2,Bus,62.2,398.7,Active,2025-05-25
EV14349,Calicut,Fast,Bike,138.19,420.28,Active,2025-03-11
EV14350,Kochi,DC Fast,Car,114.79,463.1,Active,2025-12-02
EV14351,Chennai,DC Fast,Car,38.38,143.49,Active,2025-11-21
EV14352,Chennai,Level 2,Bus,189.68,456.44,Active,2025-12-13
EV14353,Calicut,DC Fast,Bike,13.02,217.21,Active,2025-06-08
EV14354,Mumbai,Slow,Bike,78.65,245.92,Active,2025-08-05
EV14355,Bengaluru,Slow,Bike,28.23,256.44,Inactive,2025-02-18
EV14356,Delhi,DC Fast,Bike,118.31,345.87,Active,2025-06-10
EV14357,Chennai,DC Fast,Car,191.77,468.09,Inactive,2025-08-23
EV14358,Hyderabad,Slow,Bike,249.54,163.2,Active,2025-01-22
EV14359,Bengaluru,Level 2,Bike,140.91,319.24,Active,2025-05-26
EV14360,Hyderabad,Level 2,Bike,74.5,255.11,Active,2025-07-29
EV14361,Calicut,DC Fast,Bus,230.36,486.41,Active,2025-12-13
EV14362,Mumbai,Slow,Bike,104.07,444.9,Active,2025-02-20
EV14363,Trivandrum,Slow,Bus,75.28,224.9,Active,2025-02-12
EV14364,Bengaluru,Fast,Bus,93.68,356.7,Inactive,2025-05-23
EV14365,Delhi,Fast,Car,41.78,243.18,Active,2025-07-30
EV14366,Bengaluru,DC Fast,Bike,147.48,368.19,Inactive,2025-04-12
EV14367,Hyderabad,Slow,Car,90.41,181.95,Inactive,2025-04-30
EV14368,Trivandrum,Fast,Car,214.51,191.62,Inactive,2025-09-25
EV14369,Calicut,DC Fast,Bike,194.52,117.85,Active,2025-06-21
EV14370,Trivandrum,DC Fast,Car,126.53,343.88,Active,2025-04-27
EV14371,Delhi,DC Fast,Car,177.12,336.97,Inactive,2025-09-24
EV14372,Calicut,Slow,Bus,163.58,126.43,Inactive,2025-05-13
EV14373,Chennai,Slow,Car,140.88,348.38,Inactive,2025-08-29
EV14374,Delhi,Fast,Bike,188.86,233.18,Active,2025-03-10
EV14375,Bengaluru,Slow,Car,53.43,325.57,Inactive,2025-04-02
EV14376,Trivandrum,Level 2,Bike,16.28,88.43,Active,2025-12-19
EV14377,Bengaluru,Slow,Bus,115.74,376.61,Inactive,2025-11-21
EV14378,Delhi,Fast,Bike,208.17,56.48,Active,2025-03-18
EV14379,Calicut,DC Fast,Bike,91.62,225.03,Inactive,2025-05-23
EV14380,Bengaluru,DC Fast,Bus,42.2,324.29,Active,2025-06-22
EV14381,Trivandrum,Level 2,Car,136.7,240.52,Inactive,2025-10-13
EV14382,Trivandrum,Slow,Bike,42.08,241.44,Inactive,2025-08-02
EV14383,Trivandrum,Slow,Car,210.59,446.13,Active,2025-06-09
EV14384,Chennai,DC Fast,Car,13.94,35.23,Inactive,2025-04-04
EV14385,Trivandrum,Level 2,Bike,86.62,256.94,Inactive,2025-07-03
EV14386,Mumbai,Slow,Bike,168.7,44.89,Active,2025-12-11
EV14387,Mumbai,Slow,Car,157.18,490.92,Active,2025-12-20
EV14388,Kochi,Slow,Bus,43.52,323.64,Inactive,2025-07-24
EV14389,Bengaluru,Fast,Car,19.73,485.33,Inactive,2025-07-05
EV14390,Bengaluru,Fast,Bike,129.74,227.19,Active,2025-04-28
EV14391,Calicut,Slow,Car,59.77,130.1,Active,2025-08-18
EV14392,Trivandrum,Slow,Bike,172.95,123.68,Active,2025-02-05
EV14393,Chennai,Fast,Bike,213.88,188.56,Inactive,2025-05-31
EV14394,Mumbai,Level 2,Car,35.8,435.27,Inactive,2025-02-07
EV14395,Kochi,Level 2,Car,143.19,450.66,Inactive,2025-07-26
EV14396,Hyderabad,DC Fast,Bus,166.85,34.37,Active,2025-05-12
EV14397,Kochi,Level 2,Car,176.47,364.66,Active,2025-12-19
EV14398,Trivandrum,DC Fast,Bike,79.67,316.04,Active,2025-11-23
EV14399,Kochi,Fast,Car,128.49,336.76,Inactive,2025-02-12
EV14400,Bengaluru,DC Fast,Bus,122.54,269.76,Active,2025-04-16
EV14401,Calicut,Level 2,Bike,232.53,346.97,Inactive,2025-01-17
EV14402,Bengaluru,DC Fast,Bike,234.23,71.66,Active,2025-04-05
EV14403,Chennai,Level 2,Bike,175.15,47.13,Inactive,2025-03-29
EV14404,Hyderabad,DC Fast,Bus,158.59,324.64,Active,2025-01-08
EV14405,Hyderabad,DC Fast,Bike,225.12,220.99,Inactive,2025-12-23
EV14406,Calicut,Fast,Bike,178.61,457.69,Inactive,2025-03-05
EV14407,Chennai,Fast,Car,200.49,217.92,Active,2025-08-18
EV14408,Mumbai,DC Fast,Bus,59.04,367.08,Active,2025-11-15
EV14409,Calicut,DC Fast,Bike,224.07,225.1,Inactive,2025-04-16
EV14410,Calicut,DC Fast,Bike,43.73,386.33,Active,2025-02-09
EV14411,Hyderabad,Fast,Car,91.01,253.55,Inactive,2025-09-13
EV14412,Delhi,DC Fast,Car,101.89,439.25,Active,2025-02-14
EV14413,Chennai,Level 2,Bus,66.14,143.93,Inactive,2025-01-26
EV14414,Kochi,DC Fast,Car,213.84,399.77,Active,2025-03-25
EV14415,Chennai,Slow,Car,26.63,434.26,Inactive,2025-02-25
EV14416,Delhi,Slow,Car,89.78,22.99,Active,2025-01-20
EV14417,Trivandrum,Level 2,Bus,176.06,378.99,Active,2025-06-01
EV14418,Trivandrum,DC Fast,Bus,36.58,265.68,Inactive,2025-04-01
EV14419,Mumbai,Fast,Bus,248.43,499.23,Active,2025-02-13
EV14420,Chennai,Fast,Bike,233.05,381.12,Active,2025-12-23
EV14421,Calicut,Slow,Bus,41.91,283.72,Inactive,2025-09-26
EV14422,Trivandrum,Fast,Bus,145.72,102.26,Inactive,2025-11-05
EV14423,Trivandrum,Slow,Bus,142.66,279.47,Inactive,2025-06-06
EV14424,Bengaluru,Fast,Bus,226.44,299.98,Inactive,2025-05-28
EV14425,Mumbai,Level 2,Bus,91.03,262.49,Active,2025-07-25
EV14426,Kochi,Slow,Bus,92.13,179.03,Active,2025-09-21
EV14427,Hyderabad,Level 2,Bus,164.2,358.47,Active,2025-09-19
EV14428,Mumbai,Slow,Bike,42.03,410.13,Active,2025-12-03
EV14429,Chennai,DC Fast,Bus,211.19,294.75,Inactive,2025-08-31
EV14430,Chennai,Slow,Bike,116.53,89.81,Active,2025-06-14
EV14431,Bengaluru,Level 2,Car,211.69,253.48,Active,2025-01-30
EV14432,Hyderabad,Slow,Bike,227.5,206.07,Inactive,2025-06-06
EV14433,Delhi,Level 2,Bike,181.54,458.9,Inactive,2025-03-27
EV14434,Chennai,Fast,Bus,214.12,323.96,Inactive,2025-02-19
EV14435,Trivandrum,Slow,Car,53.09,265.92,Active,2025-07-02
EV14436,Mumbai,DC Fast,Bike,90.14,192.75,Inactive,2025-07-29
EV14437,Mumbai,Fast,Bike,139.01,266.6,Active,2025-08-19
EV14438,Bengaluru,Fast,Bike,186.61,330.9,Inactive,2025-06-15
EV14439,Calicut,Level 2,Car,71.09,415.3,Inactive,2025-07-18
EV14440,Bengaluru,Fast,Bus,199.84,292.86,Inactive,2025-04-11
EV14441,Delhi,Level 2,Bus,211.86,84.68,Active,2025-02-19
EV14442,Trivandrum,Level 2,Car,24.57,173.41,Active,2025-04-01
EV14443,Calicut,Slow,Bus,66.84,400.06,Active,2025-09-07
EV14444,Calicut,Fast,Bus,85.61,381.29,Active,2025-05-29
EV14445,Mumbai,Slow,Bus,36.59,254.39,Inactive,2025-01-24
EV14446,Bengaluru,Level 2,Bike,40.7,379.41,Active,2025-12-24
EV14447,Trivandrum,Slow,Bus,241.34,313.45,Inactive,2025-07-03
EV14448,Mumbai,DC Fast,Bus,191.43,490.57,Inactive,2025-04-22
EV14449,Chennai,Slow,Bus,160.84,442.59,Active,2025-03-10
EV14450,Chennai,Fast,Bus,205.32,347.8,Inactive,2025-04-11
EV14451,Mumbai,DC Fast,Car,37.92,186.53,Active,2025-08-09
EV14452,Trivandrum,Fast,Bus,11.29,169.8,Inactive,2025-04-30
EV14453,Calicut,Level 2,Bike,223.77,182.86,Inactive,2025-04-28
EV14454,Calicut,Level 2,Bus,227.96,126.37,Active,2025-07-15
EV14455,Delhi,Fast,Car,145.9,245.81,Active,2025-07-05
EV14456,Delhi,Level 2,Bike,109.07,446.19,Active,2025-02-21
EV14457,Delhi,DC Fast,Bike,149.48,41.85,Active,2025-01-20
EV14458,Chennai,Level 2,Bike,36.95,337.34,Inactive,2025-06-19
EV14459,Hyderabad,Fast,Bike,219.19,311.02,Inactive,2025-11-11
EV14460,Chennai,Level 2,Bike,166.97,260.16,Inactive,2025-08-08
EV14461,Hyderabad,Fast,Car,141.03,250.91,Inactive,2025-03-01
EV14462,Bengaluru,Slow,Car,53.44,471.05,Active,2025-02-09
EV14463,Bengaluru,DC Fast,Bike,233.55,438.08,Inactive,2025-06-27
EV14464,Bengaluru,Slow,Bus,218.19,107.47,Active,2025-12-17
EV14465,Hyderabad,Slow,Bus,109.71,43.25,Inactive,2025-04-22
EV14466,Kochi,Fast,Bike,20.47,349.06,Inactive,2025-08-16
EV14467,Mumbai,DC Fast,Car,205.0,371.86,Inactive,2025-10-07
EV14468,Calicut,DC Fast,Car,48.12,61.85,Inactive,2025-11-22
EV14469,Chennai,Slow,Car,247.25,136.58,Inactive,2025-07-07
EV14470,Chennai,Level 2,Bus,247.63,407.12,Inactive,2025-05-23
EV14471,Calicut,Level 2,Bike,240.73,315.8,Inactive,2025-02-18
EV14472,Bengaluru,Slow,Bus,177.48,278.51,Inactive,2025-02-01
EV14473,Hyderabad,Level 2,Bike,76.37,435.98,Inactive,2025-07-11
EV14474,Delhi,Slow,Bike,103.74,426.16,Active,2025-07-12
EV14475,Trivandrum,Slow,Bike,135.87,144.35,Inactive,2025-07-24
EV14476,Calicut,Slow,Car,197.87,129.79,Active,2025-11-09
EV14477,Bengaluru,Slow,Car,197.46,89.86,Inactive,2025-09-16
EV14478,Chennai,Slow,Bike,240.59,428.96,Inactive,2025-07-14
EV14479,Delhi,Fast,Bus,227.79,413.34,Inactive,2025-04-17
EV14480,Bengaluru,Slow,Car,34.44,316.32,Active,2025-05-12
EV14481,Bengaluru,DC Fast,Bus,51.99,287.73,Inactive,2025-08-12
EV14482,Bengaluru,DC Fast,Bus,191.53,154.4,Active,2025-08-24
EV14483,Calicut,Fast,Bike,73.59,128.32,Active,2025-10-24
EV14484,Bengaluru,Fast,Bus,65.3,379.6,Active,2025-07-13
EV14485,Hyderabad,Level 2,Bus,123.63,371.52,Active,2025-09-10
EV14486,Chennai,Slow,Bike,162.26,403.72,Inactive,2025-05-04
EV14487,Delhi,DC Fast,Bike,167.63,30.97,Inactive,2025-08-31
EV14488,Mumbai,Slow,Bike,42.72,189.71,Active,2025-10-13
EV14489,Delhi,Level 2,Bus,77.07,473.9,Active,2025-04-08
EV14490,Bengaluru,DC Fast,Car,50.37,117.6,Active,2025-11-08
EV14491,Mumbai,DC Fast,Car,111.35,117.8,Inactive,2025-08-28
EV14492,Kochi,Level 2,Bike,34.8,415.41,Active,2025-07-11
EV14493,Calicut,DC Fast,Bike,175.49,45.16,Inactive,2025-07-09
EV14494,Chennai,Level 2,Bike,239.17,312.77,Inactive,2025-12-10
EV14495,Hyderabad,Fast,Bike,212.89,235.23,Inactive,2025-02-11
EV14496,Trivandrum,Slow,Car,34.34,229.87,Inactive,2025-12-13
EV14497,Delhi,Level 2,Bike,49.75,349.48,Active,2025-11-18
EV14498,Chennai,Level 2,Car,239.04,282.84,Active,2025-05-16
EV14499,Chennai,Slow,Bus,131.19,60.34,Active,2025-11-09
EV14500,Hyderabad,DC Fast,Bike,96.77,362.87,Active,2025-09-14
EV14501,Mumbai,Slow,Car,173.11,53.11,Active,2025-04-05
EV14502,Delhi,Level 2,Bike,246.18,479.36,Inactive,2025-08-06
EV14503,Chennai,Level 2,Bike,103.27,107.96,Inactive,2025-11-07
EV14504,Bengaluru,Fast,Bike,216.26,65.24,Inactive,2025-05-16
EV14505,Chennai,Slow,Car,178.12,257.51,Active,2025-10-22
EV14506,Mumbai,DC Fast,Bike,130.9,87.35,Inactive,2025-10-05
EV14507,Kochi,Level 2,Bus,64.54,281.0,Inactive,2025-09-03
EV14508,Calicut,Fast,Bus,182.4,288.75,Inactive,2025-12-20
EV14509,Delhi,DC Fast,Car,166.33,174.47,Active,2025-08-15
EV14510,Delhi,DC Fast,Car,206.74,255.56,Active,2025-04-27
EV14511,Delhi,Fast,Bus,166.28,345.09,Inactive,2025-12-26
EV14512,Delhi,DC Fast,Car,192.14,434.5,Inactive,2025-05-30
EV14513,Mumbai,DC Fast,Car,80.64,269.25,Active,2025-02-12
EV14514,Mumbai,Level 2,Car,55.2,339.12,Active,2025-02-27
EV14515,Hyderabad,DC Fast,Car,192.51,492.68,Active,2025-07-17
EV14516,Delhi,DC Fast,Car,93.17,75.95,Inactive,2025-05-26
EV14517,Calicut,Fast,Bus,187.55,191.04,Inactive,2025-03-08
EV14518,Hyderabad,Level 2,Bike,153.16,461.99,Inactive,2025-06-16
EV14519,Trivandrum,Fast,Bus,136.4,363.13,Inactive,2025-01-30
EV14520,Chennai,Slow,Car,71.74,223.59,Inactive,2025-08-20
EV14521,Delhi,Slow,Bus,130.2,118.58,Inactive,2025-03-01
EV14522,Chennai,Slow,Bus,232.57,191.1,Active,2025-04-06
EV14523,Mumbai,DC Fast,Bus,121.92,200.06,Inactive,2025-09-21
EV14524,Kochi,DC Fast,Bike,230.78,55.32,Active,2025-03-30
EV14525,Calicut,Slow,Bus,74.94,65.76,Active,2025-11-15
EV14526,Calicut,Level 2,Bike,235.68,156.49,Inactive,2025-07-27
EV14527,Trivandrum,Fast,Bike,105.86,419.66,Active,2025-04-30
EV14528,Bengaluru,Fast,Bike,168.28,109.14,Active,2025-10-20
EV14529,Chennai,Level 2,Car,145.93,466.64,Active,2025-05-04
EV14530,Calicut,Level 2,Bus,151.86,147.42,Active,2025-02-14
EV14531,Calicut,DC Fast,Car,174.24,96.79,Active,2025-11-22
EV14532,Delhi,DC Fast,Bus,202.39,432.16,Active,2025-08-17
EV14533,Bengaluru,DC Fast,Car,192.58,341.36,Active,2025-11-15
EV14534,Bengaluru,Fast,Car,197.34,478.71,Active,2025-08-30
EV14535,Chennai,DC Fast,Bike,139.6,335.06,Inactive,2025-10-03
EV14536,Hyderabad,Slow,Bike,160.06,75.72,Active,2025-02-06
EV14537,Kochi,Fast,Bus,248.65,462.46,Inactive,2025-04-10
EV14538,Trivandrum,Fast,Bus,174.63,345.68,Inactive,2025-06-14
EV14539,Hyderabad,Slow,Car,164.4,441.08,Active,2025-06-22
EV14540,Delhi,Slow,Bus,190.28,483.84,Inactive,2025-08-04
EV14541,Trivandrum,Fast,Bus,141.06,76.23,Active,2025-03-27
EV14542,Trivandrum,Slow,Car,126.28,402.18,Inactive,2025-10-08
EV14543,Hyderabad,Slow,Car,79.99,344.86,Inactive,2025-05-07
EV14544,Calicut,DC Fast,Bike,122.21,183.74,Active,2025-02-19
EV14545,Mumbai,DC Fast,Car,249.21,104.5,Active,2025-07-02
EV14546,Delhi,Fast,Bus,10.68,320.95,Inactive,2025-08-05
EV14547,Delhi,Fast,Car,101.76,458.58,Active,2025-05-31
EV14548,Calicut,Fast,Car,79.16,326.39,Inactive,2025-03-28
EV14549,Mumbai,DC Fast,Car,164.12,277.37,Active,2025-06-26
EV14550,Chennai,Fast,Bike,153.08,373.98,Inactive,2025-10-28
EV14551,Kochi,Level 2,Car,209.51,335.77,Inactive,2025-02-13
EV14552,Delhi,Fast,Car,167.8,168.05,Active,2025-11-14
EV14553,Hyderabad,Fast,Bike,27.83,314.71,Active,2025-09-16
EV14554,Kochi,Fast,Car,11.93,43.95,Inactive,2025-07-20
EV14555,Trivandrum,Fast,Car,170.98,384.68,Inactive,2025-05-07
EV14556,Calicut,DC Fast,Bus,16.08,226.84,Inactive,2025-05-26
EV14557,Chennai,Slow,Car,78.33,60.07,Inactive,2025-02-24
EV14558,Trivandrum,DC Fast,Bus,129.57,354.7,Inactive,2025-06-13
EV14559,Kochi,Level 2,Bus,124.82,344.73,Active,2025-07-08
EV14560,Delhi,Level 2,Bus,96.95,421.19,Active,2025-11-07
EV14561,Bengaluru,DC Fast,Car,25.68,220.76,Active,2025-03-06
EV14562,Mumbai,Level 2,Car,154.49,329.92,Active,2025-09-05
EV14563,Chennai,Fast,Bus,226.36,430.24,Inactive,2025-04-14
EV14564,Kochi,DC Fast,Car,243.42,197.14,Inactive,2025-08-13
EV14565,Trivandrum,Level 2,Car,177.39,88.77,Inactive,2025-07-25
EV14566,Hyderabad,Slow,Bus,69.58,382.39,Active,2025-03-21
EV14567,Calicut,DC Fast,Bike,66.75,251.99,Active,2025-06-10
EV14568,Calicut,Fast,Bus,29.49,234.51,Active,2025-11-27
EV14569,Delhi,Level 2,Bus,122.25,250.34,Inactive,2025-03-20
EV14570,Bengaluru,Level 2,Bike,104.49,491.01,Active,2025-09-22
EV14571,Hyderabad,Slow,Car,164.1,71.24,Inactive,2025-08-02
EV14572,Delhi,DC Fast,Car,194.9,219.41,Active,2025-09-15
EV14573,Trivandrum,DC Fast,Bus,239.49,131.39,Inactive,2025-10-04
EV14574,Kochi,DC Fast,Bus,112.27,397.69,Active,2025-08-22
EV14575,Delhi,Fast,Bus,185.59,304.47,Active,2025-07-03
EV14576,Mumbai,Slow,Car,109.02,162.8,Inactive,2025-04-25
EV14577,Delhi,Slow,Bike,220.05,410.45,Inactive,2025-11-21
EV14578,Hyderabad,Level 2,Bus,168.04,121.51,Inactive,2025-11-26
EV14579,Calicut,Level 2,Car,29.09,299.82,Active,2025-09-06
EV14580,Chennai,Fast,Car,166.84,58.55,Inactive,2025-12-21
EV14581,Calicut,Level 2,Car,232.15,296.59,Active,2025-08-27
EV14582,Bengaluru,Slow,Car,238.6,359.62,Active,2025-10-07
EV14583,Bengaluru,DC Fast,Bike,225.03,142.23,Active,2025-04-01
EV14584,Hyderabad,Level 2,Bike,31.04,480.4,Active,2025-06-23
EV14585,Trivandrum,Slow,Bus,204.16,117.36,Inactive,2025-07-08
EV14586,Calicut,Level 2,Car,85.32,334.39,Inactive,2025-06-02
EV14587,Chennai,DC Fast,Car,77.18,117.8,Active,2025-06-12
EV14588,Trivandrum,DC Fast,Car,204.88,273.9,Inactive,2025-08-24
EV14589,Hyderabad,Level 2,Car,222.13,131.24,Inactive,2025-10-06
EV14590,Mumbai,Slow,Car,24.93,295.86,Active,2025-01-24
EV14591,Chennai,Fast,Bike,203.76,54.02,Active,2025-08-21
EV14592,Delhi,Level 2,Car,129.06,48.98,Active,2025-01-30
EV14593,Chennai,DC Fast,Car,116.54,287.65,Inactive,2025-08-13
EV14594,Calicut,Fast,Bike,232.14,118.67,Active,2025-10-28
EV14595,Chennai,Level 2,Bike,235.83,451.35,Inactive,2025-09-14
EV14596,Bengaluru,Level 2,Car,82.77,34.05,Active,2025-09-27
EV14597,Chennai,Fast,Car,126.41,153.54,Active,2025-03-25
EV14598,Hyderabad,Fast,Bike,88.46,429.48,Inactive,2025-02-11
EV14599,Chennai,Fast,Bus,233.39,209.14,Inactive,2025-04-15
EV14600,Mumbai,Level 2,Bus,150.92,158.34,Inactive,2025-01-18
EV14601,Mumbai,Slow,Bus,232.8,104.87,Active,2025-02-22
EV14602,Bengaluru,DC Fast,Car,120.66,339.54,Active,2025-04-27
EV14603,Delhi,Slow,Car,212.78,417.22,Active,2025-08-13
EV14604,Trivandrum,DC Fast,Bus,89.26,77.33,Active,2025-09-17
EV14605,Kochi,Level 2,Bike,176.94,396.96,Inactive,2025-08-31
EV14606,Trivandrum,Level 2,Car,10.73,411.02,Inactive,2025-01-20
EV14607,Kochi,Level 2,Car,232.81,400.63,Active,2025-11-21
EV14608,Bengaluru,Slow,Bike,224.81,333.69,Inactive,2025-07-17
EV14609,Kochi,DC Fast,Bike,14.81,142.95,Active,2025-02-24
EV14610,Bengaluru,DC Fast,Car,238.03,273.06,Inactive,2025-10-19
EV14611,Bengaluru,Level 2,Bike,25.7,344.1,Inactive,2025-02-26
EV14612,Kochi,DC Fast,Bike,145.37,31.41,Inactive,2025-12-04
EV14613,Hyderabad,Level 2,Bus,224.91,65.44,Active,2025-01-06
EV14614,Calicut,DC Fast,Car,24.66,278.21,Active,2025-10-14
EV14615,Calicut,Slow,Bike,249.16,273.88,Inactive,2025-01-30
EV14616,Calicut,DC Fast,Bus,13.34,215.92,Inactive,2025-10-03
EV14617,Hyderabad,Slow,Car,69.62,233.66,Inactive,2025-01-25
EV14618,Trivandrum,DC Fast,Bike,123.06,113.24,Active,2025-06-26
EV14619,Trivandrum,Slow,Bike,65.05,360.1,Active,2025-05-08
EV14620,Delhi,Fast,Bike,128.74,435.52,Inactive,2025-07-13
EV14621,Kochi,Level 2,Car,240.77,402.85,Inactive,2025-03-24
EV14622,Chennai,Fast,Bus,180.38,124.28,Inactive,2025-11-05
EV14623,Chennai,Fast,Car,44.93,297.12,Inactive,2025-11-29
EV14624,Delhi,Level 2,Bus,138.07,122.41,Inactive,2025-08-07
EV14625,Calicut,Slow,Bus,149.91,68.07,Inactive,2025-05-10
EV14626,Mumbai,DC Fast,Bus,58.92,145.11,Active,2025-05-30
EV14627,Mumbai,Fast,Bus,157.09,498.24,Inactive,2025-07-13
EV14628,Bengaluru,Level 2,Car,76.22,486.07,Inactive,2025-01-24
EV14629,Chennai,Slow,Car,170.77,262.07,Active,2025-07-20
EV14630,Calicut,Fast,Bike,52.09,355.03,Inactive,2025-12-23
EV14631,Calicut,Fast,Bus,55.08,180.9,Inactive,2025-02-26
EV14632,Delhi,Slow,Bike,99.77,77.21,Inactive,2025-06-12
EV14633,Delhi,Fast,Bus,167.51,205.78,Active,2025-06-21
EV14634,Bengaluru,Slow,Bike,38.35,480.39,Inactive,2025-07-07
EV14635,Hyderabad,Slow,Car,52.12,196.32,Inactive,2025-09-26
EV14636,Mumbai,DC Fast,Car,84.28,123.9,Active,2025-03-16
EV14637,Chennai,DC Fast,Bus,20.32,146.06,Inactive,2025-10-06
EV14638,Mumbai,Level 2,Bus,249.2,347.65,Inactive,2025-04-03
EV14639,Delhi,Slow,Bus,221.92,368.61,Inactive,2025-11-20
EV14640,Trivandrum,Level 2,Bike,206.39,34.16,Active,2025-04-19
EV14641,Mumbai,Fast,Bike,50.26,94.85,Active,2025-03-28
EV14642,Chennai,Fast,Bike,155.53,191.38,Inactive,2025-01-09
EV14643,Delhi,Slow,Bus,239.23,235.46,Active,2025-06-12
EV14644,Mumbai,Level 2,Bus,63.14,405.12,Inactive,2025-05-21
EV14645,Bengaluru,Fast,Car,87.69,246.93,Active,2025-07-08
EV14646,Calicut,Slow,Bus,248.34,229.55,Inactive,2025-01-29
EV14647,Chennai,Slow,Bus,157.48,199.16,Active,2025-01-18
EV14648,Bengaluru,Fast,Car,75.76,154.62,Active,2025-10-09
EV14649,Hyderabad,DC Fast,Car,198.21,312.1,Inactive,2025-02-09
EV14650,Kochi,Level 2,Bike,16.07,310.01,Inactive,2025-12-11
EV14651,Hyderabad,Level 2,Bike,169.44,160.77,Active,2025-06-17
EV14652,Kochi,Slow,Car,204.47,70.84,Active,2025-01-15
EV14653,Kochi,Slow,Car,150.14,95.26,Active,2025-11-12
EV14654,Trivandrum,DC Fast,Car,128.97,170.93,Active,2025-12-02
EV14655,Chennai,Fast,Bus,177.51,284.77,Active,2025-03-16
EV14656,Calicut,Slow,Car,205.03,149.99,Inactive,2025-08-24
EV14657,Mumbai,Fast,Bike,118.75,120.01,Inactive,2025-09-27
EV14658,Calicut,Level 2,Car,164.77,416.32,Inactive,2025-09-23
EV14659,Mumbai,Level 2,Bus,45.23,196.17,Inactive,2025-02-26
EV14660,Mumbai,Fast,Bike,15.64,326.15,Active,2025-01-09
EV14661,Hyderabad,DC Fast,Bus,119.13,118.19,Active,2025-08-30
EV14662,Hyderabad,Slow,Bike,100.54,264.39,Active,2025-10-26
EV14663,Trivandrum,Slow,Bus,225.82,170.58,Inactive,2025-11-01
EV14664,Bengaluru,Slow,Bus,246.56,315.51,Active,2025-08-06
EV14665,Kochi,Slow,Bus,139.52,141.7,Inactive,2025-07-27
EV14666,Bengaluru,DC Fast,Bike,119.73,494.51,Inactive,2025-08-19
EV14667,Kochi,Level 2,Bus,243.15,306.81,Inactive,2025-05-27
EV14668,Hyderabad,DC Fast,Bus,45.0,274.08,Active,2025-12-10
EV14669,Hyderabad,DC Fast,Bike,235.05,466.39,Inactive,2025-02-22
EV14670,Trivandrum,Fast,Bike,180.9,27.13,Active,2025-03-10
EV14671,Trivandrum,Slow,Car,160.59,67.73,Inactive,2025-08-08
EV14672,Hyderabad,Level 2,Car,60.12,209.29,Inactive,2025-02-18
EV14673,Calicut,Slow,Bus,76.37,152.07,Inactive,2025-10-19
EV14674,Kochi,Slow,Bike,207.13,160.41,Inactive,2025-07-20
EV14675,Bengaluru,DC Fast,Bus,237.08,484.17,Active,2025-04-23
EV14676,Chennai,Slow,Car,61.24,400.37,Active,2025-06-24
EV14677,Chennai,DC Fast,Bike,125.39,454.82,Active,2025-02-23
EV14678,Delhi,Slow,Bike,160.88,245.97,Active,2025-12-06
EV14679,Bengaluru,Level 2,Bike,96.42,444.69,Active,2025-06-15
EV14680,Hyderabad,Slow,Car,111.54,398.7,Active,2025-12-13
EV14681,Trivandrum,DC Fast,Car,34.87,26.84,Inactive,2025-12-02
EV14682,Hyderabad,Fast,Bus,239.69,499.99,Inactive,2025-06-22
EV14683,Delhi,Level 2,Bike,115.58,176.81,Active,2025-11-07
EV14684,Hyderabad,Slow,Bus,51.49,433.37,Inactive,2025-09-29
EV14685,Kochi,Level 2,Car,101.15,315.98,Active,2025-03-22
EV14686,Bengaluru,Level 2,Bike,153.02,454.94,Active,2025-01-26
EV14687,Kochi,DC Fast,Bike,70.1,336.04,Inactive,2025-08-26
EV14688,Trivandrum,Slow,Bus,248.83,123.92,Inactive,2025-02-05
EV14689,Hyderabad,Fast,Bike,34.21,164.38,Inactive,2025-02-03
EV14690,Chennai,Slow,Bus,185.12,40.6,Active,2025-11-05
EV14691,Calicut,Fast,Bus,235.58,164.8,Active,2025-04-01
EV14692,Chennai,Fast,Bike,230.12,122.84,Inactive,2025-04-26
EV14693,Trivandrum,DC Fast,Bus,196.85,105.23,Active,2025-07-16
EV14694,Kochi,DC Fast,Car,56.64,390.91,Active,2025-05-11
EV14695,Kochi,Slow,Bike,248.44,360.29,Inactive,2025-08-07
EV14696,Mumbai,Slow,Bus,173.49,97.73,Active,2025-07-21
EV14697,Calicut,DC Fast,Bus,197.51,308.22,Inactive,2025-12-20
EV14698,Kochi,Slow,Car,188.42,83.85,Inactive,2025-10-15
EV14699,Hyderabad,Level 2,Car,129.12,367.44,Inactive,2025-06-04
EV14700,Chennai,Slow,Bike,166.63,412.36,Active,2025-06-01
EV14701,Hyderabad,DC Fast,Bike,187.05,87.08,Inactive,2025-05-15
EV14702,Mumbai,Fast,Car,156.96,232.81,Inactive,2025-08-23
EV14703,Bengaluru,Level 2,Bus,155.46,251.68,Inactive,2025-03-23
EV14704,Calicut,Level 2,Car,46.02,499.07,Active,2025-04-02
EV14705,Trivandrum,Slow,Bus,63.13,285.34,Inactive,2025-09-18
EV14706,Delhi,Level 2,Bike,182.28,295.63,Active,2025-04-04
EV14707,Chennai,Level 2,Bus,73.12,183.64,Active,2025-06-11
EV14708,Chennai,Fast,Bus,220.14,443.51,Active,2025-04-01
EV14709,Bengaluru,Fast,Bike,216.3,80.02,Inactive,2025-12-06
EV14710,Hyderabad,Slow,Bike,190.26,293.98,Active,2025-11-16
EV14711,Bengaluru,Fast,Bike,139.75,121.25,Active,2025-08-10
EV14712,Trivandrum,Slow,Bus,26.26,63.12,Active,2025-11-13
EV14713,Calicut,DC Fast,Car,174.33,404.42,Active,2025-05-08
EV14714,Delhi,Slow,Bus,22.85,359.24,Active,2025-05-29
EV14715,Mumbai,DC Fast,Bike,153.77,301.34,Inactive,2025-11-11
EV14716,Chennai,Level 2,Bike,207.55,193.7,Active,2025-01-08
EV14717,Trivandrum,DC Fast,Car,10.45,360.27,Active,2025-05-13
EV14718,Kochi,Slow,Bike,171.08,286.44,Inactive,2025-02-13
EV14719,Delhi,Level 2,Car,230.24,313.14,Active,2025-02-02
EV14720,Chennai,DC Fast,Car,76.68,423.76,Inactive,2025-11-05
EV14721,Hyderabad,Level 2,Bike,32.19,465.96,Active,2025-08-02
EV14722,Kochi,Fast,Car,174.45,284.52,Inactive,2025-11-09
EV14723,Kochi,Fast,Bike,209.93,68.67,Inactive,2025-01-08
EV14724,Chennai,Level 2,Car,12.72,99.5,Active,2025-09-09
EV14725,Kochi,Fast,Bike,95.26,288.62,Active,2025-07-30
EV14726,Chennai,Level 2,Bike,88.49,310.64,Inactive,2025-09-03
EV14727,Bengaluru,Slow,Bike,195.78,440.66,Active,2025-10-18
EV14728,Trivandrum,Fast,Bus,26.53,198.54,Inactive,2025-05-15
EV14729,Bengaluru,Slow,Bike,211.95,209.58,Inactive,2025-08-26
EV14730,Trivandrum,Fast,Bike,14.65,265.9,Active,2025-12-07
EV14731,Kochi,DC Fast,Bike,112.76,201.22,Active,2025-11-30
EV14732,Calicut,DC Fast,Car,97.03,128.21,Inactive,2025-07-31
EV14733,Mumbai,Fast,Bike,138.09,246.06,Inactive,2025-02-13
EV14734,Chennai,Fast,Car,249.51,273.81,Inactive,2025-03-09
EV14735,Mumbai,Slow,Bike,80.73,34.07,Inactive,2025-08-18
EV14736,Bengaluru,Slow,Car,135.68,316.66,Active,2025-09-29
EV14737,Calicut,DC Fast,Bike,118.46,469.11,Inactive,2025-05-06
EV14738,Delhi,Slow,Car,125.89,47.42,Inactive,2025-10-07
EV14739,Kochi,Level 2,Bus,225.24,176.16,Active,2025-01-15
EV14740,Bengaluru,Slow,Car,193.95,167.22,Inactive,2025-10-26
EV14741,Kochi,DC Fast,Bike,21.97,303.82,Inactive,2025-04-14
EV14742,Delhi,Level 2,Bike,234.57,133.55,Active,2025-08-16
EV14743,Hyderabad,Fast,Bus,210.04,95.94,Inactive,2025-08-16
EV14744,Calicut,Level 2,Bus,173.43,156.71,Active,2025-04-29
EV14745,Hyderabad,Level 2,Car,178.16,272.75,Inactive,2025-02-06
EV14746,Bengaluru,DC Fast,Car,197.62,349.5,Inactive,2025-08-28
EV14747,Delhi,Fast,Bus,57.08,418.32,Active,2025-06-07
EV14748,Chennai,Slow,Car,143.64,369.16,Active,2025-07-27
EV14749,Kochi,Slow,Bus,225.49,383.4,Active,2025-06-05
EV14750,Mumbai,Level 2,Bike,212.74,37.27,Active,2025-07-02
EV14751,Calicut,Slow,Bus,144.17,81.61,Inactive,2025-01-27
EV14752,Bengaluru,DC Fast,Bus,75.84,253.89,Active,2025-08-25
EV14753,Kochi,Fast,Bike,222.96,405.3,Inactive,2025-08-12
EV14754,Chennai,DC Fast,Car,51.59,55.85,Active,2025-05-26
EV14755,Mumbai,DC Fast,Bus,91.87,326.87,Active,2025-06-01
EV14756,Trivandrum,Level 2,Bike,131.74,76.0,Inactive,2025-10-16
EV14757,Bengaluru,Slow,Bus,228.12,161.73,Active,2025-05-28
EV14758,Trivandrum,DC Fast,Bus,230.72,316.45,Active,2025-03-25
EV14759,Trivandrum,Fast,Bus,188.23,89.9,Active,2025-03-10
EV14760,Calicut,Level 2,Car,183.57,337.75,Active,2025-02-19
EV14761,Kochi,DC Fast,Bike,132.8,428.57,Active,2025-10-04
EV14762,Mumbai,DC Fast,Bus,53.1,373.8,Active,2025-05-12
EV14763,Calicut,Fast,Bus,248.22,323.15,Inactive,2025-06-21
EV14764,Trivandrum,Slow,Bike,201.49,256.16,Active,2025-01-25
EV14765,Hyderabad,Slow,Car,215.76,110.91,Inactive,2025-09-02
EV14766,Kochi,Slow,Bus,130.21,326.32,Active,2025-04-07
EV14767,Kochi,DC Fast,Bike,192.96,232.25,Active,2025-05-26
EV14768,Calicut,DC Fast,Bike,40.91,30.81,Active,2025-11-22
EV14769,Hyderabad,Level 2,Bus,205.81,134.51,Inactive,2025-06-20
EV14770,Trivandrum,DC Fast,Bike,241.62,294.85,Inactive,2025-09-13
EV14771,Kochi,Level 2,Car,133.68,389.06,Inactive,2025-12-16
EV14772,Trivandrum,DC Fast,Car,211.27,104.0,Active,2025-05-14
EV14773,Mumbai,DC Fast,Bus,42.55,106.92,Inactive,2025-04-15
EV14774,Calicut,DC Fast,Bus,191.13,134.41,Inactive,2025-07-12
EV14775,Hyderabad,Fast,Bus,25.48,212.54,Inactive,2025-05-12
EV14776,Hyderabad,Slow,Bike,144.48,429.26,Inactive,2025-05-23
EV14777,Hyderabad,DC Fast,Bike,203.27,361.05,Inactive,2025-11-14
EV14778,Delhi,Slow,Bike,35.17,469.68,Inactive,2025-04-03
EV14779,Chennai,Level 2,Car,34.93,390.18,Active,2025-02-25
EV14780,Kochi,Fast,Car,83.39,466.59,Inactive,2025-07-15
EV14781,Kochi,Level 2,Bike,218.2,329.96,Inactive,2025-05-10
EV14782,Kochi,Fast,Bus,67.88,186.3,Inactive,2025-08-11
EV14783,Bengaluru,Level 2,Car,217.17,306.1,Active,2025-08-24
EV14784,Calicut,Slow,Car,174.57,473.47,Inactive,2025-04-01
EV14785,Kochi,Fast,Car,235.12,421.37,Inactive,2025-07-19
EV14786,Hyderabad,Level 2,Bike,160.41,291.81,Inactive,2025-05-25
EV14787,Delhi,DC Fast,Car,36.93,364.63,Inactive,2025-08-02
EV14788,Kochi,Fast,Bus,161.75,482.65,Inactive,2025-01-25
EV14789,Mumbai,Fast,Bus,105.83,329.66,Active,2025-06-29
EV14790,Trivandrum,DC Fast,Car,162.94,41.56,Inactive,2025-08-08
EV14791,Trivandrum,Fast,Bike,66.14,416.03,Inactive,2025-02-18
EV14792,Kochi,Slow,Bus,147.61,162.88,Active,2025-09-15
EV14793,Delhi,DC Fast,Bus,47.87,405.74,Active,2025-01-11
EV14794,Delhi,Fast,Bike,169.29,200.27,Inactive,2025-10-30
EV14795,Kochi,Level 2,Car,90.55,437.62,Active,2025-09-17
EV14796,Delhi,Slow,Bus,185.93,430.0,Inactive,2025-04-14
EV14797,Hyderabad,Level 2,Car,125.16,294.67,Active,2025-04-24
EV14798,Bengaluru,Fast,Car,210.49,348.14,Active,2025-02-15
EV14799,Calicut,Level 2,Car,167.81,137.44,Active,2025-12-15
EV14800,Mumbai,Fast,Bus,193.21,171.27,Inactive,2025-11-05
EV14801,Calicut,Slow,Car,56.36,487.35,Active,2025-12-22
EV14802,Bengaluru,Slow,Car,126.47,70.25,Inactive,2025-06-02
EV14803,Kochi,Level 2,Bike,204.97,146.66,Active,2025-08-26
EV14804,Hyderabad,Slow,Car,192.7,222.33,Active,2025-05-10
EV14805,Mumbai,DC Fast,Car,48.62,244.15,Active,2025-07-03
EV14806,Bengaluru,Level 2,Car,78.35,201.49,Inactive,2025-11-18
EV14807,Mumbai,Fast,Bus,81.32,406.88,Inactive,2025-09-19
EV14808,Delhi,Level 2,Bike,156.75,126.05,Active,2025-03-06
EV14809,Calicut,DC Fast,Bus,62.92,419.44,Active,2025-04-03
EV14810,Chennai,DC Fast,Bike,200.74,117.84,Inactive,2025-04-27
EV14811,Bengaluru,DC Fast,Car,11.27,220.1,Active,2025-06-23
EV14812,Chennai,DC Fast,Bus,48.85,355.52,Inactive,2025-12-05
EV14813,Kochi,Level 2,Car,76.11,140.38,Inactive,2025-03-16
EV14814,Delhi,DC Fast,Bus,180.68,132.98,Inactive,2025-12-23
EV14815,Chennai,DC Fast,Car,209.17,70.13,Active,2025-04-20
EV14816,Bengaluru,DC Fast,Bus,14.24,395.46,Active,2025-08-13
EV14817,Mumbai,Fast,Bus,46.71,30.03,Active,2025-08-04
EV14818,Hyderabad,DC Fast,Bike,47.45,468.21,Inactive,2025-12-23
EV14819,Trivandrum,Level 2,Car,194.94,78.1,Inactive,2025-01-18
EV14820,Trivandrum,DC Fast,Bus,178.49,209.72,Inactive,2025-01-17
EV14821,Kochi,DC Fast,Car,91.06,254.44,Active,2025-01-10
EV14822,Trivandrum,Fast,Bus,64.75,341.53,Inactive,2025-08-10
EV14823,Calicut,Fast,Bus,14.49,95.42,Active,2025-06-03
EV14824,Trivandrum,DC Fast,Bike,46.44,364.98,Inactive,2025-02-21
EV14825,Delhi,Level 2,Car,89.07,405.09,Active,2025-08-15
EV14826,Calicut,Level 2,Bike,112.42,194.77,Active,2025-09-17
EV14827,Delhi,DC Fast,Bus,106.54,157.29,Inactive,2025-10-30
EV14828,Calicut,Level 2,Bike,179.67,210.56,Inactive,2025-03-21
EV14829,Trivandrum,Slow,Bike,124.68,455.45,Active,2025-07-14
EV14830,Mumbai,Fast,Car,124.78,249.77,Active,2025-04-16
EV14831,Calicut,Slow,Car,203.64,238.06,Inactive,2025-09-16
EV14832,Kochi,Fast,Bus,67.16,380.42,Active,2025-02-18
EV14833,Trivandrum,Level 2,Bike,30.39,262.85,Inactive,2025-04-28
EV14834,Kochi,Level 2,Car,221.58,139.86,Inactive,2025-02-05
EV14835,Trivandrum,Fast,Car,126.11,324.36,Inactive,2025-01-10
EV14836,Trivandrum,Fast,Bus,22.35,366.28,Inactive,2025-01-13
EV14837,Delhi,Fast,Car,84.43,432.96,Inactive,2025-08-02
EV14838,Delhi,Slow,Bike,116.91,376.36,Active,2025-11-04
EV14839,Kochi,Fast,Bike,20.25,411.35,Inactive,2025-01-14
EV14840,Chennai,Fast,Bus,136.1,243.66,Active,2025-06-02
EV14841,Mumbai,Level 2,Bus,46.65,170.74,Inactive,2025-05-03
EV14842,Delhi,Fast,Bus,75.49,128.34,Active,2025-10-28
EV14843,Chennai,Fast,Bus,137.38,308.3,Active,2025-12-18
EV14844,Chennai,Fast,Bike,193.34,389.46,Inactive,2025-12-30
EV14845,Kochi,Level 2,Car,232.68,268.14,Inactive,2025-04-02
EV14846,Kochi,Slow,Car,170.21,487.88,Inactive,2025-05-18
EV14847,Calicut,Fast,Bike,61.65,434.98,Inactive,2025-09-10
EV14848,Mumbai,Level 2,Bus,134.43,376.3,Active,2025-10-28
EV14849,Kochi,Level 2,Bus,22.48,239.4,Inactive,2025-12-12
EV14850,Kochi,Fast,Car,242.7,335.17,Inactive,2025-11-15
EV14851,Kochi,DC Fast,Bus,165.5,308.39,Inactive,2025-01-31
EV14852,Kochi,Level 2,Car,145.42,226.68,Inactive,2025-11-30
EV14853,Calicut,Slow,Bus,47.37,299.51,Active,2025-10-29
EV14854,Delhi,DC Fast,Bus,20.92,237.13,Active,2025-06-04
EV14855,Chennai,Level 2,Bus,212.23,253.96,Active,2025-02-07
EV14856,Kochi,DC Fast,Bike,163.44,174.9,Active,2025-07-31
EV14857,Mumbai,Level 2,Bus,147.5,175.99,Active,2025-10-25
EV14858,Delhi,DC Fast,Car,240.44,408.91,Active,2025-04-04
EV14859,Kochi,Fast,Bike,112.02,264.82,Inactive,2025-03-22
EV14860,Chennai,Fast,Car,213.65,380.08,Inactive,2025-02-10
EV14861,Calicut,DC Fast,Bus,114.42,331.59,Active,2025-04-08
EV14862,Mumbai,Level 2,Bus,238.72,27.25,Inactive,2025-09-17
EV14863,Delhi,Fast,Car,48.82,78.17,Inactive,2025-01-19
EV14864,Mumbai,Level 2,Bike,97.62,46.52,Active,2025-07-09
EV14865,Mumbai,Level 2,Car,120.7,436.66,Inactive,2025-11-04
EV14866,Hyderabad,Level 2,Car,64.78,170.26,Active,2025-02-16
EV14867,Hyderabad,Fast,Car,176.69,496.61,Inactive,2025-05-30
EV14868,Calicut,DC Fast,Bus,91.48,319.52,Inactive,2025-09-03
EV14869,Chennai,Level 2,Car,205.04,334.99,Inactive,2025-06-23
EV14870,Delhi,DC Fast,Car,243.1,48.48,Inactive,2025-10-05
EV14871,Bengaluru,Slow,Bus,242.0,387.57,Inactive,2025-10-16
EV14872,Hyderabad,Fast,Car,214.64,341.81,Active,2025-11-10
EV14873,Bengaluru,Fast,Bike,14.4,456.45,Inactive,2025-09-14
EV14874,Bengaluru,Fast,Bus,73.83,305.46,Inactive,2025-07-03
EV14875,Kochi,Slow,Bus,102.24,448.52,Active,2025-03-19
EV14876,Calicut,DC Fast,Bus,80.67,227.17,Active,2025-07-30
EV14877,Chennai,Slow,Bike,204.07,72.54,Inactive,2025-09-26
EV14878,Bengaluru,Slow,Car,63.49,130.74,Active,2025-06-13
EV14879,Kochi,Slow,Bus,116.51,40.77,Inactive,2025-01-25
EV14880,Delhi,Level 2,Bus,10.73,395.25,Inactive,2025-05-23
EV14881,Kochi,Level 2,Bus,174.88,299.56,Active,2025-08-14
EV14882,Trivandrum,Fast,Car,70.39,97.41,Active,2025-05-06
EV14883,Kochi,Fast,Bus,123.08,79.11,Inactive,2025-04-15
EV14884,Chennai,DC Fast,Car,131.66,341.85,Inactive,2025-12-07
EV14885,Mumbai,Fast,Bike,102.97,257.35,Active,2025-07-04
EV14886,Bengaluru,Slow,Bike,141.01,269.91,Active,2025-02-14
EV14887,Hyderabad,Slow,Car,246.89,155.23,Active,2025-04-18
EV14888,Delhi,Slow,Car,53.41,120.37,Inactive,2025-04-12
EV14889,Calicut,Slow,Bus,195.19,368.8,Inactive,2025-02-04
EV14890,Delhi,Fast,Car,245.68,210.55,Active,2025-08-05
EV14891,Chennai,Slow,Bike,93.98,384.07,Inactive,2025-08-18
EV14892,Bengaluru,Level 2,Bus,247.88,486.05,Active,2025-10-23
EV14893,Calicut,Fast,Bike,84.88,196.43,Inactive,2025-08-13
EV14894,Mumbai,Slow,Bus,156.93,356.35,Active,2025-11-05
EV14895,Trivandrum,Slow,Bus,108.5,435.77,Inactive,2025-05-14
EV14896,Mumbai,Fast,Bike,15.42,238.68,Inactive,2025-09-25
EV14897,Kochi,Slow,Car,24.46,317.22,Inactive,2025-10-19
EV14898,Trivandrum,Fast,Bike,169.34,71.43,Inactive,2025-07-06
EV14899,Mumbai,DC Fast,Bus,232.19,41.3,Active,2025-03-04
EV14900,Kochi,Fast,Bike,187.31,396.97,Inactive,2025-01-22
EV14901,Delhi,Slow,Bike,95.78,269.99,Inactive,2025-01-23
EV14902,Bengaluru,Slow,Car,127.64,265.65,Inactive,2025-03-28
EV14903,Trivandrum,DC Fast,Bus,89.22,491.08,Active,2025-06-16
EV14904,Trivandrum,Level 2,Bus,237.78,51.53,Inactive,2025-11-04
EV14905,Hyderabad,Slow,Bike,131.68,419.76,Inactive,2025-06-05
EV14906,Hyderabad,Fast,Car,130.18,250.49,Active,2025-12-04
EV14907,Hyderabad,Fast,Bike,91.68,243.39,Inactive,2025-03-30
EV14908,Kochi,Level 2,Bike,172.19,129.61,Active,2025-06-07
EV14909,Bengaluru,Level 2,Bike,230.43,270.73,Active,2025-07-19
EV14910,Hyderabad,Slow,Bike,51.2,21.83,Inactive,2025-08-23
EV14911,Mumbai,Slow,Car,151.01,429.88,Active,2025-06-18
EV14912,Kochi,DC Fast,Car,158.49,236.88,Inactive,2025-08-16
EV14913,Trivandrum,Level 2,Bus,49.43,211.22,Inactive,2025-10-15
EV14914,Hyderabad,Slow,Bike,178.76,441.81,Inactive,2025-08-11
EV14915,Chennai,Level 2,Bus,246.78,464.35,Inactive,2025-03-04
EV14916,Calicut,Slow,Bike,101.11,183.26,Active,2025-07-14
EV14917,Bengaluru,Level 2,Car,60.27,212.07,Active,2025-01-07
EV14918,Mumbai,DC Fast,Car,31.73,140.19,Active,2025-02-06
EV14919,Chennai,Slow,Car,13.99,326.96,Active,2025-11-17
EV14920,Mumbai,Fast,Bus,248.71,444.1,Inactive,2025-05-04
EV14921,Chennai,Fast,Bike,133.76,158.87,Inactive,2025-10-21
EV14922,Mumbai,Level 2,Bike,233.71,268.14,Active,2025-10-09
EV14923,Kochi,Level 2,Car,76.6,427.24,Active,2025-07-17
EV14924,Hyderabad,Level 2,Bus,232.55,214.22,Inactive,2025-06-12
EV14925,Hyderabad,DC Fast,Bike,99.22,357.98,Active,2025-07-17
EV14926,Delhi,Slow,Bus,130.29,67.23,Inactive,2025-11-19
EV14927,Kochi,Fast,Car,10.49,480.42,Active,2025-05-01
EV14928,Calicut,Slow,Bus,222.33,118.94,Active,2025-03-02
EV14929,Bengaluru,Slow,Bike,111.63,200.77,Inactive,2025-03-22
EV14930,Trivandrum,Slow,Bike,110.64,111.76,Inactive,2025-05-11
EV14931,Trivandrum,Level 2,Bike,239.4,276.16,Inactive,2025-09-09
EV14932,Hyderabad,DC Fast,Bike,81.15,193.78,Active,2025-03-27
EV14933,Chennai,Level 2,Bike,141.53,458.25,Active,2025-09-02
EV14934,Delhi,Slow,Car,89.08,69.79,Inactive,2025-12-03
EV14935,Mumbai,Slow,Car,57.52,400.53,Inactive,2025-08-09
EV14936,Hyderabad,Level 2,Bus,10.06,177.11,Inactive,2025-09-24
EV14937,Bengaluru,Level 2,Bus,160.22,389.46,Inactive,2025-07-31
EV14938,Chennai,Slow,Bike,60.54,178.1,Active,2025-08-09
EV14939,Bengaluru,DC Fast,Car,175.19,27.28,Inactive,2025-05-08
EV14940,Chennai,Fast,Car,167.38,227.02,Active,2025-11-13
EV14941,Bengaluru,Level 2,Bike,229.16,495.13,Active,2025-10-31
EV14942,Calicut,DC Fast,Bus,226.51,352.84,Inactive,2025-05-26
EV14943,Trivandrum,Slow,Bus,240.66,320.44,Active,2025-06-06
EV14944,Kochi,Fast,Car,80.8,51.68,Inactive,2025-09-10
EV14945,Kochi,DC Fast,Bus,245.17,339.84,Inactive,2025-11-23
EV14946,Trivandrum,Level 2,Car,83.92,209.17,Inactive,2025-02-20
EV14947,Chennai,DC Fast,Car,130.33,83.14,Active,2025-06-16
EV14948,Bengaluru,Fast,Bike,108.84,323.85,Active,2025-04-15
EV14949,Calicut,Level 2,Car,130.55,336.59,Active,2025-06-07
EV14950,Bengaluru,Slow,Bus,177.15,262.66,Active,2025-08-22
EV14951,Kochi,Fast,Car,195.41,322.33,Active,2025-05-28
EV14952,Kochi,Slow,Car,43.9,342.88,Active,2025-03-25
EV14953,Trivandrum,Fast,Bike,32.46,494.6,Active,2025-12-06
EV14954,Kochi,Fast,Bike,214.19,93.64,Inactive,2025-05-18
EV14955,Hyderabad,DC Fast,Bus,67.53,282.94,Active,2025-04-04
EV14956,Mumbai,DC Fast,Car,60.24,408.92,Inactive,2025-03-28
EV14957,Calicut,Fast,Bus,35.36,295.13,Active,2025-06-14
EV14958,Mumbai,DC Fast,Bike,178.61,384.6,Active,2025-06-02
EV14959,Bengaluru,Slow,Bus,88.51,103.38,Inactive,2025-01-13
EV14960,Kochi,DC Fast,Car,249.46,300.01,Inactive,2025-01-19
EV14961,Trivandrum,Slow,Bike,88.09,425.81,Active,2025-03-24
EV14962,Mumbai,DC Fast,Bike,156.71,449.63,Inactive,2025-08-08
EV14963,Chennai,Slow,Car,154.19,157.43,Inactive,2025-04-22
EV14964,Trivandrum,Fast,Bus,230.83,68.43,Active,2025-05-02
EV14965,Hyderabad,DC Fast,Car,138.13,424.05,Inactive,2025-11-24
EV14966,Kochi,Level 2,Car,137.42,270.46,Active,2025-03-08
EV14967,Chennai,Level 2,Bike,26.01,405.72,Active,2025-01-23
EV14968,Bengaluru,DC Fast,Bus,58.19,191.61,Inactive,2025-08-01
EV14969,Mumbai,Level 2,Bus,230.27,460.43,Active,2025-05-31
EV14970,Delhi,Level 2,Car,65.82,122.33,Active,2025-07-23
EV14971,Delhi,Level 2,Bike,74.1,197.01,Active,2025-01-21
EV14972,Mumbai,Level 2,Car,27.78,388.48,Active,2025-06-01
EV14973,Chennai,Fast,Bike,224.54,295.76,Active,2025-12-11
EV14974,Chennai,Slow,Bus,69.13,115.41,Inactive,2025-09-03
EV14975,Chennai,DC Fast,Car,123.29,35.75,Active,2025-05-14
EV14976,Calicut,Slow,Car,219.61,159.63,Active,2025-06-11
EV14977,Chennai,Level 2,Car,114.0,399.65,Active,2025-04-24
EV14978,Trivandrum,Level 2,Bike,104.75,428.81,Active,2025-07-20
EV14979,Hyderabad,Level 2,Bus,102.74,85.16,Inactive,2025-08-09
EV14980,Mumbai,Fast,Car,106.61,487.73,Active,2025-01-22
EV14981,Kochi,DC Fast,Bike,185.57,61.93,Active,2025-04-24
EV14982,Delhi,Fast,Bike,220.92,333.39,Inactive,2025-12-15
EV14983,Mumbai,Slow,Car,149.06,192.3,Inactive,2025-02-14
EV14984,Hyderabad,Slow,Bus,131.45,122.97,Active,2025-04-28
EV14985,Trivandrum,DC Fast,Car,27.33,215.36,Active,2025-12-11
EV14986,Mumbai,Level 2,Bike,122.02,307.83,Inactive,2025-06-15
EV14987,Trivandrum,Level 2,Car,157.55,263.64,Inactive,2025-01-06
EV14988,Bengaluru,Fast,Bus,239.07,279.8,Active,2025-05-01
EV14989,Delhi,Slow,Car,214.57,499.58,Inactive,2025-10-09
EV14990,Delhi,Slow,Bike,145.93,117.68,Active,2025-09-28
EV14991,Delhi,Level 2,Bike,205.52,162.99,Inactive,2025-07-13
EV14992,Mumbai,Slow,Bus,27.45,107.83,Inactive,2025-05-02
EV14993,Calicut,Level 2,Bike,15.96,183.94,Inactive,2025-09-14
EV14994,Hyderabad,Slow,Bus,74.19,86.12,Inactive,2025-06-10
EV14995,Chennai,DC Fast,Car,106.02,327.72,Active,2025-06-08
EV14996,Calicut,Level 2,Car,126.08,179.27,Active,2025-12-16
EV14997,Trivandrum,Fast,Bus,47.2,377.78,Inactive,2025-05-14
EV14998,Hyderabad,Slow,Car,172.31,167.83,Inactive,2025-09-04
EV14999,Chennai,Fast,Bike,16.55,250.91,Inactive,2025-07-17
EV15000,Calicut,Level 2,Bus,117.57,394.14,Inactive,2025-08-06
